id_registro,id_objeto,fuente,institucion,imagen_local,titulo_original,titulo_es_sugerido,descripcion_oficial,cultura,periodo,fecha_objeto,procedencia,tipo_objeto,tipo_superficie,corpus_analisis,motivo_superficie,material,material_normalizado,tecnica,colores,color_dominante,contraste,densidad_visual,motivos,familia_iconografica,simetria,composicion,descripcion,licencia,estado_metadata,estado_anotacion,observaciones,decision_filtro,puntaje_filtro,motivo_filtrado,fecha_descarga,fecha_anotacion,posible_duplicado_suave,motivo_corpus_secundario,origen_curacion,destino_curacion_final,clasificacion_original,nombre_objeto_original,material_original,url_objeto,url_imagen,categoria_revision_v2,motivo_revision_v2,decision_sugerida,decision_auditoria,motivo_auditoria,observacion_auditoria,decision_curacion_final,motivo_curacion_final
MET-312677,312677,met,The Metropolitan Museum of Art,outputs/samples/met_textiles_aceptados_preliminar/met_textil_312677.jpg,Feathered panel,Panel textil,"Título oficial: Feathered panel. Cultura registrada: Wari. Fecha del objeto: 650–1000 CE. Material registrado: Feathers, cotton, camelid fiber. Clasificación museográfica: Textiles-Featherwork. Dimensiones: H. 29 × W. 83 7/8 in. (73.66 × 213.04 cm).",Wari,,650–1000 CE,Peru; South Coast,panel_textil,materialidad_plumas,corpus_secundario_featherwork,"superficie amplia o composición visual útil detectada: ['panel', 'featherwork']","Feathers, cotton, camelid fiber",algodón; fibra de camélido; fibra textil; plumas,trabajo con plumas,,,,,,,,,"Título oficial: Feathered panel. Cultura registrada: Wari. Fecha del objeto: 650–1000 CE. Material registrado: Feathers, cotton, camelid fiber. Clasificación museográfica: Textiles-Featherwork. Dimensiones: H. 29 × W. 83 7/8 in. (73.66 × 213.04 cm).",Dominio público / Open Access según metadata de The Met,parcial,sin_anotar,,aceptar,11.0,"clasificación contiene evidencia textil: ['textile', 'textiles'] | material contiene fibras o soporte textil: ['cotton', 'camelid', 'fiber'] | título contiene términos débiles asociados a fragmentos o paneles: ['panel'] | evidencia cultural/geográfica andina: ['peru', 'wari']",2026-06-15,,False,materialidad de plumas / featherwork separada del corpus principal inicial,corpus_complementario_preliminar,corpus_secundario,,,,https://www.metmuseum.org/art/collection/search/312677,https://images.metmuseum.org/CRDImages/ao/original/DP-15008-008.jpg,,,,,,,,
MET-307977,307977,met,The Metropolitan Museum of Art,outputs/samples/met_textiles_aceptados_preliminar/met_textil_307977.jpg,Feathered Tunic,Túnica textil,"Título oficial: Feathered Tunic. Cultura registrada: Chimú. Fecha del objeto: 1200 – 1400 CE. Material registrado: Cotton, feathers. Clasificación museográfica: Feathers-Costumes. Dimensiones: W. 30 x H. 35 in. (76.2 x 88.9 cm).",Chimú,,1200 – 1400 CE,Peru,tunica,materialidad_plumas,corpus_secundario_featherwork,superficie amplia o composición visual útil detectada: ['tunic'],"Cotton, feathers",algodón; plumas,trabajo con plumas,,,,,,,,,"Título oficial: Feathered Tunic. Cultura registrada: Chimú. Fecha del objeto: 1200 – 1400 CE. Material registrado: Cotton, feathers. Clasificación museográfica: Feathers-Costumes. Dimensiones: W. 30 x H. 35 in. (76.2 x 88.9 cm).",Dominio público / Open Access según metadata de The Met,parcial,sin_anotar,,aceptar,12.0,"nombre de objeto contiene términos textiles: ['tunic'] | material contiene fibras o soporte textil: ['cotton'] | título contiene términos textiles: ['tunic'] | evidencia cultural/geográfica andina: ['peru', 'chimú', 'chimu']",2026-06-15,,True,materialidad de plumas / featherwork separada del corpus principal inicial,corpus_complementario_preliminar,corpus_secundario,,,,https://www.metmuseum.org/art/collection/search/307977,https://images.metmuseum.org/CRDImages/ao/original/DP158699.jpg,,,,,,,,
MET-312676,312676,met,The Metropolitan Museum of Art,outputs/samples/met_textiles_aceptados_preliminar/met_textil_312676.jpg,Feathered Panel,Panel textil,"Título oficial: Feathered Panel. Cultura registrada: Wari. Fecha del objeto: 600–900 CE. Material registrado: Feathers, cotton, camelid hair. Clasificación museográfica: Textiles-Featherwork. Dimensiones: H. 27 1/2 x W. 83 1/2 x D. 3 1/4 in. (69.9 x 212.1 x 8.3 cm).",Wari,,600–900 CE,Peru; South Coast,panel_textil,materialidad_plumas,corpus_secundario_featherwork,"superficie amplia o composición visual útil detectada: ['panel', 'featherwork']","Feathers, cotton, camelid hair",algodón; fibra de camélido; plumas,trabajo con plumas,,,,,,,,,"Título oficial: Feathered Panel. Cultura registrada: Wari. Fecha del objeto: 600–900 CE. Material registrado: Feathers, cotton, camelid hair. Clasificación museográfica: Textiles-Featherwork. Dimensiones: H. 27 1/2 x W. 83 1/2 x D. 3 1/4 in. (69.9 x 212.1 x 8.3 cm).",Dominio público / Open Access según metadata de The Met,parcial,sin_anotar,,aceptar,11.0,"clasificación contiene evidencia textil: ['textile', 'textiles'] | material contiene fibras o soporte textil: ['cotton', 'camelid'] | título contiene términos débiles asociados a fragmentos o paneles: ['panel'] | evidencia cultural/geográfica andina: ['peru', 'wari']",2026-06-15,,False,materialidad de plumas / featherwork separada del corpus principal inicial,corpus_complementario_preliminar,corpus_secundario,,,,https://www.metmuseum.org/art/collection/search/312676,https://images.metmuseum.org/CRDImages/ao/original/DP-15008-005.jpg,,,,,,,,
MET-312683,312683,met,The Metropolitan Museum of Art,outputs/samples/met_textiles_aceptados_preliminar/met_textil_312683.jpg,Feathered Panel,Panel textil,"Título oficial: Feathered Panel. Cultura registrada: Wari. Fecha del objeto: 600–900 CE. Material registrado: Feathers on cotton, camelid hair. Clasificación museográfica: Textiles-Featherwork. Dimensiones: H. 29 × W. 84 in. (73.66 × 213.36 cm).",Wari,,600–900 CE,Peru; South Coast,panel_textil,materialidad_plumas,corpus_secundario_featherwork,"superficie amplia o composición visual útil detectada: ['panel', 'featherwork']","Feathers on cotton, camelid hair",algodón; fibra de camélido; plumas,trabajo con plumas,,,,,,,,,"Título oficial: Feathered Panel. Cultura registrada: Wari. Fecha del objeto: 600–900 CE. Material registrado: Feathers on cotton, camelid hair. Clasificación museográfica: Textiles-Featherwork. Dimensiones: H. 29 × W. 84 in. (73.66 × 213.36 cm).",Dominio público / Open Access según metadata de The Met,parcial,sin_anotar,,aceptar,11.0,"clasificación contiene evidencia textil: ['textile', 'textiles'] | material contiene fibras o soporte textil: ['cotton', 'camelid'] | título contiene términos débiles asociados a fragmentos o paneles: ['panel'] | evidencia cultural/geográfica andina: ['peru', 'wari']",2026-06-15,,True,materialidad de plumas / featherwork separada del corpus principal inicial,corpus_complementario_preliminar,corpus_secundario,,,,https://www.metmuseum.org/art/collection/search/312683,https://images.metmuseum.org/CRDImages/ao/original/DP-15008-009.jpg,,,,,,,,
MET-312678,312678,met,The Metropolitan Museum of Art,outputs/samples/met_textiles_aceptados_preliminar/met_textil_312678.jpg,Feathered Panel,Panel textil,"Título oficial: Feathered Panel. Cultura registrada: Wari. Fecha del objeto: 600–900 CE. Material registrado: Feathers on cotton, camelid hair. Clasificación museográfica: Textiles-Featherwork. Dimensiones: H. 33 1/8 × W. 87 1/2 in. (84.14 × 222.25 cm).",Wari,,600–900 CE,Peru; South Coast,panel_textil,materialidad_plumas,corpus_secundario_featherwork,"superficie amplia o composición visual útil detectada: ['panel', 'featherwork']","Feathers on cotton, camelid hair",algodón; fibra de camélido; plumas,trabajo con plumas,,,,,,,,,"Título oficial: Feathered Panel. Cultura registrada: Wari. Fecha del objeto: 600–900 CE. Material registrado: Feathers on cotton, camelid hair. Clasificación museográfica: Textiles-Featherwork. Dimensiones: H. 33 1/8 × W. 87 1/2 in. (84.14 × 222.25 cm).",Dominio público / Open Access según metadata de The Met,parcial,sin_anotar,,aceptar,11.0,"clasificación contiene evidencia textil: ['textile', 'textiles'] | material contiene fibras o soporte textil: ['cotton', 'camelid'] | título contiene términos débiles asociados a fragmentos o paneles: ['panel'] | evidencia cultural/geográfica andina: ['peru', 'wari']",2026-06-15,,True,materialidad de plumas / featherwork separada del corpus principal inicial,corpus_complementario_preliminar,corpus_secundario,,,,https://www.metmuseum.org/art/collection/search/312678,https://images.metmuseum.org/CRDImages/ao/original/DP-15008-013.jpg,,,,,,,,
MET-312680,312680,met,The Metropolitan Museum of Art,outputs/samples/met_textiles_aceptados_preliminar/met_textil_312680.jpg,Feathered Panel,Panel textil,"Título oficial: Feathered Panel. Cultura registrada: Wari. Fecha del objeto: 600–900 CE. Material registrado: Feathers on cotton, camelid hair. Clasificación museográfica: Textiles-Featherwork. Dimensiones: H. 29 1/4 × W. 83 5/8 in. (74.3 × 212.41 cm).",Wari,,600–900 CE,Peru; South Coast,panel_textil,materialidad_plumas,corpus_secundario_featherwork,"superficie amplia o composición visual útil detectada: ['panel', 'featherwork']","Feathers on cotton, camelid hair",algodón; fibra de camélido; plumas,trabajo con plumas,,,,,,,,,"Título oficial: Feathered Panel. Cultura registrada: Wari. Fecha del objeto: 600–900 CE. Material registrado: Feathers on cotton, camelid hair. Clasificación museográfica: Textiles-Featherwork. Dimensiones: H. 29 1/4 × W. 83 5/8 in. (74.3 × 212.41 cm).",Dominio público / Open Access según metadata de The Met,parcial,sin_anotar,,aceptar,11.0,"clasificación contiene evidencia textil: ['textile', 'textiles'] | material contiene fibras o soporte textil: ['cotton', 'camelid'] | título contiene términos débiles asociados a fragmentos o paneles: ['panel'] | evidencia cultural/geográfica andina: ['peru', 'wari']",2026-06-15,,True,materialidad de plumas / featherwork separada del corpus principal inicial,corpus_complementario_preliminar,corpus_secundario,,,,https://www.metmuseum.org/art/collection/search/312680,https://images.metmuseum.org/CRDImages/ao/original/DP-15008-006.jpg,,,,,,,,
MET-312681,312681,met,The Metropolitan Museum of Art,outputs/samples/met_textiles_aceptados_preliminar/met_textil_312681.jpg,Feathered Panel,Panel textil,"Título oficial: Feathered Panel. Cultura registrada: Wari. Fecha del objeto: 600–900 CE. Material registrado: Feathers on cotton, camelid hair. Clasificación museográfica: Textiles-Featherwork. Dimensiones: H. 28 3/4 × W. 83 1/2 in. (73.03 × 212.09 cm).",Wari,,600–900 CE,Peru; South Coast,panel_textil,materialidad_plumas,corpus_secundario_featherwork,"superficie amplia o composición visual útil detectada: ['panel', 'featherwork']","Feathers on cotton, camelid hair",algodón; fibra de camélido; plumas,trabajo con plumas,,,,,,,,,"Título oficial: Feathered Panel. Cultura registrada: Wari. Fecha del objeto: 600–900 CE. Material registrado: Feathers on cotton, camelid hair. Clasificación museográfica: Textiles-Featherwork. Dimensiones: H. 28 3/4 × W. 83 1/2 in. (73.03 × 212.09 cm).",Dominio público / Open Access según metadata de The Met,parcial,sin_anotar,,aceptar,11.0,"clasificación contiene evidencia textil: ['textile', 'textiles'] | material contiene fibras o soporte textil: ['cotton', 'camelid'] | título contiene términos débiles asociados a fragmentos o paneles: ['panel'] | evidencia cultural/geográfica andina: ['peru', 'wari']",2026-06-15,,True,materialidad de plumas / featherwork separada del corpus principal inicial,corpus_complementario_preliminar,corpus_secundario,,,,https://www.metmuseum.org/art/collection/search/312681,https://images.metmuseum.org/CRDImages/ao/original/DP-15008-007.jpg,,,,,,,,
MET-312679,312679,met,The Metropolitan Museum of Art,outputs/samples/met_textiles_aceptados_preliminar/met_textil_312679.jpg,Feathered Panel,Panel textil,"Título oficial: Feathered Panel. Cultura registrada: Wari. Fecha del objeto: 600–900 CE. Material registrado: Feathers on cotton, camelid hair. Clasificación museográfica: Textiles-Featherwork. Dimensiones: H. 31 1/2 x W. 85 1/4 in. (80 x 216.5 cm).",Wari,,600–900 CE,Peru; South Coast,panel_textil,materialidad_plumas,corpus_secundario_featherwork,"superficie amplia o composición visual útil detectada: ['panel', 'featherwork']","Feathers on cotton, camelid hair",algodón; fibra de camélido; plumas,trabajo con plumas,,,,,,,,,"Título oficial: Feathered Panel. Cultura registrada: Wari. Fecha del objeto: 600–900 CE. Material registrado: Feathers on cotton, camelid hair. Clasificación museográfica: Textiles-Featherwork. Dimensiones: H. 31 1/2 x W. 85 1/4 in. (80 x 216.5 cm).",Dominio público / Open Access según metadata de The Met,parcial,sin_anotar,,aceptar,11.0,"clasificación contiene evidencia textil: ['textile', 'textiles'] | material contiene fibras o soporte textil: ['cotton', 'camelid'] | título contiene términos débiles asociados a fragmentos o paneles: ['panel'] | evidencia cultural/geográfica andina: ['peru', 'wari']",2026-06-15,,True,materialidad de plumas / featherwork separada del corpus principal inicial,corpus_complementario_preliminar,corpus_secundario,,,,https://www.metmuseum.org/art/collection/search/312679,https://images.metmuseum.org/CRDImages/ao/original/DP-15008-012.jpg,,,,,,,,
MET-312674,312674,met,The Metropolitan Museum of Art,outputs/samples/met_textiles_aceptados_preliminar/met_textil_312674.jpg,Feathered Panel,Panel textil,"Título oficial: Feathered Panel. Cultura registrada: Wari. Fecha del objeto: 600–900 CE. Material registrado: Feathers on cotton, camelid fiber. Clasificación museográfica: Textiles-Featherwork. Dimensiones: H. 33 3/4 × W. 6 in. (85.73 × 218.44 cm).",Wari,,600–900 CE,Peru; South Coast,panel_textil,materialidad_plumas,corpus_secundario_featherwork,"superficie amplia o composición visual útil detectada: ['panel', 'featherwork']","Feathers on cotton, camelid fiber",algodón; fibra de camélido; fibra textil; plumas,trabajo con plumas,,,,,,,,,"Título oficial: Feathered Panel. Cultura registrada: Wari. Fecha del objeto: 600–900 CE. Material registrado: Feathers on cotton, camelid fiber. Clasificación museográfica: Textiles-Featherwork. Dimensiones: H. 33 3/4 × W. 6 in. (85.73 × 218.44 cm).",Dominio público / Open Access según metadata de The Met,parcial,sin_anotar,,aceptar,11.0,"clasificación contiene evidencia textil: ['textile', 'textiles'] | material contiene fibras o soporte textil: ['cotton', 'camelid', 'fiber'] | título contiene términos débiles asociados a fragmentos o paneles: ['panel'] | evidencia cultural/geográfica andina: ['peru', 'wari']",2026-06-15,,False,materialidad de plumas / featherwork separada del corpus principal inicial,corpus_complementario_preliminar,corpus_secundario,,,,https://www.metmuseum.org/art/collection/search/312674,https://images.metmuseum.org/CRDImages/ao/original/DP-15008-011.jpg,,,,,,,,
MET-312682,312682,met,The Metropolitan Museum of Art,outputs/samples/met_textiles_aceptados_preliminar/met_textil_312682.jpg,Feathered Panel,Panel textil,"Título oficial: Feathered Panel. Cultura registrada: Wari. Fecha del objeto: 600–900 CE. Material registrado: Feathers on cotton, camelid hair. Clasificación museográfica: Textiles-Featherwork. Dimensiones: H. 28 1/2 × W. 83 1/4 in. (72.39 × 211.46 cm).",Wari,,600–900 CE,Peru; South Coast,panel_textil,materialidad_plumas,corpus_secundario_featherwork,"superficie amplia o composición visual útil detectada: ['panel', 'featherwork']","Feathers on cotton, camelid hair",algodón; fibra de camélido; plumas,trabajo con plumas,,,,,,,,,"Título oficial: Feathered Panel. Cultura registrada: Wari. Fecha del objeto: 600–900 CE. Material registrado: Feathers on cotton, camelid hair. Clasificación museográfica: Textiles-Featherwork. Dimensiones: H. 28 1/2 × W. 83 1/4 in. (72.39 × 211.46 cm).",Dominio público / Open Access según metadata de The Met,parcial,sin_anotar,,aceptar,11.0,"clasificación contiene evidencia textil: ['textile', 'textiles'] | material contiene fibras o soporte textil: ['cotton', 'camelid'] | título contiene términos débiles asociados a fragmentos o paneles: ['panel'] | evidencia cultural/geográfica andina: ['peru', 'wari']",2026-06-15,,True,materialidad de plumas / featherwork separada del corpus principal inicial,corpus_complementario_preliminar,corpus_secundario,,,,https://www.metmuseum.org/art/collection/search/312682,https://images.metmuseum.org/CRDImages/ao/original/DP-15008-010.jpg,,,,,,,,
MET-318529,318529,met,The Metropolitan Museum of Art,outputs/samples/met_textiles_aceptados_preliminar/met_textil_318529.jpg,Tunic,Túnica textil,"Título oficial: Tunic. Cultura registrada: Arica(?). Fecha del objeto: 15th–early 16th century. Material registrado: Camelid hair, feathers. Clasificación museográfica: Textiles-Woven. Dimensiones: H. 35-1/4 x W. 54 1/2 in..",Arica(?),,15th–early 16th century,Chile,tunica,materialidad_plumas,corpus_secundario_featherwork,superficie amplia o composición visual útil detectada: ['tunic'],"Camelid hair, feathers",fibra de camélido; plumas,tejido; trabajo con plumas,,,,,,,,,"Título oficial: Tunic. Cultura registrada: Arica(?). Fecha del objeto: 15th–early 16th century. Material registrado: Camelid hair, feathers. Clasificación museográfica: Textiles-Woven. Dimensiones: H. 35-1/4 x W. 54 1/2 in..",Dominio público / Open Access según metadata de The Met,parcial,sin_anotar,,aceptar,16.0,"clasificación contiene evidencia textil: ['textile', 'textiles'] | nombre de objeto contiene términos textiles: ['tunic'] | material contiene fibras o soporte textil: ['camelid'] | título contiene términos textiles: ['tunic']",2026-06-15,,False,materialidad de plumas / featherwork separada del corpus principal inicial,corpus_complementario_preliminar,corpus_secundario,,,,https://www.metmuseum.org/art/collection/search/318529,https://images.metmuseum.org/CRDImages/ao/original/DP-28476-001.jpg,,,,,,,,
MET-312826,312826,met,The Metropolitan Museum of Art,outputs/samples/met_textiles_aceptados_preliminar/met_textil_312826.jpg,Miniature Dress,Objeto textil,"Título oficial: Miniature Dress. Cultura registrada: Ica. Fecha del objeto: 12th–13th century. Material registrado: Cotton, feathers. Clasificación museográfica: Textiles-Featherwork. Dimensiones: H. 8 3/4 × W. 8 5/8 in. (22.2 × 21.9 cm).",Ica,,12th–13th century,Peru; Ica Valley,vestimenta_textil,materialidad_plumas,corpus_secundario_featherwork,"superficie amplia o composición visual útil detectada: ['dress', 'miniature dress', 'featherwork']","Cotton, feathers",algodón; plumas,trabajo con plumas,,,,,,,,,"Título oficial: Miniature Dress. Cultura registrada: Ica. Fecha del objeto: 12th–13th century. Material registrado: Cotton, feathers. Clasificación museográfica: Textiles-Featherwork. Dimensiones: H. 8 3/4 × W. 8 5/8 in. (22.2 × 21.9 cm).",Dominio público / Open Access según metadata de The Met,parcial,sin_anotar,,aceptar,10.0,"clasificación contiene evidencia textil: ['textile', 'textiles'] | material contiene fibras o soporte textil: ['cotton'] | evidencia cultural/geográfica andina: ['peru']",2026-06-15,,False,materialidad de plumas / featherwork separada del corpus principal inicial,corpus_complementario_preliminar,corpus_secundario,,,,https://www.metmuseum.org/art/collection/search/312826,https://images.metmuseum.org/CRDImages/ao/original/DP-28477-001.jpg,,,,,,,,
MET-308402,308402,met,The Metropolitan Museum of Art,outputs/samples/met_textiles_aceptados_preliminar/met_textil_308402.jpg,Feathered Tunic,Túnica textil,"Título oficial: Feathered Tunic. Cultura registrada: Chimú. Fecha del objeto: 1400 - 1700 CE. Material registrado: Cotton, feathers. Clasificación museográfica: Feathers-Containers. Dimensiones: H. 27 1/2 × W. 27 in. (69.9 × 68.6 cm).",Chimú,,1400 - 1700 CE,Peru,tunica,materialidad_plumas,corpus_secundario_featherwork,superficie amplia o composición visual útil detectada: ['tunic'],"Cotton, feathers",algodón; plumas,trabajo con plumas,,,,,,,,,"Título oficial: Feathered Tunic. Cultura registrada: Chimú. Fecha del objeto: 1400 - 1700 CE. Material registrado: Cotton, feathers. Clasificación museográfica: Feathers-Containers. Dimensiones: H. 27 1/2 × W. 27 in. (69.9 × 68.6 cm).",Dominio público / Open Access según metadata de The Met,parcial,sin_anotar,,aceptar,12.0,"nombre de objeto contiene términos textiles: ['tunic'] | material contiene fibras o soporte textil: ['cotton'] | título contiene términos textiles: ['tunic'] | evidencia cultural/geográfica andina: ['peru', 'chimú', 'chimu']",2026-06-15,,True,materialidad de plumas / featherwork separada del corpus principal inicial,corpus_complementario_preliminar,corpus_secundario,,,,https://www.metmuseum.org/art/collection/search/308402,https://images.metmuseum.org/CRDImages/ao/original/DP214978.jpg,,,,,,,,
MET-316926,316926,met,The Metropolitan Museum of Art,outputs/samples/met_textiles_aceptados_preliminar/met_textil_316926.jpg,Feathered Bag,Bolsa textil,"Título oficial: Feathered Bag. Cultura registrada: Inca. Fecha del objeto: 15th–early 16th century. Material registrado: Cotton, feathers. Clasificación museográfica: Textiles-Featherwork. Dimensiones: H. 6 x W. 4 3/4 x D. 2 in. (15.2 x 12.1 x 5.1 cm).",Inca,,15th–early 16th century,Peru,bolso_textil,materialidad_plumas,corpus_secundario_featherwork,"superficie amplia o composición visual útil detectada: ['bag', 'featherwork']","Cotton, feathers",algodón; plumas,trabajo con plumas,,,,,,,,,"Título oficial: Feathered Bag. Cultura registrada: Inca. Fecha del objeto: 15th–early 16th century. Material registrado: Cotton, feathers. Clasificación museográfica: Textiles-Featherwork. Dimensiones: H. 6 x W. 4 3/4 x D. 2 in. (15.2 x 12.1 x 5.1 cm).",Dominio público / Open Access según metadata de The Met,parcial,sin_anotar,,aceptar,17.0,"clasificación contiene evidencia textil: ['textile', 'textiles'] | nombre de objeto contiene términos textiles: ['bag'] | material contiene fibras o soporte textil: ['cotton'] | título contiene términos textiles: ['bag'] | evidencia cultural/geográfica andina: ['peru', 'inca']",2026-06-15,,False,materialidad de plumas / featherwork separada del corpus principal inicial,corpus_complementario_preliminar,corpus_secundario,,,,https://www.metmuseum.org/art/collection/search/316926,https://images.metmuseum.org/CRDImages/ao/original/DP158704.jpg,,,,,,,,
MET-316822,316822,met,The Metropolitan Museum of Art,outputs/samples/met_textiles_aceptados_preliminar/met_textil_316822.jpg,Feathered Tunic,Túnica textil,"Título oficial: Feathered Tunic. Cultura registrada: Inca. Fecha del objeto: 15th–early 16th century. Material registrado: Cotton, feathers. Clasificación museográfica: Textiles-Featherwork. Dimensiones: H. 42 in. × W. 28 1/2 in. (106.7 × 72.4 cm).",Inca,,15th–early 16th century,Peru,tunica,materialidad_plumas,corpus_secundario_featherwork,"superficie amplia o composición visual útil detectada: ['tunic', 'featherwork']","Cotton, feathers",algodón; plumas,trabajo con plumas,,,,,,,,,"Título oficial: Feathered Tunic. Cultura registrada: Inca. Fecha del objeto: 15th–early 16th century. Material registrado: Cotton, feathers. Clasificación museográfica: Textiles-Featherwork. Dimensiones: H. 42 in. × W. 28 1/2 in. (106.7 × 72.4 cm).",Dominio público / Open Access según metadata de The Met,parcial,sin_anotar,,aceptar,17.0,"clasificación contiene evidencia textil: ['textile', 'textiles'] | nombre de objeto contiene términos textiles: ['tunic'] | material contiene fibras o soporte textil: ['cotton'] | título contiene términos textiles: ['tunic'] | evidencia cultural/geográfica andina: ['peru', 'inca']",2026-06-15,,False,materialidad de plumas / featherwork separada del corpus principal inicial,corpus_complementario_preliminar,corpus_secundario,,,,https://www.metmuseum.org/art/collection/search/316822,https://images.metmuseum.org/CRDImages/ao/original/lb1993_474.jpg,,,,,,,,
,314894,,,,Square Cloth with Feathered Border,,,Chimú,,,,,,,,,,,,,,,,,,,,Dominio público / Open Access según metadata de The Met,,,,,,,,,,,auditoria_aceptados_no_piloto,corpus_secundario,Textiles-Featherwork,Panel,"Feathers, camelid hair, cotton, wool",https://www.metmuseum.org/art/collection/search/314894,https://images.metmuseum.org/CRDImages/ao/original/DP230211.jpg,secundario_featherwork,textil con plumas; conservar en corpus secundario,pasar_a_corpus_secundario,pasar_a_corpus_secundario,faja_o_banda_util_secundario,,pasar_a_corpus_secundario,faja_o_banda_util_secundario
,316943,,,,Feathered Band,,,Peruvian,,,,,,,,,,,,,,,,,,,,Dominio público / Open Access según metadata de The Met,,,,,,,,,,,auditoria_aceptados_no_piloto,corpus_secundario,Textiles-Featherwork,Band,"Cotton, feathers",https://www.metmuseum.org/art/collection/search/316943,https://images.metmuseum.org/CRDImages/ao/original/DP18599.jpg,secundario_featherwork,textil con plumas; conservar en corpus secundario,pasar_a_corpus_secundario,pasar_a_corpus_secundario,faja_o_banda_util_secundario,,pasar_a_corpus_secundario,faja_o_banda_util_secundario
,316961,,,,Feathered Cap,,,Peruvian,,,,,,,,,,,,,,,,,,,,Dominio público / Open Access según metadata de The Met,,,,,,,,,,,auditoria_aceptados_no_piloto,corpus_secundario,Textiles-Featherwork,Hat,"Camelid hair, feathers",https://www.metmuseum.org/art/collection/search/316961,https://images.metmuseum.org/CRDImages/ao/original/DP-30088-001.jpg,secundario_featherwork,textil con plumas; conservar en corpus secundario,pasar_a_corpus_secundario,pasar_a_corpus_secundario,faja_o_banda_util_secundario,,pasar_a_corpus_secundario,faja_o_banda_util_secundario
,308287,,,,Tabard,,,Chimú,,,,,,,,,,,,,,,,,,,,Dominio público / Open Access según metadata de The Met,,,,,,,,,,,auditoria_aceptados_no_piloto,corpus_secundario,Feathers-Costumes,Tabard,"Cotton, feathers, plant fiber",https://www.metmuseum.org/art/collection/search/308287,https://images.metmuseum.org/CRDImages/ao/original/DP-41559-001.jpg,secundario_featherwork,textil con plumas; conservar en corpus secundario,pasar_a_corpus_secundario,pasar_a_corpus_secundario,patron_geometrico_legible,,pasar_a_corpus_secundario,patron_geometrico_legible
,314616,,,,Woven Sling Shot,,,Inca,,,,,,,,,,,,,,,,,,,,Dominio público / Open Access según metadata de The Met,,,,,,,,,,,auditoria_aceptados_no_piloto,corpus_secundario,Textiles-Woven,Sling shot,Camelid hair,https://www.metmuseum.org/art/collection/search/314616,https://images.metmuseum.org/CRDImages/ao/original/250582.jpg,secundario_artefacto_textil,artefacto textil funcional; conservar como secundario o revisar aparte,pasar_a_corpus_secundario,pasar_a_corpus_secundario,faja_o_banda_util_secundario,,pasar_a_corpus_secundario,faja_o_banda_util_secundario
,316928,,,,Sling,,,Inca (?),,,,,,,,,,,,,,,,,,,,Dominio público / Open Access según metadata de The Met,,,,,,,,,,,auditoria_aceptados_no_piloto,corpus_secundario,Textiles-Woven,Sling,Camelid hair,https://www.metmuseum.org/art/collection/search/316928,https://images.metmuseum.org/CRDImages/ao/original/vs1994.35.103a.jpg,secundario_artefacto_textil,artefacto textil funcional; conservar como secundario o revisar aparte,pasar_a_corpus_secundario,pasar_a_corpus_secundario,faja_o_banda_util_secundario,,pasar_a_corpus_secundario,faja_o_banda_util_secundario
,314617,,,,Woven Sling Shot,,,Inca,,,,,,,,,,,,,,,,,,,,Dominio público / Open Access según metadata de The Met,,,,,,,,,,,auditoria_aceptados_no_piloto,corpus_secundario,Textiles-Woven,Sling shot,Camelid hair,https://www.metmuseum.org/art/collection/search/314617,https://images.metmuseum.org/CRDImages/ao/original/250583.jpg,secundario_artefacto_textil,artefacto textil funcional; conservar como secundario o revisar aparte,pasar_a_corpus_secundario,pasar_a_corpus_secundario,faja_o_banda_util_secundario,,pasar_a_corpus_secundario,faja_o_banda_util_secundario
,314615,,,,Woven Sling Shot,,,Inca,,,,,,,,,,,,,,,,,,,,Dominio público / Open Access según metadata de The Met,,,,,,,,,,,auditoria_aceptados_no_piloto,corpus_secundario,Textiles-Woven,Sling shot,Camelid hair,https://www.metmuseum.org/art/collection/search/314615,https://images.metmuseum.org/CRDImages/ao/original/250581.jpg,secundario_artefacto_textil,artefacto textil funcional; conservar como secundario o revisar aparte,pasar_a_corpus_secundario,pasar_a_corpus_secundario,faja_o_banda_util_secundario,,pasar_a_corpus_secundario,faja_o_banda_util_secundario
,315773,,,,Sling Shot,,,Inca,,,,,,,,,,,,,,,,,,,,Dominio público / Open Access según metadata de The Met,,,,,,,,,,,auditoria_aceptados_no_piloto,corpus_secundario,Textiles-Woven,Sling shot,Camelid hair,https://www.metmuseum.org/art/collection/search/315773,https://images.metmuseum.org/CRDImages/ao/original/250471.jpg,secundario_artefacto_textil,artefacto textil funcional; conservar como secundario o revisar aparte,pasar_a_corpus_secundario,pasar_a_corpus_secundario,faja_o_banda_util_secundario,,pasar_a_corpus_secundario,faja_o_banda_util_secundario
,319523,,,,Tunic Panel,,,Nasca,,,,,,,,,,,,,,,,,,,,Dominio público / Open Access según metadata de The Met,,,,,,,,,,,auditoria_aceptados_no_piloto,corpus_secundario,Textiles-Featherwork,Tunic panel,"Cotton, feathers",https://www.metmuseum.org/art/collection/search/319523,https://images.metmuseum.org/CRDImages/ao/original/hzTR554_2004.jpg,secundario_featherwork,textil con plumas; conservar en corpus secundario,pasar_a_corpus_secundario,pasar_a_corpus_secundario,patron_geometrico_legible,,pasar_a_corpus_secundario,patron_geometrico_legible
,316983,,,,Four-Cornered Hat,,,Tiwanaku,,,,,,,,,,,,,,,,,,,,Dominio público / Open Access según metadata de The Met,,,,,,,,,,,auditoria_aceptados_no_piloto,corpus_secundario,Textiles-Costumes,Hat,Camelid hair,https://www.metmuseum.org/art/collection/search/316983,https://images.metmuseum.org/CRDImages/ao/original/DP-29592-001.jpg,revision_prenda_iconografica_prioritaria,prenda Wari/Tiwanaku con posible valor iconográfico,revisar_para_corpus_principal_o_secundario,pasar_a_corpus_secundario,prenda_tridimensional_util,,pasar_a_corpus_secundario,prenda_tridimensional_util
,316981,,,,Four-Cornered Hat,,,Tiwanaku,,,,,,,,,,,,,,,,,,,,Dominio público / Open Access según metadata de The Met,,,,,,,,,,,auditoria_aceptados_no_piloto,corpus_secundario,Textiles-Costumes,Hat,Camelid hair,https://www.metmuseum.org/art/collection/search/316981,https://images.metmuseum.org/CRDImages/ao/original/DP-29590-001.jpg,revision_prenda_iconografica_prioritaria,prenda Wari/Tiwanaku con posible valor iconográfico,revisar_para_corpus_principal_o_secundario,pasar_a_corpus_secundario,prenda_tridimensional_util,,pasar_a_corpus_secundario,prenda_tridimensional_util
,316342,,,,Four-Cornered Hat,,,Wari,,,,,,,,,,,,,,,,,,,,Dominio público / Open Access según metadata de The Met,,,,,,,,,,,auditoria_aceptados_no_piloto,corpus_secundario,Textiles-Costumes,Hat,Camelid hair,https://www.metmuseum.org/art/collection/search/316342,https://images.metmuseum.org/CRDImages/ao/original/DP-29624-001.jpg,revision_prenda_iconografica_prioritaria,prenda Wari/Tiwanaku con posible valor iconográfico,revisar_para_corpus_principal_o_secundario,pasar_a_corpus_secundario,prenda_tridimensional_util,,pasar_a_corpus_secundario,prenda_tridimensional_util
,316727,,,,Four-Cornered Hat,,,Wari,,,,,,,,,,,,,,,,,,,,Dominio público / Open Access según metadata de The Met,,,,,,,,,,,auditoria_aceptados_no_piloto,corpus_secundario,Textiles-Costumes,Hat,Camelid hair,https://www.metmuseum.org/art/collection/search/316727,https://images.metmuseum.org/CRDImages/ao/original/DP-29608-001.jpg,revision_prenda_iconografica_prioritaria,prenda Wari/Tiwanaku con posible valor iconográfico,revisar_para_corpus_principal_o_secundario,pasar_a_corpus_secundario,prenda_tridimensional_util,,pasar_a_corpus_secundario,prenda_tridimensional_util
,314620,,,,Four-Cornered Hat,,,Wari,,,,,,,,,,,,,,,,,,,,Dominio público / Open Access según metadata de The Met,,,,,,,,,,,auditoria_aceptados_no_piloto,corpus_secundario,Textiles-Costumes,Hat,Camelid hair,https://www.metmuseum.org/art/collection/search/314620,https://images.metmuseum.org/CRDImages/ao/original/DP-29602-001.jpg,revision_prenda_iconografica_prioritaria,prenda Wari/Tiwanaku con posible valor iconográfico,revisar_para_corpus_principal_o_secundario,pasar_a_corpus_secundario,prenda_tridimensional_util,,pasar_a_corpus_secundario,prenda_tridimensional_util
,316968,,,,Four-Cornered Hat,,,Wari,,,,,,,,,,,,,,,,,,,,Dominio público / Open Access según metadata de The Met,,,,,,,,,,,auditoria_aceptados_no_piloto,corpus_secundario,Textiles-Costumes,Hat,Camelid hair,https://www.metmuseum.org/art/collection/search/316968,https://images.metmuseum.org/CRDImages/ao/original/DP-29615-001.jpg,revision_prenda_iconografica_prioritaria,prenda Wari/Tiwanaku con posible valor iconográfico,revisar_para_corpus_principal_o_secundario,pasar_a_corpus_secundario,prenda_tridimensional_util,,pasar_a_corpus_secundario,prenda_tridimensional_util
,316972,,,,Four-Cornered Hat,,,Wari,,,,,,,,,,,,,,,,,,,,Dominio público / Open Access según metadata de The Met,,,,,,,,,,,auditoria_aceptados_no_piloto,corpus_secundario,Textiles-Costumes,Hat,Camelid hair,https://www.metmuseum.org/art/collection/search/316972,https://images.metmuseum.org/CRDImages/ao/original/DP-29619-001.jpg,revision_prenda_iconografica_prioritaria,prenda Wari/Tiwanaku con posible valor iconográfico,revisar_para_corpus_principal_o_secundario,pasar_a_corpus_secundario,prenda_tridimensional_util,,pasar_a_corpus_secundario,prenda_tridimensional_util
,316975,,,,Four-Cornered Hat,,,Wari,,,,,,,,,,,,,,,,,,,,Dominio público / Open Access según metadata de The Met,,,,,,,,,,,auditoria_aceptados_no_piloto,corpus_secundario,Textiles-Costumes,Hat,Camelid hair,https://www.metmuseum.org/art/collection/search/316975,https://images.metmuseum.org/CRDImages/ao/original/DP-29627-001.jpg,revision_prenda_iconografica_prioritaria,prenda Wari/Tiwanaku con posible valor iconográfico,revisar_para_corpus_principal_o_secundario,pasar_a_corpus_secundario,prenda_tridimensional_util,,pasar_a_corpus_secundario,prenda_tridimensional_util
,316964,,,,Four-Cornered Hat,,,Wari,,,,,,,,,,,,,,,,,,,,Dominio público / Open Access según metadata de The Met,,,,,,,,,,,auditoria_aceptados_no_piloto,corpus_secundario,Textiles-Costumes,Hat,Camelid hair,https://www.metmuseum.org/art/collection/search/316964,https://images.metmuseum.org/CRDImages/ao/original/DP-29611-001.jpg,revision_prenda_iconografica_prioritaria,prenda Wari/Tiwanaku con posible valor iconográfico,revisar_para_corpus_principal_o_secundario,pasar_a_corpus_secundario,prenda_tridimensional_util,,pasar_a_corpus_secundario,prenda_tridimensional_util
,316977,,,,Four-Cornered Hat,,,Wari,,,,,,,,,,,,,,,,,,,,Dominio público / Open Access según metadata de The Met,,,,,,,,,,,auditoria_aceptados_no_piloto,corpus_secundario,Textiles-Costumes,Hat,Camelid hair,https://www.metmuseum.org/art/collection/search/316977,https://images.metmuseum.org/CRDImages/ao/original/DP-29629-001.jpg,revision_prenda_iconografica_prioritaria,prenda Wari/Tiwanaku con posible valor iconográfico,revisar_para_corpus_principal_o_secundario,pasar_a_corpus_secundario,prenda_tridimensional_util,,pasar_a_corpus_secundario,prenda_tridimensional_util
,316969,,,,Four-Cornered Hat,,,Wari,,,,,,,,,,,,,,,,,,,,Dominio público / Open Access según metadata de The Met,,,,,,,,,,,auditoria_aceptados_no_piloto,corpus_secundario,Textiles-Costumes,Hat,Camelid hair,https://www.metmuseum.org/art/collection/search/316969,https://images.metmuseum.org/CRDImages/ao/original/DP-29616-001.jpg,revision_prenda_iconografica_prioritaria,prenda Wari/Tiwanaku con posible valor iconográfico,revisar_para_corpus_principal_o_secundario,pasar_a_corpus_secundario,prenda_tridimensional_util,,pasar_a_corpus_secundario,prenda_tridimensional_util
,316988,,,,Four-Cornered Hat,,,Wari,,,,,,,,,,,,,,,,,,,,Dominio público / Open Access según metadata de The Met,,,,,,,,,,,auditoria_aceptados_no_piloto,corpus_secundario,Textiles-Costumes,Hat,Camelid hair,https://www.metmuseum.org/art/collection/search/316988,https://images.metmuseum.org/CRDImages/ao/original/DP-29630-001.jpg,revision_prenda_iconografica_prioritaria,prenda Wari/Tiwanaku con posible valor iconográfico,revisar_para_corpus_principal_o_secundario,pasar_a_corpus_secundario,prenda_tridimensional_util,,pasar_a_corpus_secundario,prenda_tridimensional_util
,316976,,,,Four-Cornered Hat,,,Wari,,,,,,,,,,,,,,,,,,,,Dominio público / Open Access según metadata de The Met,,,,,,,,,,,auditoria_aceptados_no_piloto,corpus_secundario,Textiles-Costumes,Hat,Camelid hair,https://www.metmuseum.org/art/collection/search/316976,https://images.metmuseum.org/CRDImages/ao/original/DP-29628-001.jpg,revision_prenda_iconografica_prioritaria,prenda Wari/Tiwanaku con posible valor iconográfico,revisar_para_corpus_principal_o_secundario,pasar_a_corpus_secundario,prenda_tridimensional_util,,pasar_a_corpus_secundario,prenda_tridimensional_util
,316971,,,,Four-Cornered Hat,,,Wari,,,,,,,,,,,,,,,,,,,,Dominio público / Open Access según metadata de The Met,,,,,,,,,,,auditoria_aceptados_no_piloto,corpus_secundario,Textiles-Costumes,Hat,Camelid hair,https://www.metmuseum.org/art/collection/search/316971,https://images.metmuseum.org/CRDImages/ao/original/DP-29618-001.jpg,revision_prenda_iconografica_prioritaria,prenda Wari/Tiwanaku con posible valor iconográfico,revisar_para_corpus_principal_o_secundario,pasar_a_corpus_secundario,prenda_tridimensional_util,,pasar_a_corpus_secundario,prenda_tridimensional_util
,316967,,,,Four-Cornered Hat,,,Wari,,,,,,,,,,,,,,,,,,,,Dominio público / Open Access según metadata de The Met,,,,,,,,,,,auditoria_aceptados_no_piloto,corpus_secundario,Textiles-Costumes,Hat,Camelid hair,https://www.metmuseum.org/art/collection/search/316967,https://images.metmuseum.org/CRDImages/ao/original/DP-29614-001.jpg,revision_prenda_iconografica_prioritaria,prenda Wari/Tiwanaku con posible valor iconográfico,revisar_para_corpus_principal_o_secundario,pasar_a_corpus_secundario,prenda_tridimensional_util,,pasar_a_corpus_secundario,prenda_tridimensional_util
,316974,,,,Four-Cornered Hat,,,Wari,,,,,,,,,,,,,,,,,,,,Dominio público / Open Access según metadata de The Met,,,,,,,,,,,auditoria_aceptados_no_piloto,corpus_secundario,Textiles-Costumes,Hat,Camelid hair,https://www.metmuseum.org/art/collection/search/316974,https://images.metmuseum.org/CRDImages/ao/original/DP-29626-001.jpg,revision_prenda_iconografica_prioritaria,prenda Wari/Tiwanaku con posible valor iconográfico,revisar_para_corpus_principal_o_secundario,pasar_a_corpus_secundario,prenda_tridimensional_util,,pasar_a_corpus_secundario,prenda_tridimensional_util
,316973,,,,Four-Cornered Hat,,,Wari,,,,,,,,,,,,,,,,,,,,Dominio público / Open Access según metadata de The Met,,,,,,,,,,,auditoria_aceptados_no_piloto,corpus_secundario,Textiles-Costumes,Hat,Camelid hair,https://www.metmuseum.org/art/collection/search/316973,https://images.metmuseum.org/CRDImages/ao/original/DP-29620-001.jpg,revision_prenda_iconografica_prioritaria,prenda Wari/Tiwanaku con posible valor iconográfico,revisar_para_corpus_principal_o_secundario,pasar_a_corpus_secundario,prenda_tridimensional_util,,pasar_a_corpus_secundario,prenda_tridimensional_util
,316343,,,,Four-Cornered Hat,,,Wari,,,,,,,,,,,,,,,,,,,,Dominio público / Open Access según metadata de The Met,,,,,,,,,,,auditoria_aceptados_no_piloto,corpus_secundario,Textiles-Costumes,Hat,Camelid hair,https://www.metmuseum.org/art/collection/search/316343,https://images.metmuseum.org/CRDImages/ao/original/DP-29625-001.jpg,revision_prenda_iconografica_prioritaria,prenda Wari/Tiwanaku con posible valor iconográfico,revisar_para_corpus_principal_o_secundario,pasar_a_corpus_secundario,prenda_tridimensional_util,,pasar_a_corpus_secundario,prenda_tridimensional_util
,316341,,,,Four-Cornered Hat,,,Wari,,,,,,,,,,,,,,,,,,,,Dominio público / Open Access según metadata de The Met,,,,,,,,,,,auditoria_aceptados_no_piloto,corpus_secundario,Textiles-Costumes,Hat,Camelid hair,https://www.metmuseum.org/art/collection/search/316341,https://images.metmuseum.org/CRDImages/ao/original/DP-29623-001.jpg,revision_prenda_iconografica_prioritaria,prenda Wari/Tiwanaku con posible valor iconográfico,revisar_para_corpus_principal_o_secundario,pasar_a_corpus_secundario,prenda_tridimensional_util,,pasar_a_corpus_secundario,prenda_tridimensional_util
,316340,,,,Four-Cornered Hat,,,Wari,,,,,,,,,,,,,,,,,,,,Dominio público / Open Access según metadata de The Met,,,,,,,,,,,auditoria_aceptados_no_piloto,corpus_secundario,Textiles-Costumes,Hat,Camelid hair,https://www.metmuseum.org/art/collection/search/316340,https://images.metmuseum.org/CRDImages/ao/original/DP-29622-001.jpg,revision_prenda_iconografica_prioritaria,prenda Wari/Tiwanaku con posible valor iconográfico,revisar_para_corpus_principal_o_secundario,pasar_a_corpus_secundario,prenda_tridimensional_util,,pasar_a_corpus_secundario,prenda_tridimensional_util
,314622,,,,Four-Cornered Hat,,,Wari,,,,,,,,,,,,,,,,,,,,Dominio público / Open Access según metadata de The Met,,,,,,,,,,,auditoria_aceptados_no_piloto,corpus_secundario,Textiles-Costumes,Hat,Camelid hair,https://www.metmuseum.org/art/collection/search/314622,https://images.metmuseum.org/CRDImages/ao/original/DP-29603-001.jpg,revision_prenda_iconografica_prioritaria,prenda Wari/Tiwanaku con posible valor iconográfico,revisar_para_corpus_principal_o_secundario,pasar_a_corpus_secundario,prenda_tridimensional_util,,pasar_a_corpus_secundario,prenda_tridimensional_util
,314624,,,,Four-Cornered Hat,,,Wari,,,,,,,,,,,,,,,,,,,,Dominio público / Open Access según metadata de The Met,,,,,,,,,,,auditoria_aceptados_no_piloto,corpus_secundario,Textiles-Costumes,Hat,Camelid hair,https://www.metmuseum.org/art/collection/search/314624,https://images.metmuseum.org/CRDImages/ao/original/DP-29605-001.jpg,revision_prenda_iconografica_prioritaria,prenda Wari/Tiwanaku con posible valor iconográfico,revisar_para_corpus_principal_o_secundario,pasar_a_corpus_secundario,prenda_tridimensional_util,,pasar_a_corpus_secundario,prenda_tridimensional_util
,316955,,,,Cap,,,Peruvian,,,,,,,,,,,,,,,,,,,,Dominio público / Open Access según metadata de The Met,,,,,,,,,,,auditoria_aceptados_no_piloto,corpus_secundario,Textiles-Costumes,Hat,Camelid hair,https://www.metmuseum.org/art/collection/search/316955,https://images.metmuseum.org/CRDImages/ao/original/DP-30089-001.jpg,revision_prenda_accesorio,prenda/accesorio textil; revisar si aporta patrón o iconografía,revisar_para_secundario,pasar_a_corpus_secundario,prenda_tridimensional_util,,pasar_a_corpus_secundario,prenda_tridimensional_util
,314614,,,,Cap Woven with Human Hair,,,Inca,,,,,,,,,,,,,,,,,,,,Dominio público / Open Access según metadata de The Met,,,,,,,,,,,auditoria_aceptados_no_piloto,corpus_secundario,Textiles-Woven,Hat,"Camelid hair, human hair",https://www.metmuseum.org/art/collection/search/314614,https://images.metmuseum.org/CRDImages/ao/original/DP-30090-001.jpg,revision_prenda_accesorio,prenda/accesorio textil; revisar si aporta patrón o iconografía,revisar_para_secundario,pasar_a_corpus_secundario,prenda_tridimensional_util,,pasar_a_corpus_secundario,prenda_tridimensional_util
,312933,,,,Headband,,,Nasca,,,,,,,,,,,,,,,,,,,,Dominio público / Open Access según metadata de The Met,,,,,,,,,,,auditoria_aceptados_no_piloto,corpus_secundario,Textiles-Woven,Headdress,Camelid fiber,https://www.metmuseum.org/art/collection/search/312933,https://images.metmuseum.org/CRDImages/ao/original/DP-26538-001.jpg,revision_formato_longitudinal,formato longitudinal; revisar si aporta motivos útiles,revisar_para_secundario_o_principal,pasar_a_corpus_secundario,faja_o_banda_util_secundario,,pasar_a_corpus_secundario,faja_o_banda_util_secundario
