source,institution,object_id,title,culture,period,object_date,country,region,subregion,locale,classification,department,medium,dimensions,credit_line,repository,object_url,primary_image,primary_image_small,is_public_domain,rights_and_reproduction,artist_display_name,artist_culture,tags,query_term
met,The Metropolitan Museum of Art,675980,Tunic,Wari,,650–1000 CE,,Andean region,,,Textiles-Woven,The Michael C. Rockefeller Wing,"Cotton, camelid hair",L. 40 3/4 x W. 39 3/4 in. (103.5 x 101 cm) approximately,"Gift of Claudia Quentin, 2021","Metropolitan Museum of Art, New York, NY",https://www.metmuseum.org/art/collection/search/675980,https://images.metmuseum.org/CRDImages/ao/original/DP-21885-001.jpg,https://images.metmuseum.org/CRDImages/ao/web-large/DP-21885-001.jpg,True,,Wari artist,,,Andean textile
met,The Metropolitan Museum of Art,320054,Miniature tabard,Inca and Spanish,,1600–1700,Bolivia or Peru,,,,Textiles-Woven,The Michael C. Rockefeller Wing,"Cotton, camelid hair, silk, metal",H. 14 1/2 x W. 11 in. (36.8 x 27.9 cm),"Gift of Penny Righthand, in memory of Richard I. Levine, 2007","Metropolitan Museum of Art, New York, NY",https://www.metmuseum.org/art/collection/search/320054,https://images.metmuseum.org/CRDImages/ao/original/DP107700.jpg,https://images.metmuseum.org/CRDImages/ao/web-large/DP107700.jpg,True,,,,,Andean textile
met,The Metropolitan Museum of Art,313153,Tunic with Felines,Chimú,,1450–1550,Peru,,,,Textiles-Woven,The Michael C. Rockefeller Wing,"Cotton, camelid hair",H. 25 x  W. 70  in. (63.5 x 177.8 cm),"The Michael C. Rockefeller Memorial Collection, Bequest of Nelson A. Rockefeller, 1979","Metropolitan Museum of Art, New York, NY",https://www.metmuseum.org/art/collection/search/313153,https://images.metmuseum.org/CRDImages/ao/original/DP-39316-001.jpg,https://images.metmuseum.org/CRDImages/ao/web-large/DP-39316-001.jpg,True,,,,Cats,Andean textile
met,The Metropolitan Museum of Art,307991,Tunic fragment,Wari,,650–1000 CE,Peru,,,,Textiles-Woven,The Michael C. Rockefeller Wing,"Camelid hair, cotton","Overall: 20 7/8 x 27 1/4 in. (53.01 x 69.22 cm)
Other: 20 7/8 in. (53.01 cm)","Gift of George D. Pratt, 1930","Metropolitan Museum of Art, New York, NY",https://www.metmuseum.org/art/collection/search/307991,https://images.metmuseum.org/CRDImages/ao/original/77991.jpg,https://images.metmuseum.org/CRDImages/ao/web-large/77991.jpg,True,,Wari artist,,,Andean textile
met,The Metropolitan Museum of Art,307977,Feathered Tunic,Chimú,,1200 – 1400 CE,Peru,,,,Feathers-Costumes,The Michael C. Rockefeller Wing,"Cotton, feathers",W. 30 x H. 35 in. (76.2 x 88.9 cm),"Gift of George D. Pratt, 1929","Metropolitan Museum of Art, New York, NY",https://www.metmuseum.org/art/collection/search/307977,https://images.metmuseum.org/CRDImages/ao/original/DP158699.jpg,https://images.metmuseum.org/CRDImages/ao/web-large/DP158699.jpg,True,,Chimú artist(s),,,Andean textile
met,The Metropolitan Museum of Art,312615,Tunic Fragment,Wari,,7th–9th century,Peru,,,,Textiles-Woven,The Michael C. Rockefeller Wing,"Camelid hair, cotton",H. 12 7/8  x  W. 21in. (32.7 x 53.3cm),"The Michael C. Rockefeller Memorial Collection, Bequest of Nelson A. Rockefeller, 1979","Metropolitan Museum of Art, New York, NY",https://www.metmuseum.org/art/collection/search/312615,https://images.metmuseum.org/CRDImages/ao/original/TP412.jpg,https://images.metmuseum.org/CRDImages/ao/web-large/TP412.jpg,True,,,,,Andean textile
met,The Metropolitan Museum of Art,307975,Tunic with Confronting Catfish,Nasca-Wari,,800–850 CE,Peru,,,,Textiles-Woven,The Michael C. Rockefeller Wing,"Camelid hair, tapestry-weave",H. 21 1/2 × W. 43 1/4 in. (54.6 × 109.9 cm),"Gift of George D. Pratt, 1929","Metropolitan Museum of Art, New York, NY",https://www.metmuseum.org/art/collection/search/307975,https://images.metmuseum.org/CRDImages/ao/original/DT829.jpg,https://images.metmuseum.org/CRDImages/ao/web-large/DT829.jpg,True,,,,Fish,Andean textile
met,The Metropolitan Museum of Art,312677,Feathered panel,Wari,,650–1000 CE,Peru,South Coast,,,Textiles-Featherwork,The Michael C. Rockefeller Wing,"Feathers, cotton, camelid fiber",H. 29 × W. 83 7/8 in. (73.66 × 213.04 cm),"The Michael C. Rockefeller Memorial Collection, Bequest of Nelson A. Rockefeller, 1979","Metropolitan Museum of Art, New York, NY",https://www.metmuseum.org/art/collection/search/312677,https://images.metmuseum.org/CRDImages/ao/original/DP-15008-008.jpg,https://images.metmuseum.org/CRDImages/ao/web-large/DP-15008-008.jpg,True,,Wari artist(s),,,Andean textile
met,The Metropolitan Museum of Art,751900,Votive checkerboard tunic,Inca,,1460–1626,"Argentina, Bolivia, Chile, or Peru",,,,Textiles-Costumes,The Michael C. Rockefeller Wing,Camelid fiber,H. 20 5/8 × W. 16 1/2 in. (52.4 × 41.9 cm),"Purchase, Fletcher Fund, Claudia Quentin Gift, and Harris Brisbane Dick Fund, 2018","Metropolitan Museum of Art, New York, NY",https://www.metmuseum.org/art/collection/search/751900,https://images.metmuseum.org/CRDImages/ao/original/DP-14285-001.jpg,https://images.metmuseum.org/CRDImages/ao/web-large/DP-14285-001.jpg,True,,Inca artist(s),,,Andean textile
met,The Metropolitan Museum of Art,751901,Tunic,Inca,,1400–1535 CE,"Argentina, Bolivia, Chile, or Peru",,,,Textiles-Costumes,The Michael C. Rockefeller Wing,Camelid fiber,H. 34 1/4 x W. 30 1/8 in. (87 x 76.5 cm),"Purchase, Fletcher Fund, Claudia Quentin Gift, and Harris Brisbane Dick Fund, 2017","Metropolitan Museum of Art, New York, NY",https://www.metmuseum.org/art/collection/search/751901,https://images.metmuseum.org/CRDImages/ao/original/DP-14281-001.jpg,https://images.metmuseum.org/CRDImages/ao/web-large/DP-14281-001.jpg,True,,Inca artist(s),,,Andean textile
met,The Metropolitan Museum of Art,316962,Four-Cornered Hat,Wari,,7th–9th century,Peru,,,,Textiles-Costumes,The Michael C. Rockefeller Wing,Camelid hair,H. 4 1/2 × Circum. 19 7/8 in. (11.4 × 50.5 cm),"Bequest of Arthur M. Bullowa, 1993","Metropolitan Museum of Art, New York, NY",https://www.metmuseum.org/art/collection/search/316962,https://images.metmuseum.org/CRDImages/ao/original/DP-29609-001.jpg,https://images.metmuseum.org/CRDImages/ao/web-large/DP-29609-001.jpg,True,,,,,Andean textile
met,The Metropolitan Museum of Art,316983,Four-Cornered Hat,Tiwanaku,,4th–8th century,Bolivia (?),,,,Textiles-Costumes,The Michael C. Rockefeller Wing,Camelid hair,H. 6 × Circum. 16 in. (15.2 × 40.6 cm),"Bequest of Arthur M. Bullowa, 1993","Metropolitan Museum of Art, New York, NY",https://www.metmuseum.org/art/collection/search/316983,https://images.metmuseum.org/CRDImages/ao/original/DP-29592-001.jpg,https://images.metmuseum.org/CRDImages/ao/web-large/DP-29592-001.jpg,True,,,,,Andean textile
met,The Metropolitan Museum of Art,316981,Four-Cornered Hat,Tiwanaku,,7th–9th century,Bolivia (?),,,,Textiles-Costumes,The Michael C. Rockefeller Wing,Camelid hair,H. 5 × Circum. 17 1/4 in. (12.7 × 43.8 cm),"Bequest of Arthur M. Bullowa, 1993","Metropolitan Museum of Art, New York, NY",https://www.metmuseum.org/art/collection/search/316981,https://images.metmuseum.org/CRDImages/ao/original/DP-29590-001.jpg,https://images.metmuseum.org/CRDImages/ao/web-large/DP-29590-001.jpg,True,,,,,Andean textile
met,The Metropolitan Museum of Art,317736,Woman's Dress,Chuquibamba,,14th–early 16th century,Peru,,,,Textiles-Woven,The Michael C. Rockefeller Wing,Camelid hair,H. 51 1/2  x  W. 60 1/2 in. (130.8 x 153.7 cm),"Purchase, Pfeiffer Fund and Arthur M. Bullowa Bequest, 1995","Metropolitan Museum of Art, New York, NY",https://www.metmuseum.org/art/collection/search/317736,https://images.metmuseum.org/CRDImages/ao/original/DT1275.jpg,https://images.metmuseum.org/CRDImages/ao/web-large/DT1275.jpg,True,,,,,Andean textile
met,The Metropolitan Museum of Art,319265,Arm bands,Chavín,,800–500 BCE,Peru,,,,Metal-Ornaments,The Michael C. Rockefeller Wing,Gold,Each: H. 1 7/8 × W. (Diam.) 2 3/4 in. (4.8 × 7 cm),"Purchase, Jan Mitchell Gift, 2003","Metropolitan Museum of Art, New York, NY",https://www.metmuseum.org/art/collection/search/319265,https://images.metmuseum.org/CRDImages/ao/original/DT375099.jpg,https://images.metmuseum.org/CRDImages/ao/web-large/DT375099.jpg,True,,Chavín artist(s),,Animals,Andean textile
met,The Metropolitan Museum of Art,833953,Tapestry Tunic,Wari,,7th–9th century,Peru,,,,Textiles-Woven,The Michael C. Rockefeller Wing,Camelid wool,H. 42 11/16 × W. 42 15/16 in. (108.5 × 109 cm),"Gift of Claudia Quentin, in celebration of the Museum's 150th Anniversary, 2020","Metropolitan Museum of Art, New York, NY",https://www.metmuseum.org/art/collection/search/833953,https://images.metmuseum.org/CRDImages/ao/original/DP-18736-001.jpg,https://images.metmuseum.org/CRDImages/ao/web-large/DP-18736-001.jpg,True,,,,,Andean textile
met,The Metropolitan Museum of Art,316978,Four-Cornered Hat,Tiwanaku or Wari,,500–900 CE,Bolivia or Peru,,,,Textiles-Costumes,The Michael C. Rockefeller Wing,Camelid fiber,H. 7 in.  × Circum. 22 3/4 in. (17.8 × 57.8 cm),"Bequest of Arthur M. Bullowa, 1993","Metropolitan Museum of Art, New York, NY",https://www.metmuseum.org/art/collection/search/316978,https://images.metmuseum.org/CRDImages/ao/original/DP-29598-001.jpg,https://images.metmuseum.org/CRDImages/ao/web-large/DP-29598-001.jpg,True,,,,,Andean textile
met,The Metropolitan Museum of Art,312676,Feathered Panel,Wari,,600–900 CE,Peru,South Coast,,,Textiles-Featherwork,The Michael C. Rockefeller Wing,"Feathers, cotton, camelid hair",H. 27 1/2 x W. 83 1/2 x D. 3 1/4 in. (69.9 x 212.1 x 8.3 cm),"The Michael C. Rockefeller Memorial Collection, Bequest of Nelson A. Rockefeller, 1979","Metropolitan Museum of Art, New York, NY",https://www.metmuseum.org/art/collection/search/312676,https://images.metmuseum.org/CRDImages/ao/original/DP-15008-005.jpg,https://images.metmuseum.org/CRDImages/ao/web-large/DP-15008-005.jpg,True,,,,,Andean textile
met,The Metropolitan Museum of Art,314623,Four-Cornered Hat,Wari,,500–900 CE,Peru,,,,Textiles-Costumes,The Michael C. Rockefeller Wing,Camelid fiber,H. 4 7/8 x W. 6 7/8 in. (12.4 x 17.5 cm),"Gift of Arthur M. Bullowa, 1983","Metropolitan Museum of Art, New York, NY",https://www.metmuseum.org/art/collection/search/314623,https://images.metmuseum.org/CRDImages/ao/original/DP-29604-001.jpg,https://images.metmuseum.org/CRDImages/ao/web-large/DP-29604-001.jpg,True,,,,,Andean textile
met,The Metropolitan Museum of Art,312683,Feathered Panel,Wari,,600–900 CE,Peru,South Coast,,,Textiles-Featherwork,The Michael C. Rockefeller Wing,"Feathers on cotton, camelid hair",H. 29 × W. 84 in. (73.66 × 213.36 cm),"The Michael C. Rockefeller Memorial Collection, Bequest of Nelson A. Rockefeller, 1979","Metropolitan Museum of Art, New York, NY",https://www.metmuseum.org/art/collection/search/312683,https://images.metmuseum.org/CRDImages/ao/original/DP-15008-009.jpg,https://images.metmuseum.org/CRDImages/ao/web-large/DP-15008-009.jpg,True,,,,,Andean textile
met,The Metropolitan Museum of Art,312678,Feathered Panel,Wari,,600–900 CE,Peru,South Coast,,,Textiles-Featherwork,The Michael C. Rockefeller Wing,"Feathers on cotton, camelid hair",H. 33 1/8 × W. 87 1/2 in. (84.14 × 222.25 cm),"The Michael C. Rockefeller Memorial Collection, Bequest of Nelson A. Rockefeller, 1979","Metropolitan Museum of Art, New York, NY",https://www.metmuseum.org/art/collection/search/312678,https://images.metmuseum.org/CRDImages/ao/original/DP-15008-013.jpg,https://images.metmuseum.org/CRDImages/ao/web-large/DP-15008-013.jpg,True,,,,,Andean textile
met,The Metropolitan Museum of Art,312680,Feathered Panel,Wari,,600–900 CE,Peru,South Coast,,,Textiles-Featherwork,The Michael C. Rockefeller Wing,"Feathers on cotton, camelid hair",H. 29 1/4 × W. 83 5/8 in. (74.3 × 212.41 cm),"The Michael C. Rockefeller Memorial Collection, Bequest of Nelson A. Rockefeller, 1979","Metropolitan Museum of Art, New York, NY",https://www.metmuseum.org/art/collection/search/312680,https://images.metmuseum.org/CRDImages/ao/original/DP-15008-006.jpg,https://images.metmuseum.org/CRDImages/ao/web-large/DP-15008-006.jpg,True,,,,,Andean textile
met,The Metropolitan Museum of Art,312681,Feathered Panel,Wari,,600–900 CE,Peru,South Coast,,,Textiles-Featherwork,The Michael C. Rockefeller Wing,"Feathers on cotton, camelid hair",H. 28 3/4 × W. 83 1/2 in. (73.03 × 212.09 cm),"The Michael C. Rockefeller Memorial Collection, Bequest of Nelson A. Rockefeller, 1979","Metropolitan Museum of Art, New York, NY",https://www.metmuseum.org/art/collection/search/312681,https://images.metmuseum.org/CRDImages/ao/original/DP-15008-007.jpg,https://images.metmuseum.org/CRDImages/ao/web-large/DP-15008-007.jpg,True,,,,,Andean textile
met,The Metropolitan Museum of Art,312679,Feathered Panel,Wari,,600–900 CE,Peru,South Coast,,,Textiles-Featherwork,The Michael C. Rockefeller Wing,"Feathers on cotton, camelid hair",H. 31 1/2 x W. 85 1/4 in. (80 x 216.5 cm),"The Michael C. Rockefeller Memorial Collection, Bequest of Nelson A. Rockefeller, 1979","Metropolitan Museum of Art, New York, NY",https://www.metmuseum.org/art/collection/search/312679,https://images.metmuseum.org/CRDImages/ao/original/DP-15008-012.jpg,https://images.metmuseum.org/CRDImages/ao/web-large/DP-15008-012.jpg,True,,,,,Andean textile
met,The Metropolitan Museum of Art,312674,Feathered Panel,Wari,,600–900 CE,Peru,South Coast,,,Textiles-Featherwork,The Michael C. Rockefeller Wing,"Feathers on cotton, camelid fiber",H. 33 3/4 × W. 6 in. (85.73 × 218.44 cm),"The Michael C. Rockefeller Memorial Collection, Bequest of Nelson A. Rockefeller, 1979","Metropolitan Museum of Art, New York, NY",https://www.metmuseum.org/art/collection/search/312674,https://images.metmuseum.org/CRDImages/ao/original/DP-15008-011.jpg,https://images.metmuseum.org/CRDImages/ao/web-large/DP-15008-011.jpg,True,,,,,Andean textile
met,The Metropolitan Museum of Art,312682,Feathered Panel,Wari,,600–900 CE,Peru,South Coast,,,Textiles-Featherwork,The Michael C. Rockefeller Wing,"Feathers on cotton, camelid hair",H. 28 1/2 × W. 83 1/4 in. (72.39 × 211.46 cm),"The Michael C. Rockefeller Memorial Collection, Bequest of Nelson A. Rockefeller, 1979","Metropolitan Museum of Art, New York, NY",https://www.metmuseum.org/art/collection/search/312682,https://images.metmuseum.org/CRDImages/ao/original/DP-15008-010.jpg,https://images.metmuseum.org/CRDImages/ao/web-large/DP-15008-010.jpg,True,,,,,Andean textile
met,The Metropolitan Museum of Art,892170,The Bride,,,1962,,,,,Textiles,Modern and Contemporary Art,"Linen, feathers, wood",12 ft. 2 in. × 19 3/4 in. (370.8 × 50.2 cm),"Purchase, Lenore G. Tawney Foundation and Lila Acheson Wallace Gifts, 2023","Metropolitan Museum of Art, New York, NY",https://www.metmuseum.org/art/collection/search/892170,,,False,Lenore G. Tawney Foundation – lenoretawney.org,Lenore Tawney,,,Andean textile
met,The Metropolitan Museum of Art,309959,Funerary mask,Lambayeque (Sicán),,900–1100 CE,Peru,North Coast,,,Metalwork-Gold,The Michael C. Rockefeller Wing,"Gold, silver-copper alloy, cinnabar",H. 11 1/2 in. × W. 19 1/2 in. × D. 4 in. (29.2 × 49.5 × 10.2 cm),"Gift and Bequest of Alice K. Bache, 1974, 1977","Metropolitan Museum of Art, New York, NY",https://www.metmuseum.org/art/collection/search/309959,https://images.metmuseum.org/CRDImages/ao/original/DP-42545-001.jpg,https://images.metmuseum.org/CRDImages/ao/web-large/DP-42545-001.jpg,True,,Lambayeque (Sicán) artist(s),,,Andean textile
met,The Metropolitan Museum of Art,317793,Bottle in the shape of a feline,Wari,,600–900 CE,Peru,,,,Ceramics-Containers,The Michael C. Rockefeller Wing,"Ceramic, slip",H. 8 × W. 2 3/4 × D. 4 1/2 in. (20.3 × 7 × 11.4 cm),"Purchase, Arthur M. Bullowa Bequest and Rogers Fund, 1996","Metropolitan Museum of Art, New York, NY",https://www.metmuseum.org/art/collection/search/317793,https://images.metmuseum.org/CRDImages/ao/original/DP-23628-001.jpg,https://images.metmuseum.org/CRDImages/ao/web-large/DP-23628-001.jpg,True,,Wari artist(s),,,Andean textile
met,The Metropolitan Museum of Art,308121,Four-Cornered Hat,Wari,,7th–9th century,Peru,,,,Textiles-Woven,The Michael C. Rockefeller Wing,"Camelid hair, cotton",H. 7 in. × Circum. 22 1/2 in. (17.8 × 57.2 cm),"Gift of George D. Pratt, 1933","Metropolitan Museum of Art, New York, NY",https://www.metmuseum.org/art/collection/search/308121,https://images.metmuseum.org/CRDImages/ao/original/DP-29599-001.jpg,https://images.metmuseum.org/CRDImages/ao/web-large/DP-29599-001.jpg,True,,,,,Andean textile
met,The Metropolitan Museum of Art,315772,Headband with ornamental tassels,Nasca,,6th–8th century,Peru,,,,Textiles-Woven,The Michael C. Rockefeller Wing,Camelid hair,H x W: 8 1/4 x 12in. (21 x 30.5cm),"Bequest of Jane Costello Goldberg, from the Collection of Arnold I. Goldberg, 1986","Metropolitan Museum of Art, New York, NY",https://www.metmuseum.org/art/collection/search/315772,https://images.metmuseum.org/CRDImages/ao/original/DP-26542-001.jpg,https://images.metmuseum.org/CRDImages/ao/web-large/DP-26542-001.jpg,True,,Nasca artist,,,Andean textile
met,The Metropolitan Museum of Art,316913,Chuspa (coca bag),Moche,,650-850 CE,Peru,,,,Textiles-Woven,The Michael C. Rockefeller Wing,"Cotton, camelid hair, and dye",H. 5 x W. 6 in. (12.7 x 15.2 cm),"Bequest of Arthur M. Bullowa, 1993","Metropolitan Museum of Art, New York, NY",https://www.metmuseum.org/art/collection/search/316913,https://images.metmuseum.org/CRDImages/ao/original/DP-41567-001.jpg,https://images.metmuseum.org/CRDImages/ao/web-large/DP-41567-001.jpg,True,,Moche artist(s),,Mythical Creatures,Andean textile
met,The Metropolitan Museum of Art,480831,Textile sample,,,,,,,,Textiles-Woven,Modern and Contemporary Art,Linen,24 1/4 × 15 1/2 in. (61.6 × 39.4 cm),"Gift of Anni Albers, 1970","Metropolitan Museum of Art, New York, NY",https://www.metmuseum.org/art/collection/search/480831,,,False,"© 2026 Artists Rights Society (ARS), New York",Anni Albers,,,Andean textile
met,The Metropolitan Museum of Art,315052,Effigy bottle,Wari,,650–1000 CE,Peru,,,,Ceramics-Containers,The Michael C. Rockefeller Wing,"Ceramic, slip",H. 15 1/2 × W. 10 × D. 8 1/2 in. (39.4 × 25.4 × 21.6 cm),"Purchase, Mary R. Morgan Gift, 1987","Metropolitan Museum of Art, New York, NY",https://www.metmuseum.org/art/collection/search/315052,https://images.metmuseum.org/CRDImages/ao/original/DP-24258-001.jpg,https://images.metmuseum.org/CRDImages/ao/web-large/DP-24258-001.jpg,True,,Wari artist(s),,,Andean textile
met,The Metropolitan Museum of Art,313148,Weaving Basket,Chancay,,12th–14th century,Peru,,,,Textiles-Implements,The Michael C. Rockefeller Wing,"Cane, shell, bone, fiber, camelid hair, wood, pigment, metal, stone",H. 22 1/2 x W. 7 1/2 x D. 4 5/8 in. (57.2 x 19.1 x 11.8 cm),"The Michael C. Rockefeller Memorial Collection, Bequest of Nelson A. Rockefeller, 1979","Metropolitan Museum of Art, New York, NY",https://www.metmuseum.org/art/collection/search/313148,https://images.metmuseum.org/CRDImages/ao/original/1979.206.950.1_a.JPG,https://images.metmuseum.org/CRDImages/ao/web-large/1979.206.950.1_a.JPG,True,,,,,Andean textile
met,The Metropolitan Museum of Art,314894,Square Cloth with Feathered Border,Chimú,,1200 – 1400 CE,Peru,,,,Textiles-Featherwork,The Michael C. Rockefeller Wing,"Feathers, camelid hair, cotton, wool",H x W: 12 x 2 3/8in. (30.5 x 6cm),"Bequest of Jane Costello Goldberg, from the Collection of Arnold I. Goldberg, 1986","Metropolitan Museum of Art, New York, NY",https://www.metmuseum.org/art/collection/search/314894,https://images.metmuseum.org/CRDImages/ao/original/DP230211.jpg,https://images.metmuseum.org/CRDImages/ao/web-large/DP230211.jpg,True,,,,,Andean textile
met,The Metropolitan Museum of Art,308024,Embroidered bag with fringe,Nasca,,7th century,Peru,,,,Textiles-Woven,The Michael C. Rockefeller Wing,Camelid hair,W. 8 3/8 × L. 16 1/2 in. (21.26 × 41.91 cm),"Gift of George D. Pratt, 1932","Metropolitan Museum of Art, New York, NY",https://www.metmuseum.org/art/collection/search/308024,https://images.metmuseum.org/CRDImages/ao/original/DP-26535-001.jpg,https://images.metmuseum.org/CRDImages/ao/web-large/DP-26535-001.jpg,True,,Nasca artist,,,Andean textile
met,The Metropolitan Museum of Art,308022,Embroidered bag with fringe,Nasca,,7th century,Peru,,,,Textiles-Woven,The Michael C. Rockefeller Wing,Camelid hair,W. 7 1/4 x D.12 1/2 in. (18.42 x 31.75 cm),"Gift of George D. Pratt, 1932","Metropolitan Museum of Art, New York, NY",https://www.metmuseum.org/art/collection/search/308022,https://images.metmuseum.org/CRDImages/ao/original/DP-26534-001.jpg,https://images.metmuseum.org/CRDImages/ao/web-large/DP-26534-001.jpg,True,,Nasca artist,,,Andean textile
met,The Metropolitan Museum of Art,315700,Embroidered bag with fringe,Nasca,,7th century,Peru,,,,Textiles-Woven,The Michael C. Rockefeller Wing,Camelid hair,W. 6 in. × D. 14 1/4 in. (15.2 × 36.2 cm),"Bequest of Jane Costello Goldberg, from the Collection of Arnold I. Goldberg, 1986","Metropolitan Museum of Art, New York, NY",https://www.metmuseum.org/art/collection/search/315700,https://images.metmuseum.org/CRDImages/ao/original/DP-26541-001.jpg,https://images.metmuseum.org/CRDImages/ao/web-large/DP-26541-001.jpg,True,,Nasca artist,,,Andean textile
met,The Metropolitan Museum of Art,313267,Kero (beaker),Inca,,1400–1535 CE,Peru,,,,Wood-Containers,The Michael C. Rockefeller Wing,Wood,H. 6 1/8 × Diam. 4 3/4 in. (15.6 × 12.1 cm),"The Michael C. Rockefeller Memorial Collection, Bequest of Nelson A. Rockefeller, 1979","Metropolitan Museum of Art, New York, NY",https://www.metmuseum.org/art/collection/search/313267,https://images.metmuseum.org/CRDImages/ao/original/1979.206.1074.jpg,https://images.metmuseum.org/CRDImages/ao/web-large/1979.206.1074.jpg,True,,Inca artist(s),,,Andean textile
met,The Metropolitan Museum of Art,315786,Shirt,Moche,,500–850 CE,Peru,Huarmey Valley(?),,,Textiles-Woven,The Michael C. Rockefeller Wing,"Camelid hair, cotton",H. 34 1/4 x W. 58 in. (87 x 147.3 cm),"Bequest of Jane Costello Goldberg, from the Collection of Arnold I. Goldberg, 1986","Metropolitan Museum of Art, New York, NY",https://www.metmuseum.org/art/collection/search/315786,https://images.metmuseum.org/CRDImages/ao/original/DT1269.jpg,https://images.metmuseum.org/CRDImages/ao/web-large/DT1269.jpg,True,,Moche artist(s),,Animals,Peru textile
met,The Metropolitan Museum of Art,308402,Feathered Tunic,Chimú,,1400 - 1700 CE,Peru,,,,Feathers-Containers,The Michael C. Rockefeller Wing,"Cotton, feathers",H. 27 1/2 × W. 27 in. (69.9 × 68.6 cm),"Harris Brisbane Dick Fund, 1963","Metropolitan Museum of Art, New York, NY",https://www.metmuseum.org/art/collection/search/308402,https://images.metmuseum.org/CRDImages/ao/original/DP214978.jpg,https://images.metmuseum.org/CRDImages/ao/web-large/DP214978.jpg,True,,Chimú artist(s),,Birds,Peru textile
met,The Metropolitan Museum of Art,310652,Bottle with caiman,Cupisnique,,1000–800 BCE,Peru,Tembladera,,,Ceramics-Containers,The Michael C. Rockefeller Wing,"Ceramic, post-fire paint (cinnabar)",H. 12 3/4 × W. 8 1/16 × D. 5 3/8 in. (32.4 × 20.5 × 13.7 cm),"The Michael C. Rockefeller Memorial Collection, Purchase, Nelson A. Rockefeller Gift, 1967","Metropolitan Museum of Art, New York, NY",https://www.metmuseum.org/art/collection/search/310652,https://images.metmuseum.org/CRDImages/ao/original/DP-23559-001.jpg,https://images.metmuseum.org/CRDImages/ao/web-large/DP-23559-001.jpg,True,,Cupisnique artist(s),,,Peru textile
met,The Metropolitan Museum of Art,312943,Textile ornament,Nasca,,1–700 CE,Peru,South Coast,,,Metal-Ornaments,The Michael C. Rockefeller Wing,Gold,H. 4 11/16 × W. 4 1/8 × D. 1/4 in. (11.9 × 10.5 × 0.6 cm),"The Michael C. Rockefeller Memorial Collection, Bequest of Nelson A. Rockefeller, 1979","Metropolitan Museum of Art, New York, NY",https://www.metmuseum.org/art/collection/search/312943,https://images.metmuseum.org/CRDImages/ao/original/DP-25877-001.jpg,https://images.metmuseum.org/CRDImages/ao/web-large/DP-25877-001.jpg,True,,Nasca artist(s),,,Peru textile
met,The Metropolitan Museum of Art,312942,Textile ornament,Nasca,,1–700 CE,Peru,South Coast,,,Metal-Ornaments,The Michael C. Rockefeller Wing,Gold,H. 4 1/4 × W. 4 9/16 × D. 1/4 in. (10.8 × 11.5 × 0.6 cm),"The Michael C. Rockefeller Memorial Collection, Bequest of Nelson A. Rockefeller, 1979","Metropolitan Museum of Art, New York, NY",https://www.metmuseum.org/art/collection/search/312942,https://images.metmuseum.org/CRDImages/ao/original/DP-25876-001.jpg,https://images.metmuseum.org/CRDImages/ao/web-large/DP-25876-001.jpg,True,,Nasca artist(s),,,Peru textile
met,The Metropolitan Museum of Art,312944,Textile ornament,Nasca,,1–700 CE,Peru,South Coast,,,Metal-Ornaments,The Michael C. Rockefeller Wing,Gold,H. 4 × W. 3 5/8 × D. 1/4 in. (10.2 × 9.2 × 0.6 cm),"The Michael C. Rockefeller Memorial Collection, Bequest of Nelson A. Rockefeller, 1979","Metropolitan Museum of Art, New York, NY",https://www.metmuseum.org/art/collection/search/312944,https://images.metmuseum.org/CRDImages/ao/original/DP-25878-001.jpg,https://images.metmuseum.org/CRDImages/ao/web-large/DP-25878-001.jpg,True,,Nasca artist(s),,,Peru textile
met,The Metropolitan Museum of Art,312946,Textile ornament,Nasca,,1–700 CE,Peru,South Coast,,,Metal-Ornaments,The Michael C. Rockefeller Wing,Gold,H. 3 13/16 × W. 4 × D. 3/16 in. (9.7 × 10.2 × 0.5 cm),"The Michael C. Rockefeller Memorial Collection, Bequest of Nelson A. Rockefeller, 1979","Metropolitan Museum of Art, New York, NY",https://www.metmuseum.org/art/collection/search/312946,https://images.metmuseum.org/CRDImages/ao/original/DP-25880-001.jpg,https://images.metmuseum.org/CRDImages/ao/web-large/DP-25880-001.jpg,True,,Nasca artist(s),,,Peru textile
met,The Metropolitan Museum of Art,312941,Textile ornament,Nasca,,1–700 CE,Peru,South Coast,,,Metal-Ornaments,The Michael C. Rockefeller Wing,Gold,H. 4 1/2 × W. 4 5/8 × D. 1/4 in. (11.4 × 11.7 × 0.6 cm),"The Michael C. Rockefeller Memorial Collection, Bequest of Nelson A. Rockefeller, 1979","Metropolitan Museum of Art, New York, NY",https://www.metmuseum.org/art/collection/search/312941,https://images.metmuseum.org/CRDImages/ao/original/DP-25875-001.jpg,https://images.metmuseum.org/CRDImages/ao/web-large/DP-25875-001.jpg,True,,Nasca artist(s),,,Peru textile
met,The Metropolitan Museum of Art,312945,Textile ornament,Nasca,,1–700 CE,Peru,South Coast,,,Metal-Ornaments,The Michael C. Rockefeller Wing,Gold,H. 3 3/4 × W. 4 × D. 1/4 in. (9.5 × 10.2 × 0.6 cm),"The Michael C. Rockefeller Memorial Collection, Bequest of Nelson A. Rockefeller, 1979","Metropolitan Museum of Art, New York, NY",https://www.metmuseum.org/art/collection/search/312945,https://images.metmuseum.org/CRDImages/ao/original/DP-25879-001.jpg,https://images.metmuseum.org/CRDImages/ao/web-large/DP-25879-001.jpg,True,,Nasca artist(s),,,Peru textile
met,The Metropolitan Museum of Art,312248,Textile ornament,Nasca,,1–700 CE,Peru,South Coast,,,Metal-Ornaments,The Michael C. Rockefeller Wing,Gold,H. 3 1/2 × W. 3 5/8 × D. 1/4 in. (8.9 × 9.2 × 0.6 cm),"The Michael C. Rockefeller Memorial Collection, Bequest of Nelson A. Rockefeller, 1979","Metropolitan Museum of Art, New York, NY",https://www.metmuseum.org/art/collection/search/312248,https://images.metmuseum.org/CRDImages/ao/original/DP-25881-001.jpg,https://images.metmuseum.org/CRDImages/ao/web-large/DP-25881-001.jpg,True,,Nasca artist(s),,,Peru textile
met,The Metropolitan Museum of Art,312250,Textile ornament,Nasca,,1–700 CE,Peru,South Coast,,,Metal-Ornaments,The Michael C. Rockefeller Wing,Gold,H. 3 1/2 × W. 3 5/8 × D. 3/16 in. (8.9 × 9.1 × 0.5 cm),"The Michael C. Rockefeller Memorial Collection, Bequest of Nelson A. Rockefeller, 1979","Metropolitan Museum of Art, New York, NY",https://www.metmuseum.org/art/collection/search/312250,https://images.metmuseum.org/CRDImages/ao/original/DP-25883-001.jpg,https://images.metmuseum.org/CRDImages/ao/web-large/DP-25883-001.jpg,True,,Nasca artist(s),,,Peru textile
met,The Metropolitan Museum of Art,312249,Textile ornament,Nasca,,1–700 CE,Peru,South Coast,,,Metal-Ornaments,The Michael C. Rockefeller Wing,Gold,H. 3 1/4 × W. 3 1/2 × D. 5/16 in. (8.3 × 8.9 × 0.8 cm),"The Michael C. Rockefeller Memorial Collection, Bequest of Nelson A. Rockefeller, 1979","Metropolitan Museum of Art, New York, NY",https://www.metmuseum.org/art/collection/search/312249,https://images.metmuseum.org/CRDImages/ao/original/DP-25882-001.jpg,https://images.metmuseum.org/CRDImages/ao/web-large/DP-25882-001.jpg,True,,Nasca artist(s),,,Peru textile
met,The Metropolitan Museum of Art,126670,Textile,Peruvian,,1800–1939,Peru,,,,Textiles,The Michael C. Rockefeller Wing,"Glass beads, cotton (?) string",W. 2 × L. 36 in. (5.1 × 91.4 cm),"Gift of Susan Huntington Vernon, 1939","Metropolitan Museum of Art, New York, NY",https://www.metmuseum.org/art/collection/search/126670,,,False,,,,,Peru textile
met,The Metropolitan Museum of Art,316945,Border Fragment,Paracas,,450–175 BCE,Peru,,,,Textiles-Woven,The Michael C. Rockefeller Wing,"Cotton, camelid hair",H. 6 3/4  x W.  41 3/8 in. (17.1 x 105.1cm),"Bequest of Arthur M. Bullowa, 1993","Metropolitan Museum of Art, New York, NY",https://www.metmuseum.org/art/collection/search/316945,https://images.metmuseum.org/CRDImages/ao/original/DP-28474-001.jpg,https://images.metmuseum.org/CRDImages/ao/web-large/DP-28474-001.jpg,True,,,,,Peru textile
met,The Metropolitan Museum of Art,90307,Tupu (pin),Peruvian,,19th century,Peru,,,,Metal-Ornaments,The Michael C. Rockefeller Wing,"Silver, glass",W. 3 × L. 9 in. (7.6 × 22.9 cm),"Gift of Mr. Hilary Knight, in memory of Mrs. Katharine Sturges Knight, 1982","Metropolitan Museum of Art, New York, NY",https://www.metmuseum.org/art/collection/search/90307,,,False,,Peruvian artist(s),,Eagles,Peruvian textile
met,The Metropolitan Museum of Art,320430,Needle,Peruvian,,10th–16th century (?),Peru,,,,Textiles-Implements,The Michael C. Rockefeller Wing,Wood,Height 3-1/4 to 4 in.,"Bequest of Arthur M. Bullowa, 1993","Metropolitan Museum of Art, New York, NY",https://www.metmuseum.org/art/collection/search/320430,https://images.metmuseum.org/CRDImages/ao/original/DP-27955-001.jpg,https://images.metmuseum.org/CRDImages/ao/web-large/DP-27955-001.jpg,True,,,,,Peruvian textile
met,The Metropolitan Museum of Art,320431,Needle,Peruvian,,10th–16th century (?),Peru,,,,Textiles-Implements,The Michael C. Rockefeller Wing,Wood,Height 3-1/4 to 4 in.,"Bequest of Arthur M. Bullowa, 1993","Metropolitan Museum of Art, New York, NY",https://www.metmuseum.org/art/collection/search/320431,https://images.metmuseum.org/CRDImages/ao/original/DP-27956-001.jpg,https://images.metmuseum.org/CRDImages/ao/web-large/DP-27956-001.jpg,True,,,,,Peruvian textile
met,The Metropolitan Museum of Art,320429,Needle,Peruvian,,10th–16th century (?),Peru,,,,Textiles-Implements,The Michael C. Rockefeller Wing,Wood,Height 3-1/4 to 4 in.,"Bequest of Arthur M. Bullowa, 1993","Metropolitan Museum of Art, New York, NY",https://www.metmuseum.org/art/collection/search/320429,https://images.metmuseum.org/CRDImages/ao/original/DP-27954-001.jpg,https://images.metmuseum.org/CRDImages/ao/web-large/DP-27954-001.jpg,True,,,,,Peruvian textile
met,The Metropolitan Museum of Art,316866,Needle,Peruvian,,10th–16th century (?),Peru,,,,Textiles-Implements,The Michael C. Rockefeller Wing,Wood,Height 3-1/4 to 4 in.,"Bequest of Arthur M. Bullowa, 1993","Metropolitan Museum of Art, New York, NY",https://www.metmuseum.org/art/collection/search/316866,https://images.metmuseum.org/CRDImages/ao/original/DP-27953-002.jpg,https://images.metmuseum.org/CRDImages/ao/web-large/DP-27953-002.jpg,True,,,,,Peruvian textile
met,The Metropolitan Museum of Art,309275,Wooden Spindle (?),Peruvian,,before 16th century,Peru,,,,Textiles-Implements,The Michael C. Rockefeller Wing,Wood,L. 11 1/2 × Diam. 11/16 in. (29.2 × 1.7 cm),"Gift of Mr. and Mrs. Nathan Cummings, 1964","Metropolitan Museum of Art, New York, NY",https://www.metmuseum.org/art/collection/search/309275,https://images.metmuseum.org/CRDImages/ao/original/64.228.750.jpg,https://images.metmuseum.org/CRDImages/ao/web-large/64.228.750.jpg,True,,,,,Peruvian textile
met,The Metropolitan Museum of Art,309277,Wooden Loom Bar,Peruvian,,before 16th century,Peru,,,,Textiles-Implements,The Michael C. Rockefeller Wing,Wood,H. 6 1/8 × W. 9/16 in. (15.6 × 1.4 cm),"Gift of Mr. and Mrs. Nathan Cummings, 1964","Metropolitan Museum of Art, New York, NY",https://www.metmuseum.org/art/collection/search/309277,https://images.metmuseum.org/CRDImages/ao/original/64.228.752.jpg,https://images.metmuseum.org/CRDImages/ao/web-large/64.228.752.jpg,True,,,,,Peruvian textile
met,The Metropolitan Museum of Art,309272,Wooden Spindle,Peruvian,,before 16th century,Peru,,,,Textiles-Implements,The Michael C. Rockefeller Wing,Wood,L. 10 3/4 × Diam. 3/16 in. (27.3 × 0.5 cm),"Gift of Mr. and Mrs. Nathan Cummings, 1964","Metropolitan Museum of Art, New York, NY",https://www.metmuseum.org/art/collection/search/309272,https://images.metmuseum.org/CRDImages/ao/original/64.228.747.jpg,https://images.metmuseum.org/CRDImages/ao/web-large/64.228.747.jpg,True,,,,,Peruvian textile
met,The Metropolitan Museum of Art,309276,Wooden Loom Bar,Peruvian,,before 16th century,Peru,,,,Textiles-Implements,The Michael C. Rockefeller Wing,Wood,H. 6 5/16 × W. 9/16 in. (16 × 1.4 cm),"Gift of Mr. and Mrs. Nathan Cummings, 1964","Metropolitan Museum of Art, New York, NY",https://www.metmuseum.org/art/collection/search/309276,https://images.metmuseum.org/CRDImages/ao/original/64.228.751.jpg,https://images.metmuseum.org/CRDImages/ao/web-large/64.228.751.jpg,True,,,,,Peruvian textile
met,The Metropolitan Museum of Art,308131,Skein of Camelid Hair,Peruvian,,10th–16th century (?),Peru,,,,Textiles,The Michael C. Rockefeller Wing,Camelid hair,W. 1/2 × L. 12 1/2 in. (1.3 × 31.8 cm),"Gift of George D. Pratt, 1933","Metropolitan Museum of Art, New York, NY",https://www.metmuseum.org/art/collection/search/308131,https://images.metmuseum.org/CRDImages/ao/original/97523.jpg,https://images.metmuseum.org/CRDImages/ao/web-large/97523.jpg,True,,,,,Peruvian textile
met,The Metropolitan Museum of Art,316948,Openweave Cap,Peruvian,,14th–early 16th century,Peru,,,,Textiles-Costumes,The Michael C. Rockefeller Wing,Cotton,Height (w/tassel) 4 in.,"Bequest of Arthur M. Bullowa, 1993","Metropolitan Museum of Art, New York, NY",https://www.metmuseum.org/art/collection/search/316948,https://images.metmuseum.org/CRDImages/ao/original/hz1994_35_123.jpg,https://images.metmuseum.org/CRDImages/ao/web-large/hz1994_35_123.jpg,True,,,,,Peruvian textile
met,The Metropolitan Museum of Art,316910,Sash Fragment,Peruvian,,14th–early 16th century,Peru,,,,Textiles-Woven,The Michael C. Rockefeller Wing,Cotton,Length 271 in.,"Bequest of Arthur M. Bullowa, 1993","Metropolitan Museum of Art, New York, NY",https://www.metmuseum.org/art/collection/search/316910,"https://images.metmuseum.org/CRDImages/ao/original/DP18680_1994.35.85,2.jpg","https://images.metmuseum.org/CRDImages/ao/web-large/DP18680_1994.35.85,2.jpg",True,,,,Human Figures,Peruvian textile
met,The Metropolitan Museum of Art,316949,Openweave Cap with Tassels,Peruvian,,11th–14th century,Peru,,,,Textiles-Costumes,The Michael C. Rockefeller Wing,Cotton,Height 6-1/4 in.,"Bequest of Arthur M. Bullowa, 1993","Metropolitan Museum of Art, New York, NY",https://www.metmuseum.org/art/collection/search/316949,https://images.metmuseum.org/CRDImages/ao/original/DP101292.jpg,https://images.metmuseum.org/CRDImages/ao/web-large/DP101292.jpg,True,,,,,Peruvian textile
met,The Metropolitan Museum of Art,316857,Spindle,Peruvian,,10th–16th century (?),Peru,,,,Textiles-Implements,The Michael C. Rockefeller Wing,"Wood, paint",Height 11-3/4 in.,"Bequest of Arthur M. Bullowa, 1993","Metropolitan Museum of Art, New York, NY",https://www.metmuseum.org/art/collection/search/316857,https://images.metmuseum.org/CRDImages/ao/original/vs1994.35.29--33d.jpg,https://images.metmuseum.org/CRDImages/ao/web-large/vs1994.35.29--33d.jpg,True,,,,,Peruvian textile
met,The Metropolitan Museum of Art,316860,Spindle,Peruvian,,10th–16th century (?),Peru,,,,Textiles-Implements,The Michael C. Rockefeller Wing,"Wood, paint",Height 10-1/8 in.,"Bequest of Arthur M. Bullowa, 1993","Metropolitan Museum of Art, New York, NY",https://www.metmuseum.org/art/collection/search/316860,https://images.metmuseum.org/CRDImages/ao/original/vs1994.35.29--33d.jpg,https://images.metmuseum.org/CRDImages/ao/web-large/vs1994.35.29--33d.jpg,True,,,,,Peruvian textile
met,The Metropolitan Museum of Art,316859,Spindle,Peruvian,,10th–16th century (?),Peru,,,,Textiles-Implements,The Michael C. Rockefeller Wing,"Wood, paint",Height 11-1/4 in.,"Bequest of Arthur M. Bullowa, 1993","Metropolitan Museum of Art, New York, NY",https://www.metmuseum.org/art/collection/search/316859,https://images.metmuseum.org/CRDImages/ao/original/vs1994.35.29--33d.jpg,https://images.metmuseum.org/CRDImages/ao/web-large/vs1994.35.29--33d.jpg,True,,,,,Peruvian textile
met,The Metropolitan Museum of Art,316858,Spindle,Peruvian,,10th–16th century (?),Peru,,,,Textiles-Implements,The Michael C. Rockefeller Wing,"Wood, paint",Height 11-5/8 in.,"Bequest of Arthur M. Bullowa, 1993","Metropolitan Museum of Art, New York, NY",https://www.metmuseum.org/art/collection/search/316858,https://images.metmuseum.org/CRDImages/ao/original/vs1994.35.29--33d.jpg,https://images.metmuseum.org/CRDImages/ao/web-large/vs1994.35.29--33d.jpg,True,,,,,Peruvian textile
met,The Metropolitan Museum of Art,316861,Spindle,Peruvian,,10th–16th century (?),Peru,,,,Textiles-Implements,The Michael C. Rockefeller Wing,"Wood, paint",Height 10-1/8 in.,"Bequest of Arthur M. Bullowa, 1993","Metropolitan Museum of Art, New York, NY",https://www.metmuseum.org/art/collection/search/316861,https://images.metmuseum.org/CRDImages/ao/original/vs1994.35.29--33d.jpg,https://images.metmuseum.org/CRDImages/ao/web-large/vs1994.35.29--33d.jpg,True,,,,,Peruvian textile
met,The Metropolitan Museum of Art,308125,Skein of Camelid Hair,Peruvian,,10th–16th century (?),Peru,,,,Textiles,The Michael C. Rockefeller Wing,Camelid hair,"Overall: 1/2 x 16 1/4 in. (1.27 x 41.28 cm)
Other: 1/2 in. (1.27 cm)","Gift of George D. Pratt, 1933","Metropolitan Museum of Art, New York, NY",https://www.metmuseum.org/art/collection/search/308125,https://images.metmuseum.org/CRDImages/ao/original/97523.jpg,https://images.metmuseum.org/CRDImages/ao/web-large/97523.jpg,True,,,,,Peruvian textile
met,The Metropolitan Museum of Art,308126,Skein of Camelid Hair,Peruvian,,10th–16th century (?),Peru,,,,Textiles,The Michael C. Rockefeller Wing,Camelid hair,"Overall: 1/2 x 14 1/2 in. (1.27 x 36.83 cm)
Other: 1/2 in. (1.27 cm)","Gift of George D. Pratt, 1933","Metropolitan Museum of Art, New York, NY",https://www.metmuseum.org/art/collection/search/308126,https://images.metmuseum.org/CRDImages/ao/original/97523.jpg,https://images.metmuseum.org/CRDImages/ao/web-large/97523.jpg,True,,,,,Peruvian textile
met,The Metropolitan Museum of Art,308127,Skein of Camelid Hair,Peruvian,,10th–16th century (?),Peru,,,,Textiles,The Michael C. Rockefeller Wing,Camelid hair,"Overall: 1/2 x 14 3/4 in. (1.27 x 37.47 cm)
Other: 1/2 in. (1.27 cm)","Gift of George D. Pratt, 1933","Metropolitan Museum of Art, New York, NY",https://www.metmuseum.org/art/collection/search/308127,https://images.metmuseum.org/CRDImages/ao/original/97523.jpg,https://images.metmuseum.org/CRDImages/ao/web-large/97523.jpg,True,,,,,Peruvian textile
met,The Metropolitan Museum of Art,308128,Skein of Camelid Hair,Peruvian,,10th–16th century (?),Peru,,,,Textiles,The Michael C. Rockefeller Wing,Camelid hair,"Overall: 1/2 x 10 in. (1.27 x 25.4 cm)
Other: 1/2 in. (1.27 cm)","Gift of George D. Pratt, 1933","Metropolitan Museum of Art, New York, NY",https://www.metmuseum.org/art/collection/search/308128,https://images.metmuseum.org/CRDImages/ao/original/97523.jpg,https://images.metmuseum.org/CRDImages/ao/web-large/97523.jpg,True,,,,,Peruvian textile
met,The Metropolitan Museum of Art,308124,Skein of Camelid Hair,Peruvian,,10th–16th century (?),Peru,,,,Textiles,The Michael C. Rockefeller Wing,Camelid hair,"Overall: 3/4 x 16 in. (1.91 x 40.64 cm)
Other: 3/4 in. (1.91 cm)","Gift of George D. Pratt, 1933","Metropolitan Museum of Art, New York, NY",https://www.metmuseum.org/art/collection/search/308124,https://images.metmuseum.org/CRDImages/ao/original/97523.jpg,https://images.metmuseum.org/CRDImages/ao/web-large/97523.jpg,True,,,,,Peruvian textile
met,The Metropolitan Museum of Art,308130,Skein of Camelid Hair,Peruvian,,10th–16th century (?),Peru,,,,Textiles,The Michael C. Rockefeller Wing,Camelid hair,"Overall: 1/2 x 12 in. (1.27 x 30.48 cm)
Other: 1/2 in. (1.27 cm)","Gift of George D. Pratt, 1933","Metropolitan Museum of Art, New York, NY",https://www.metmuseum.org/art/collection/search/308130,https://images.metmuseum.org/CRDImages/ao/original/97523.jpg,https://images.metmuseum.org/CRDImages/ao/web-large/97523.jpg,True,,,,,Peruvian textile
met,The Metropolitan Museum of Art,308133,Skein of Camelid Hair,Peruvian,,10th–16th century (?),Peru,,,,Textiles,The Michael C. Rockefeller Wing,Camelid hair,"Overall: 1 x 28 1/4 in. (2.54 x 71.76 cm)
Other: 1 in. (2.54 cm)","Gift of George D. Pratt, 1933","Metropolitan Museum of Art, New York, NY",https://www.metmuseum.org/art/collection/search/308133,https://images.metmuseum.org/CRDImages/ao/original/97523.jpg,https://images.metmuseum.org/CRDImages/ao/web-large/97523.jpg,True,,,,,Peruvian textile
met,The Metropolitan Museum of Art,308132,Skein of Camelid Hair,Peruvian,,10th–16th century (?),Peru,,,,Textiles,The Michael C. Rockefeller Wing,Camelid hair,"Overall: 1/2 x 13 in. (1.27 x 33.02 cm)
Other: 1/2 in. (1.27 cm)","Gift of George D. Pratt, 1933","Metropolitan Museum of Art, New York, NY",https://www.metmuseum.org/art/collection/search/308132,https://images.metmuseum.org/CRDImages/ao/original/97523.jpg,https://images.metmuseum.org/CRDImages/ao/web-large/97523.jpg,True,,,,,Peruvian textile
met,The Metropolitan Museum of Art,308134,Skein of Camelid Hair,Peruvian,,10th–16th century (?),Peru,,,,Textiles,The Michael C. Rockefeller Wing,Camelid hair,"Overall: 1 x 15 1/4 in. (2.54 x 38.74 cm)
Other: 1 in. (2.54 cm)","Gift of George D. Pratt, 1933","Metropolitan Museum of Art, New York, NY",https://www.metmuseum.org/art/collection/search/308134,https://images.metmuseum.org/CRDImages/ao/original/97523.jpg,https://images.metmuseum.org/CRDImages/ao/web-large/97523.jpg,True,,,,,Peruvian textile
met,The Metropolitan Museum of Art,308129,Skein of Camelid Hair,Peruvian,,10th–16th century (?),Peru,,,,Textiles,The Michael C. Rockefeller Wing,Camelid hair,"Overall: 1/2 x 13 in. (1.27 x 33.02 cm)
Other: 1/2 in. (1.27 cm)","Gift of George D. Pratt, 1933","Metropolitan Museum of Art, New York, NY",https://www.metmuseum.org/art/collection/search/308129,https://images.metmuseum.org/CRDImages/ao/original/97523.jpg,https://images.metmuseum.org/CRDImages/ao/web-large/97523.jpg,True,,,,,Peruvian textile
met,The Metropolitan Museum of Art,316943,Feathered Band,Peruvian,,14th–early 16th century,Peru,,,,Textiles-Featherwork,The Michael C. Rockefeller Wing,"Cotton, feathers",Length 16-1/4 in.,"Bequest of Arthur M. Bullowa, 1993","Metropolitan Museum of Art, New York, NY",https://www.metmuseum.org/art/collection/search/316943,https://images.metmuseum.org/CRDImages/ao/original/DP18599.jpg,https://images.metmuseum.org/CRDImages/ao/web-large/DP18599.jpg,True,,,,,Peruvian textile
met,The Metropolitan Museum of Art,316914,Feathered Ornament,Peruvian,,14th–early 16th century,Peru,,,,Textiles-Featherwork,The Michael C. Rockefeller Wing,"Cotton, feathers",Length 37 in.,"Bequest of Arthur M. Bullowa, 1993","Metropolitan Museum of Art, New York, NY",https://www.metmuseum.org/art/collection/search/316914,https://images.metmuseum.org/CRDImages/ao/original/DP101345b.jpg,https://images.metmuseum.org/CRDImages/ao/web-large/DP101345b.jpg,True,,,,,Peruvian textile
met,The Metropolitan Museum of Art,316916,Sash Fragments,Peruvian,,14th–early 16th century,Peru,,,,Textiles-Woven,The Michael C. Rockefeller Wing,Cotton,Length (a) 21 in.,"Bequest of Arthur M. Bullowa, 1993","Metropolitan Museum of Art, New York, NY",https://www.metmuseum.org/art/collection/search/316916,https://images.metmuseum.org/CRDImages/ao/original/DP18678_1994.35.91.jpg,https://images.metmuseum.org/CRDImages/ao/web-large/DP18678_1994.35.91.jpg,True,,,,Human Figures,Peruvian textile
met,The Metropolitan Museum of Art,316915,Sash Fragments,Peruvian,,14th–early 16th century,Peru,,,,Textiles-Woven,The Michael C. Rockefeller Wing,Cotton,Length (a) 41 in.,"Bequest of Arthur M. Bullowa, 1993","Metropolitan Museum of Art, New York, NY",https://www.metmuseum.org/art/collection/search/316915,"https://images.metmuseum.org/CRDImages/ao/original/DP18677_1994.35.90A,B.jpg","https://images.metmuseum.org/CRDImages/ao/web-large/DP18677_1994.35.90A,B.jpg",True,,,,Human Figures,Peruvian textile
met,The Metropolitan Museum of Art,315785,Hat,Peruvian,,10th–16th century,Peru,,,,Textiles-Woven,The Michael C. Rockefeller Wing,Cotton,Length 7-3/32 in.,"Bequest of Jane Costello Goldberg, from the Collection of Arnold I. Goldberg, 1986","Metropolitan Museum of Art, New York, NY",https://www.metmuseum.org/art/collection/search/315785,https://images.metmuseum.org/CRDImages/ao/original/vs1987_394_705.jpg,https://images.metmuseum.org/CRDImages/ao/web-large/vs1987_394_705.jpg,True,,,,,Peruvian textile
met,The Metropolitan Museum of Art,315654,Copper Needle,Peruvian,,before 16th century,Peru,,,,Textiles-Implements,The Michael C. Rockefeller Wing,Copper,Length 6 in. (15.2 cm),"Bequest of Jane Costello Goldberg, from the Collection of Arnold I. Goldberg, 1986","Metropolitan Museum of Art, New York, NY",https://www.metmuseum.org/art/collection/search/315654,https://images.metmuseum.org/CRDImages/ao/original/vs1987_394_606.jpg,https://images.metmuseum.org/CRDImages/ao/web-large/vs1987_394_606.jpg,True,,,,,Peruvian textile
met,The Metropolitan Museum of Art,319487,Kero (beaker),Inca,,1400–1535 CE,Peru,,,,Wood-Containers,The Michael C. Rockefeller Wing,Wood,H. 4 5/8 × Diam. 4 in. (11.7 × 10.2 cm),"Purchase, Nathan Cummings Gift, 2004","Metropolitan Museum of Art, New York, NY",https://www.metmuseum.org/art/collection/search/319487,https://images.metmuseum.org/CRDImages/ao/original/DP-13440-026.jpg,https://images.metmuseum.org/CRDImages/ao/web-large/DP-13440-026.jpg,True,,Inca artist(s),,,Inca textile
met,The Metropolitan Museum of Art,313226,Funerary staff,Inca,,1400–1535 CE,Peru,South Coast,,,Wood-Sculpture,The Michael C. Rockefeller Wing,"Wood, paint",H. 62 1/4 x W. 2 5/8 x D. 1 in. (158.2 x 6.7 x 2.5 cm),"The Michael C. Rockefeller Memorial Collection, Bequest of Nelson A. Rockefeller, 1979","Metropolitan Museum of Art, New York, NY",https://www.metmuseum.org/art/collection/search/313226,https://images.metmuseum.org/CRDImages/ao/original/DP-23808-001.jpg,https://images.metmuseum.org/CRDImages/ao/web-large/DP-23808-001.jpg,True,,Inca artist(s),,,Inca textile
met,The Metropolitan Museum of Art,313053,Funerary staff,Inca,,1400–1535 CE,Peru,,,,Wood-Sculpture,The Michael C. Rockefeller Wing,"Wood, paint",H. 51 x W. 2 7/8 x D. 5/8 in. (129.5 x 7.3 x 1.6 cm),"The Michael C. Rockefeller Memorial Collection, Bequest of Nelson A. Rockefeller, 1979","Metropolitan Museum of Art, New York, NY",https://www.metmuseum.org/art/collection/search/313053,https://images.metmuseum.org/CRDImages/ao/original/DP-23809-001.jpg,https://images.metmuseum.org/CRDImages/ao/web-large/DP-23809-001.jpg,True,,Inca artist(s),,Birds,Inca textile
met,The Metropolitan Museum of Art,315486,Tumi (knife) with a talon,Inca,,1400–1535 CE,Peru,,,,Metal-Implements,The Michael C. Rockefeller Wing,Tin bronze,H. 6 3/4 × W. 6 1/4 × D. 2 1/2 in. (17.1 × 15.9 × 6.4 cm),"Bequest of Jane Costello Goldberg, from the Collection of Arnold I. Goldberg, 1986","Metropolitan Museum of Art, New York, NY",https://www.metmuseum.org/art/collection/search/315486,https://images.metmuseum.org/CRDImages/ao/original/DP108299.jpg,https://images.metmuseum.org/CRDImages/ao/web-large/DP108299.jpg,True,,Inca artist(s),,,Inca textile
met,The Metropolitan Museum of Art,309943,Miniature male effigy,Inca,,1400–1535 CE,"Ecuador, Peru, Bolivia, Chile, or Argentina",,,,Sculpture-Sheet metal,The Michael C. Rockefeller Wing,Gold-silver alloy,H. 2 7/16 × W. 3/4 × D. 1/2 in. (6.2 × 1.9 × 1.3 cm),"Gift and Bequest of Alice K. Bache, 1974, 1977","Metropolitan Museum of Art, New York, NY",https://www.metmuseum.org/art/collection/search/309943,https://images.metmuseum.org/CRDImages/ao/original/DP-13440-014.jpg,https://images.metmuseum.org/CRDImages/ao/web-large/DP-13440-014.jpg,True,,Inca artist(s),,Men,Inca textile
met,The Metropolitan Museum of Art,309944,Miniature female effigy,Inca,,1400–1535 CE,"Ecuador, Peru, Bolivia, Chile, or Argentina",,,,Sculpture-Sheet metal,The Michael C. Rockefeller Wing,Gold-silver alloy,H. 2 5/8 × W. 3/4 × D. 3/4 in. (6.7 × 1.9 × 1.9 cm),"Gift and Bequest of Alice K. Bache, 1974, 1977","Metropolitan Museum of Art, New York, NY",https://www.metmuseum.org/art/collection/search/309944,https://images.metmuseum.org/CRDImages/ao/original/DP-13440-023.jpg,https://images.metmuseum.org/CRDImages/ao/web-large/DP-13440-023.jpg,True,,Inca artist(s),,Women,Inca textile
met,The Metropolitan Museum of Art,309960,Miniature camelid effigy,Inca,,1400–1535 CE,"Ecuador, Peru, Bolivia, Chile, or Argentina",,,,Metalwork-Sculpture,The Michael C. Rockefeller Wing,"Silver, gold, copper alloy",H. 2 × W. 1 1/2 × D. 1/2 in. (5.1 × 3.8 × 1.3 cm),"Gift and Bequest of Alice K. Bache, 1974, 1977","Metropolitan Museum of Art, New York, NY",https://www.metmuseum.org/art/collection/search/309960,https://images.metmuseum.org/CRDImages/ao/original/DP-13440-031.jpg,https://images.metmuseum.org/CRDImages/ao/web-large/DP-13440-031.jpg,True,,Inca artist(s),,Animals,Inca textile
met,The Metropolitan Museum of Art,309227,Tupu (pin),Inca,,1400–1535 CE,Peru,,,,Metal-Ornaments,The Michael C. Rockefeller Wing,Copper alloy,H. 11 1/2 × W. 2 3/4 in. (29.2 × 7 cm),"Gift of Mr. and Mrs. Nathan Cummings, 1964","Metropolitan Museum of Art, New York, NY",https://www.metmuseum.org/art/collection/search/309227,https://images.metmuseum.org/CRDImages/ao/original/DP-27241-001.jpg,https://images.metmuseum.org/CRDImages/ao/web-large/DP-27241-001.jpg,True,,Inca artist(s),,,Inca textile
met,The Metropolitan Museum of Art,310520,Urpu (jar),Inca,,1400–1535 CE,Peru,,,,Ceramics-Containers,The Michael C. Rockefeller Wing,"Ceramic, slip",H. 8 5/8 x W. 7 3/8 x D. 5 3/4 in. (21.9 x 18.8 x 14.6 cm),"The Michael C. Rockefeller Memorial Collection, Purchase, Nelson A. Rockefeller Gift, 1961","Metropolitan Museum of Art, New York, NY",https://www.metmuseum.org/art/collection/search/310520,https://images.metmuseum.org/CRDImages/ao/original/DP-24355-001.jpg,https://images.metmuseum.org/CRDImages/ao/web-large/DP-24355-001.jpg,True,,Inca artist(s),,,Inca textile
met,The Metropolitan Museum of Art,312801,Plume,Inca (?),,900–1400 CE,Peru,,,,Metal-Ornaments,The Michael C. Rockefeller Wing,Gold,H. 10 1/2 × W. 4 × D. 5/16 in. (26.7 × 10.2 × 0.8 cm),"The Michael C. Rockefeller Memorial Collection, Bequest of Nelson A. Rockefeller, 1979","Metropolitan Museum of Art, New York, NY",https://www.metmuseum.org/art/collection/search/312801,https://images.metmuseum.org/CRDImages/ao/original/DP-25935-001.jpg,https://images.metmuseum.org/CRDImages/ao/web-large/DP-25935-001.jpg,True,,North Coast artist(s),,,Inca textile
met,The Metropolitan Museum of Art,313224,Ceremonial digging stick,Inca,,1200–1535 CE,Peru,South Coast,,,Wood-Sculpture,The Michael C. Rockefeller Wing,"Wood, paint, metal",H. 74 3/8 × W. 6 3/4 × D. 2 1/4 in. (189 × 17.1 × 5.7 cm),"The Michael C. Rockefeller Memorial Collection, Bequest of Nelson A. Rockefeller, 1979","Metropolitan Museum of Art, New York, NY",https://www.metmuseum.org/art/collection/search/313224,https://images.metmuseum.org/CRDImages/ao/original/DP-23802-001.jpg,https://images.metmuseum.org/CRDImages/ao/web-large/DP-23802-001.jpg,True,,Chincha artist(s),,,Inca textile
met,The Metropolitan Museum of Art,313223,Ceremonial digging stick,Inca,,1200–1535 CE,Peru,South Coast,,,Wood-Sculpture,The Michael C. Rockefeller Wing,"Wood, metal, paint, silver",H. 81 in. × W. 8 in. × D. 1 5/8 in. (205.7 × 20.3 × 4.1 cm),"The Michael C. Rockefeller Memorial Collection, Bequest of Nelson A. Rockefeller, 1979","Metropolitan Museum of Art, New York, NY",https://www.metmuseum.org/art/collection/search/313223,https://images.metmuseum.org/CRDImages/ao/original/DP-23804-001.jpg,https://images.metmuseum.org/CRDImages/ao/web-large/DP-23804-001.jpg,True,,Chincha artist(s),,,Inca textile
met,The Metropolitan Museum of Art,309229,Tupu (pin),Wari or Inca,,Before the 16th century,Peru,,,,Metal-Ornaments,The Michael C. Rockefeller Wing,Silver,W. 2 3/8 x L. 6 3/4 in. (6.1 x 17.1 cm),"Gift of Mr. and Mrs. Nathan Cummings, 1964","Metropolitan Museum of Art, New York, NY",https://www.metmuseum.org/art/collection/search/309229,https://images.metmuseum.org/CRDImages/ao/original/DP-13440-018.jpg,https://images.metmuseum.org/CRDImages/ao/web-large/DP-13440-018.jpg,True,,Wari or Inca artist(s),,,Inca textile
met,The Metropolitan Museum of Art,308120,Tunic,Inca,,1460–1540,Peru,,,,Textiles-Woven,The Michael C. Rockefeller Wing,"Camelid hair, cotton",W. 29 3/4 in. × H. 37 in. (75.6 × 94 cm),"Gift of George D. Pratt, 1933","Metropolitan Museum of Art, New York, NY",https://www.metmuseum.org/art/collection/search/308120,https://images.metmuseum.org/CRDImages/ao/original/DP-26536-001.jpg,https://images.metmuseum.org/CRDImages/ao/web-large/DP-26536-001.jpg,True,,Chuquibamba artist,,,Inca textile
met,The Metropolitan Museum of Art,307449,Bag,Inca,,15th–16th century,Peru,,,,Textiles-Woven,The Michael C. Rockefeller Wing,Cotton,H. 25 in. × W. 23 1/2 in. (63.5 × 59.7 cm),"Gift of Henry G. Marquand, 1882","Metropolitan Museum of Art, New York, NY",https://www.metmuseum.org/art/collection/search/307449,https://images.metmuseum.org/CRDImages/ao/original/50407.jpg,https://images.metmuseum.org/CRDImages/ao/web-large/50407.jpg,True,,,,,Inca textile
met,The Metropolitan Museum of Art,319524,Fragmentary Woman's Dress,Inca,,15th–early 16th century,Peru,,,,Textiles-Woven,The Michael C. Rockefeller Wing,Camelid fiber,H. 47 1/2  x  W. 33 in. (120.7 x 83.8 cm),"Purchase, Arthur M. Bullowa Bequest, 2004","Metropolitan Museum of Art, New York, NY",https://www.metmuseum.org/art/collection/search/319524,https://images.metmuseum.org/CRDImages/ao/original/2004.406_detail.jpg,https://images.metmuseum.org/CRDImages/ao/web-large/2004.406_detail.jpg,True,,,,,Inca textile
met,The Metropolitan Museum of Art,316926,Feathered Bag,Inca,,15th–early 16th century,Peru,,,,Textiles-Featherwork,The Michael C. Rockefeller Wing,"Cotton, feathers",H. 6 x W. 4 3/4 x D. 2 in. (15.2 x 12.1 x 5.1 cm),"Bequest of Arthur M. Bullowa, 1993","Metropolitan Museum of Art, New York, NY",https://www.metmuseum.org/art/collection/search/316926,https://images.metmuseum.org/CRDImages/ao/original/DP158704.jpg,https://images.metmuseum.org/CRDImages/ao/web-large/DP158704.jpg,True,,,,,Inca textile
met,The Metropolitan Museum of Art,316822,Feathered Tunic,Inca,,15th–early 16th century,Peru,,,,Textiles-Featherwork,The Michael C. Rockefeller Wing,"Cotton, feathers",H. 42 in. × W. 28 1/2 in. (106.7 × 72.4 cm),"Gift of  Helen Mandelbaum, 1993","Metropolitan Museum of Art, New York, NY",https://www.metmuseum.org/art/collection/search/316822,https://images.metmuseum.org/CRDImages/ao/original/lb1993_474.jpg,https://images.metmuseum.org/CRDImages/ao/web-large/lb1993_474.jpg,True,,,,,Inca textile
met,The Metropolitan Museum of Art,308083,Tapestry Fragment,Inca (?),,15th–16th century,Peru,,,,Textiles-Woven,The Michael C. Rockefeller Wing,Camelid hair,"Overall: 11 1/2 x 15 1/4 in. (29.21 x 38.74 cm)
Other: 11 1/2 in. (29.21 cm)","Gift of George D. Pratt, 1933","Metropolitan Museum of Art, New York, NY",https://www.metmuseum.org/art/collection/search/308083,https://images.metmuseum.org/CRDImages/ao/original/DP101353.jpg,https://images.metmuseum.org/CRDImages/ao/web-large/DP101353.jpg,True,,,,,Inca textile
met,The Metropolitan Museum of Art,314615,Woven Sling Shot,Inca,,14th–16th century,Peru,,,,Textiles-Woven,The Michael C. Rockefeller Wing,Camelid hair,H x W: 3 x 128 in. (7.6 x 325.1 cm),"Gift of Jacob and Bronka Weintraub, 1983","Metropolitan Museum of Art, New York, NY",https://www.metmuseum.org/art/collection/search/314615,https://images.metmuseum.org/CRDImages/ao/original/250581.jpg,https://images.metmuseum.org/CRDImages/ao/web-large/250581.jpg,True,,,,Weapons,Inca textile
met,The Metropolitan Museum of Art,314616,Woven Sling Shot,Inca,,15th–18th century,Peru,,,,Textiles-Woven,The Michael C. Rockefeller Wing,Camelid hair,H x W: 1 x 93in. (2.5 x 236.2cm),"Gift of Jacob and Bronka Weintraub, 1983","Metropolitan Museum of Art, New York, NY",https://www.metmuseum.org/art/collection/search/314616,https://images.metmuseum.org/CRDImages/ao/original/250582.jpg,https://images.metmuseum.org/CRDImages/ao/web-large/250582.jpg,True,,,,,Inca textile
met,The Metropolitan Museum of Art,316928,Sling,Inca (?),,1450–1532 CE,Peru,,,,Textiles-Woven,The Michael C. Rockefeller Wing,Camelid hair,Length 54-1/2 in.,"Bequest of Arthur M. Bullowa, 1993","Metropolitan Museum of Art, New York, NY",https://www.metmuseum.org/art/collection/search/316928,https://images.metmuseum.org/CRDImages/ao/original/vs1994.35.103a.jpg,https://images.metmuseum.org/CRDImages/ao/web-large/vs1994.35.103a.jpg,True,,,,,Inca textile
met,The Metropolitan Museum of Art,318888,Headband,Inca,,14th–15th century,Peru,,,,Textiles-Woven,The Michael C. Rockefeller Wing,Camelid hair,W. 7 1/2 × L. 8 3/4 in. (19.1 × 22.2 cm),"Bequest of Arthur M. Bullowa, 1993","Metropolitan Museum of Art, New York, NY",https://www.metmuseum.org/art/collection/search/318888,https://images.metmuseum.org/CRDImages/ao/original/DP-13440-001.jpg,https://images.metmuseum.org/CRDImages/ao/web-large/DP-13440-001.jpg,True,,,,,Inca textile
met,The Metropolitan Museum of Art,319574,Tunic,Inca,,1400–1530,Peru,,,,Textiles-Woven,The Michael C. Rockefeller Wing,Camelid fiber,H. 33 x  W. 30 in. (83.8 x 76.2 cm),"Purchase, Nathan Cummings Gift, Rogers Fund, and The Fred and Rita Richman Foundation Gift, 2005","Metropolitan Museum of Art, New York, NY",https://www.metmuseum.org/art/collection/search/319574,https://images.metmuseum.org/CRDImages/ao/original/DP120795.jpg,https://images.metmuseum.org/CRDImages/ao/web-large/DP120795.jpg,True,,,,,Inca textile
met,The Metropolitan Museum of Art,313152,Tunic,Inca,,1450–1550,Peru,,,,Textiles-Woven,The Michael C. Rockefeller Wing,Camelid hair,H. 22 x W. 34 in. (55.9 x 86.4 cm),"The Michael C. Rockefeller Memorial Collection, Bequest of Nelson A. Rockefeller, 1979","Metropolitan Museum of Art, New York, NY",https://www.metmuseum.org/art/collection/search/313152,https://images.metmuseum.org/CRDImages/ao/original/DP244273.jpg,https://images.metmuseum.org/CRDImages/ao/web-large/DP244273.jpg,True,,,,,Inca textile
met,The Metropolitan Museum of Art,315773,Sling Shot,Inca,,15th–16th century,Peru,,,,Textiles-Woven,The Michael C. Rockefeller Wing,Camelid hair,L. 52 in. (132 cm),"Bequest of Jane Costello Goldberg, from the Collection of Arnold I. Goldberg, 1986","Metropolitan Museum of Art, New York, NY",https://www.metmuseum.org/art/collection/search/315773,https://images.metmuseum.org/CRDImages/ao/original/250471.jpg,https://images.metmuseum.org/CRDImages/ao/web-large/250471.jpg,True,,,,,Inca textile
met,The Metropolitan Museum of Art,314528,Tunic with Diamond Band,Inca,,1460–1540,Peru,,,,Textiles-Woven,The Michael C. Rockefeller Wing,"Camelid hair, cotton",W. 29 × L. 35 in. (73.7 × 88.9 cm),"Rogers Fund, 1982","Metropolitan Museum of Art, New York, NY",https://www.metmuseum.org/art/collection/search/314528,https://images.metmuseum.org/CRDImages/ao/original/DP107698.jpg,https://images.metmuseum.org/CRDImages/ao/web-large/DP107698.jpg,True,,,,,Inca textile
met,The Metropolitan Museum of Art,316938,Serpent ornament,Inca (?),,1450–1532 CE,Peru,,,,Textiles-Woven,The Michael C. Rockefeller Wing,"Cotton, camelid hair",W. 1 × L. (includes tie)  34 in. (2.5 × 86.4 cm),"Bequest of Arthur M. Bullowa, 1993","Metropolitan Museum of Art, New York, NY",https://www.metmuseum.org/art/collection/search/316938,https://images.metmuseum.org/CRDImages/ao/original/1994.35.113_d.JPG,https://images.metmuseum.org/CRDImages/ao/web-large/1994.35.113_d.JPG,True,,,,Serpents,Inca textile
met,The Metropolitan Museum of Art,307941,Bag Tassel,Inca,,15th–16th century,Peru,,,,Textiles-Woven,The Michael C. Rockefeller Wing,"Camelid hair, cotton","Overall: 8 x 15 3/4 in. (20.32 x 40.01 cm)
Other: 8 in. (20.32 cm)","Rogers Fund, 1928","Metropolitan Museum of Art, New York, NY",https://www.metmuseum.org/art/collection/search/307941,"https://images.metmuseum.org/CRDImages/ao/original/DP18687_28.171.4,1.jpg","https://images.metmuseum.org/CRDImages/ao/web-large/DP18687_28.171.4,1.jpg",True,,,,Animals,Inca textile
met,The Metropolitan Museum of Art,308079,Tapestry Panel with Stars,Inca,,15th–16th century,Peru,,,,Textiles-Woven,The Michael C. Rockefeller Wing,"Camelid hair, cotton","Overall: 6 3/4 x 9 3/4 in. (17.15 x 24.77 cm)
Other: 6 3/4 in. (17.15 cm)","Gift of George D. Pratt, 1933","Metropolitan Museum of Art, New York, NY",https://www.metmuseum.org/art/collection/search/308079,https://images.metmuseum.org/CRDImages/ao/original/DP18702_33.149.44.jpg,https://images.metmuseum.org/CRDImages/ao/web-large/DP18702_33.149.44.jpg,True,,,,Stars,Inca textile
met,The Metropolitan Museum of Art,308482,Rattle bowl with flying figure (Oculate Being),Paracas,,350 BCE–60 CE,Peru,Ica Valley,,,Ceramics-Containers,The Michael C. Rockefeller Wing,"Ceramic, post-fire paint",H. 2 1/8 × W. 6 7/8 × D. 6 7/8 in. (5.4 × 17.5 × 17.5 cm),"Gift of Nathan Cummings, 1963","Metropolitan Museum of Art, New York, NY",https://www.metmuseum.org/art/collection/search/308482,https://images.metmuseum.org/CRDImages/ao/original/DP-23569-001.jpg,https://images.metmuseum.org/CRDImages/ao/web-large/DP-23569-001.jpg,True,,Paracas artist(s),,,Paracas textile
met,The Metropolitan Museum of Art,312928,Neckless jar with complex scene,Paracas,,350 BCE–60 CE,Peru,"Ica River, South Coast",,,Ceramics-Containers,The Michael C. Rockefeller Wing,"Ceramic, post-fire paint",H. 12 1/16 × W. 12 × D. 12 in. (30.6 × 30.5 × 30.5 cm),"The Michael C. Rockefeller Memorial Collection, Bequest of Nelson A. Rockefeller, 1979","Metropolitan Museum of Art, New York, NY",https://www.metmuseum.org/art/collection/search/312928,https://images.metmuseum.org/CRDImages/ao/original/DP-24348-001.jpg,https://images.metmuseum.org/CRDImages/ao/web-large/DP-24348-001.jpg,True,,Paracas artist(s),,,Paracas textile
met,The Metropolitan Museum of Art,308109,Embroidered Fragment,Paracas,,5th–2nd century BCE,Peru,,,,Textiles-Woven,The Michael C. Rockefeller Wing,Camelid hair,"Overall: 4 1/4 x 4 in. (10.8 x 10.16 cm)
Other: 4 1/4 in. (10.8 cm)","Gift of George D. Pratt, 1933","Metropolitan Museum of Art, New York, NY",https://www.metmuseum.org/art/collection/search/308109,https://images.metmuseum.org/CRDImages/ao/original/DP18564_33.149.79.jpg,https://images.metmuseum.org/CRDImages/ao/web-large/DP18564_33.149.79.jpg,True,,,,,Paracas textile
met,The Metropolitan Museum of Art,307853,Embroidered Fragment,Paracas,,5th–2nd century BCE,Peru,,,,Textiles-Woven,The Michael C. Rockefeller Wing,Camelid hair,"Overall: 4 1/2 x 3 3/8 in. (11.43 x 8.57 cm)
Other: 4 1/2 in. (11.43 cm)","Gift of George D. Pratt, 1933","Metropolitan Museum of Art, New York, NY",https://www.metmuseum.org/art/collection/search/307853,https://images.metmuseum.org/CRDImages/ao/original/DP18565.jpg,https://images.metmuseum.org/CRDImages/ao/web-large/DP18565.jpg,True,,,,,Paracas textile
met,The Metropolitan Museum of Art,308106,Embroidered Fragment,Paracas,,5th–2nd century BCE,Peru,,,,Textiles-Woven,The Michael C. Rockefeller Wing,Camelid hair,"Overall: 4 1/2 x 4 3/4 in. (11.43 x 12.07 cm)
Other: 4 1/2 in. (11.43 cm)","Gift of George D. Pratt, 1933","Metropolitan Museum of Art, New York, NY",https://www.metmuseum.org/art/collection/search/308106,https://images.metmuseum.org/CRDImages/ao/original/33.149.1-67-70-76.jpg,https://images.metmuseum.org/CRDImages/ao/web-large/33.149.1-67-70-76.jpg,True,,,,,Paracas textile
met,The Metropolitan Museum of Art,308100,Embroidered Fragment,Paracas,,5th–2nd century BCE,Peru,,,,Textiles-Woven,The Michael C. Rockefeller Wing,Camelid hair,"Overall: 4 x 4 1/4 in. (10.16 x 10.8 cm)
Other: 4 in. (10.16 cm)","Gift of George D. Pratt, 1933","Metropolitan Museum of Art, New York, NY",https://www.metmuseum.org/art/collection/search/308100,https://images.metmuseum.org/CRDImages/ao/original/DP18575_33.149.70.jpg,https://images.metmuseum.org/CRDImages/ao/web-large/DP18575_33.149.70.jpg,True,,,,,Paracas textile
met,The Metropolitan Museum of Art,315049,Mantle,Paracas,,2nd–1st century BCE,Peru,,,,Textiles-Woven,The Michael C. Rockefeller Wing,Camelid hair,H. 78 3/8 x W. 56 1/2 in. (199.1 x 143.5 cm),"Gift of Louis Slavitz, 1986","Metropolitan Museum of Art, New York, NY",https://www.metmuseum.org/art/collection/search/315049,https://images.metmuseum.org/CRDImages/ao/original/AR446.jpg,https://images.metmuseum.org/CRDImages/ao/web-large/AR446.jpg,True,,,,,Paracas textile
met,The Metropolitan Museum of Art,307682,Embroidered Border Fragment,Paracas,,5th–2nd century BCE,Peru,,,,Textiles-Woven,The Michael C. Rockefeller Wing,Camelid hair,"Overall: 11 x 65 in. (27.94 x 165.1 cm)
Other: 11 in. (27.94 cm)","Gift of George D. Pratt, 1933","Metropolitan Museum of Art, New York, NY",https://www.metmuseum.org/art/collection/search/307682,https://images.metmuseum.org/CRDImages/ao/original/DP170923.jpg,https://images.metmuseum.org/CRDImages/ao/web-large/DP170923.jpg,True,,,,,Paracas textile
met,The Metropolitan Museum of Art,308057,Embroidered Fragment with Figures,Paracas,,5th–2nd century BCE,Peru,,,,Textiles-Woven,The Michael C. Rockefeller Wing,Camelid hair,"Overall: 4 1/8 x 5 in. (10.46 x 12.7 cm)
Other: 4 1/8 in. (10.46 cm)","Gift of George D. Pratt, 1933","Metropolitan Museum of Art, New York, NY",https://www.metmuseum.org/art/collection/search/308057,https://images.metmuseum.org/CRDImages/ao/original/DP18568.jpg,https://images.metmuseum.org/CRDImages/ao/web-large/DP18568.jpg,True,,,,,Paracas textile
met,The Metropolitan Museum of Art,308113,Embroidered Fragment with Figure,Paracas,,3rd–2nd century BCE,Peru,,,,Textiles-Woven,The Michael C. Rockefeller Wing,Camelid hair,Overall: 5 7/8 in. (14.92 cm),"Gift of George D. Pratt, 1933","Metropolitan Museum of Art, New York, NY",https://www.metmuseum.org/art/collection/search/308113,https://images.metmuseum.org/CRDImages/ao/original/DP18528.jpg,https://images.metmuseum.org/CRDImages/ao/web-large/DP18528.jpg,True,,,,"Faces, Heads, Serpents",Paracas textile
met,The Metropolitan Museum of Art,308048,Embroidered Fragment with Figures,Paracas,,5th–2nd century BCE,Peru,,,,Textiles-Woven,The Michael C. Rockefeller Wing,Camelid hair,"Overall: 10 3/4 x 5 3/4 in. (27.31 x 14.61 cm)
Other: 5 3/4 in. (14.61 cm)","Gift of George D. Pratt, 1933","Metropolitan Museum of Art, New York, NY",https://www.metmuseum.org/art/collection/search/308048,https://images.metmuseum.org/CRDImages/ao/original/DP18558.jpg,https://images.metmuseum.org/CRDImages/ao/web-large/DP18558.jpg,True,,,,,Paracas textile
met,The Metropolitan Museum of Art,307852,Embroidered Mantle Fragment,Paracas,,5th–2nd century BCE,Peru,,,,Textiles-Woven,The Michael C. Rockefeller Wing,Camelid hair,"Overall: 4 1/2 x 5 1/4 in. (11.43 x 13.34 cm)
Other: 4 1/2 in. (11.43 cm)","Gift of George D. Pratt, 1933","Metropolitan Museum of Art, New York, NY",https://www.metmuseum.org/art/collection/search/307852,https://images.metmuseum.org/CRDImages/ao/original/DP18481.jpg,https://images.metmuseum.org/CRDImages/ao/web-large/DP18481.jpg,True,,,,,Paracas textile
met,The Metropolitan Museum of Art,308034,Embroidered Mantle Fragment,Paracas,,5th–2nd century BCE,Peru,,,,Textiles-Woven,The Michael C. Rockefeller Wing,Camelid hair,"Overall: 11 1/8 x 21 1/4 in. (28.24 x 53.98 cm)
Other: 11 1/8 in. (28.24 cm)","Gift of George D. Pratt, 1933","Metropolitan Museum of Art, New York, NY",https://www.metmuseum.org/art/collection/search/308034,https://images.metmuseum.org/CRDImages/ao/original/DP18571.jpg,https://images.metmuseum.org/CRDImages/ao/web-large/DP18571.jpg,True,,,,,Paracas textile
met,The Metropolitan Museum of Art,307679,Embroidered Mantle Fragment,Paracas,,5th–2nd century BCE,Peru,,,,Textiles-Woven,The Michael C. Rockefeller Wing,Camelid hair,"Overall: 4 1/4 x 5 in. (10.8 x 12.7 cm)
Other: 4 1/4 in. (10.8 cm)","Gift of George D. Pratt, 1933","Metropolitan Museum of Art, New York, NY",https://www.metmuseum.org/art/collection/search/307679,https://images.metmuseum.org/CRDImages/ao/original/DP18487.jpg,https://images.metmuseum.org/CRDImages/ao/web-large/DP18487.jpg,True,,,,,Paracas textile
met,The Metropolitan Museum of Art,308072,Embroidered Mantle Fragment,Paracas,,3rd–2nd century BCE,Peru,,,,Textiles-Woven,The Michael C. Rockefeller Wing,Camelid hair,"Overall: 5 1/4 x 7 1/2 in. (13.34 x 19.05 cm)
Other: 5 1/4 in. (13.34 cm)","Gift of George D. Pratt, 1933","Metropolitan Museum of Art, New York, NY",https://www.metmuseum.org/art/collection/search/308072,https://images.metmuseum.org/CRDImages/ao/original/DP18535.jpg,https://images.metmuseum.org/CRDImages/ao/web-large/DP18535.jpg,True,,,,Faces,Paracas textile
met,The Metropolitan Museum of Art,308037,Embroidered Border Fragment,Paracas,,4th–2nd century BCE,Peru,,,,Textiles-Woven,The Michael C. Rockefeller Wing,Camelid hair,"Overall: 2 3/4 x 26 in. (6.99 x 66.04 cm)
Other: 2 3/4 in. (6.99 cm)","Gift of George D. Pratt, 1933","Metropolitan Museum of Art, New York, NY",https://www.metmuseum.org/art/collection/search/308037,https://images.metmuseum.org/CRDImages/ao/original/DP18551.jpg,https://images.metmuseum.org/CRDImages/ao/web-large/DP18551.jpg,True,,,,Mythical Creatures,Paracas textile
met,The Metropolitan Museum of Art,308068,Embroidered Mantle Fragment,Paracas,,5th–2nd century BCE,Peru,,,,Textiles-Woven,The Michael C. Rockefeller Wing,Camelid hair,"Overall: 3 1/2 x 12 3/4 in. (8.89 x 32.39 cm)
Other: 3 1/2 in. (8.89 cm)","Gift of George D. Pratt, 1933","Metropolitan Museum of Art, New York, NY",https://www.metmuseum.org/art/collection/search/308068,https://images.metmuseum.org/CRDImages/ao/original/DP18539.jpg,https://images.metmuseum.org/CRDImages/ao/web-large/DP18539.jpg,True,,,,,Paracas textile
met,The Metropolitan Museum of Art,308098,Embroidered Mantle Fragment,Paracas,,3rd–2nd century BCE,Peru,,,,Textiles-Woven,The Michael C. Rockefeller Wing,Camelid hair,"Overall: 3 x 4 in. (7.62 x 10.16 cm)
Other: 3 in. (7.62 cm)","Gift of George D. Pratt, 1933","Metropolitan Museum of Art, New York, NY",https://www.metmuseum.org/art/collection/search/308098,https://images.metmuseum.org/CRDImages/ao/original/DP18454.jpg,https://images.metmuseum.org/CRDImages/ao/web-large/DP18454.jpg,True,,,,Mythical Creatures,Paracas textile
met,The Metropolitan Museum of Art,308040,Embroidered Mantle Fragment,Paracas,,3rd–2nd century BCE,Peru,,,,Textiles-Woven,The Michael C. Rockefeller Wing,Camelid hair,"Overall: 3 1/4 x 5 in. (8.26 x 12.7 cm)
Other: 3 1/4 in. (8.26 cm)","Gift of George D. Pratt, 1933","Metropolitan Museum of Art, New York, NY",https://www.metmuseum.org/art/collection/search/308040,https://images.metmuseum.org/CRDImages/ao/original/DP18451.jpg,https://images.metmuseum.org/CRDImages/ao/web-large/DP18451.jpg,True,,,,"Human Figures, Birds, Serpents",Paracas textile
met,The Metropolitan Museum of Art,308070,Embroidered Mantle Fragment,Paracas,,3rd–2nd century BCE,Peru,,,,Textiles-Woven,The Michael C. Rockefeller Wing,Camelid hair,"Overall: 5 1/8 x 7 3/8 in. (13 x 18.73 cm)
Other: 5 1/8 in. (13 cm)","Gift of George D. Pratt, 1933","Metropolitan Museum of Art, New York, NY",https://www.metmuseum.org/art/collection/search/308070,https://images.metmuseum.org/CRDImages/ao/original/DP18537.jpg,https://images.metmuseum.org/CRDImages/ao/web-large/DP18537.jpg,True,,,,"Heads, Serpents",Paracas textile
met,The Metropolitan Museum of Art,308058,Embroidered Border Fragment,Paracas,,4th–3rd century BCE,Peru,,,,Textiles-Woven,The Michael C. Rockefeller Wing,Camelid hair,"Overall: 4 x 6 1/2 in. (10.16 x 16.51 cm)
Other: 4 in. (10.16 cm)","Gift of George D. Pratt, 1933","Metropolitan Museum of Art, New York, NY",https://www.metmuseum.org/art/collection/search/308058,https://images.metmuseum.org/CRDImages/ao/original/DP18549.jpg,https://images.metmuseum.org/CRDImages/ao/web-large/DP18549.jpg,True,,,,Serpents,Paracas textile
met,The Metropolitan Museum of Art,308076,Embroidered Mantle Fragment,Paracas,,3rd–2nd century BCE,Peru,,,,Textiles-Woven,The Michael C. Rockefeller Wing,Camelid hair,"Overall: 5 x 5 3/4 in. (12.7 x 14.61 cm)
Other: 5 in. (12.7 cm)","Gift of George D. Pratt, 1933","Metropolitan Museum of Art, New York, NY",https://www.metmuseum.org/art/collection/search/308076,https://images.metmuseum.org/CRDImages/ao/original/33.149.41.jpg,https://images.metmuseum.org/CRDImages/ao/web-large/33.149.41.jpg,True,,,,,Paracas textile
met,The Metropolitan Museum of Art,308053,Embroidered Border Fragment,Paracas,,5th–3rd century BCE,Peru,,,,Textiles-Woven,The Michael C. Rockefeller Wing,Camelid hair,"Overall: 6 x 8 3/4 in. (15.24 x 22.23 cm)
Other: 6 in. (15.24 cm)","Gift of George D. Pratt, 1933","Metropolitan Museum of Art, New York, NY",https://www.metmuseum.org/art/collection/search/308053,https://images.metmuseum.org/CRDImages/ao/original/DP18553.jpg,https://images.metmuseum.org/CRDImages/ao/web-large/DP18553.jpg,True,,,,Mythical Creatures,Paracas textile
met,The Metropolitan Museum of Art,308077,Embroidered Mantle Fragment,Paracas,,3rd–2nd century BCE,Peru,,,,Textiles-Woven,The Michael C. Rockefeller Wing,Camelid hair,"Overall: 5 x 6 in. (12.7 x 15.24 cm)
Other: 5 in. (12.7 cm)","Gift of George D. Pratt, 1933","Metropolitan Museum of Art, New York, NY",https://www.metmuseum.org/art/collection/search/308077,https://images.metmuseum.org/CRDImages/ao/original/DP18450.jpg,https://images.metmuseum.org/CRDImages/ao/web-large/DP18450.jpg,True,,,,"Human Figures, Heads, Fish",Paracas textile
met,The Metropolitan Museum of Art,314534,Face Mask Ornament,Moche,,6th–7th century,Peru,,,,Metal-Ornaments,The Michael C. Rockefeller Wing,"Gilded copper, shell, feathers",H. 3 1/8 × W. 3 7/16 × D. 2 in. (7.9 × 8.7 × 5.1 cm),"Gift of Jane Costello Goldberg, from the Collection of Arnold I. Goldberg, 1980","Metropolitan Museum of Art, New York, NY",https://www.metmuseum.org/art/collection/search/314534,https://images.metmuseum.org/CRDImages/ao/original/1982.392.5.JPG,https://images.metmuseum.org/CRDImages/ao/web-large/1982.392.5.JPG,True,,,,Faces,textile fragment Peru
met,The Metropolitan Museum of Art,307998,Fragment,Peru; south coast (?),,15th–16th century,Peru,,,,Textiles-Woven,The Michael C. Rockefeller Wing,"Cotton, camelid hair",5 1/4 x 18 3/4 in. (13.34 x 47.63 cm),"Rogers Fund, 1930","Metropolitan Museum of Art, New York, NY",https://www.metmuseum.org/art/collection/search/307998,https://images.metmuseum.org/CRDImages/ao/original/78151.jpg,https://images.metmuseum.org/CRDImages/ao/web-large/78151.jpg,True,,,,,textile fragment Peru
met,The Metropolitan Museum of Art,307943,Fragment,Chancay,,12th–14th century,Peru,,,,Textiles-Woven,The Michael C. Rockefeller Wing,"Camelid hair, cotton","Overall: 14 x 21 1/2 in. (35.56 x 54.61 cm)
Other: 14 in. (35.56 cm)","Rogers Fund, 1928","Metropolitan Museum of Art, New York, NY",https://www.metmuseum.org/art/collection/search/307943,https://images.metmuseum.org/CRDImages/ao/original/DP101351.jpg,https://images.metmuseum.org/CRDImages/ao/web-large/DP101351.jpg,True,,,,,textile fragment Peru
met,The Metropolitan Museum of Art,307940,Fragment,Chancay,,12th–14th century,Peru,,,,Textiles-Woven,The Michael C. Rockefeller Wing,"Camelid hair, cotton","Overall: 28 1/2 x 34 3/4 in. (72.39 x 88.27 cm)
Other: 28 1/2 in. (72.39 cm)","Rogers Fund, 1928","Metropolitan Museum of Art, New York, NY",https://www.metmuseum.org/art/collection/search/307940,https://images.metmuseum.org/CRDImages/ao/original/72153.jpg,https://images.metmuseum.org/CRDImages/ao/web-large/72153.jpg,True,,,,Birds,textile fragment Peru
