fuente,institucion,id_objeto,titulo_original,titulo_es_sugerido,cultura,periodo,fecha_objeto,pais,region,subregion,localidad,departamento_museo,clasificacion_original,clasificacion_normalizada,nombre_objeto_original,material_original,dimensiones,linea_credito,repositorio,url_objeto,url_imagen,url_imagen_miniatura,es_dominio_publico,derechos_reproduccion,etiquetas_originales,termino_busqueda,puntaje_textil,estado_curacion,motivo_curacion,conteo_evidencia_textil,conteo_evidencia_exclusion,fecha_descarga,decision_filtro,estado_filtrado,puntaje_filtro,motivo_filtrado,fase_proceso,corpus
met,The Metropolitan Museum of Art,892170,The Bride,Objeto textil,,,1962,,,,,Modern and Contemporary Art,Textiles,No textil,Textile,"Linen, feathers, wood",12 ft. 2 in. × 19 3/4 in. (370.8 × 50.2 cm),"Purchase, Lenore G. Tawney Foundation and Lila Acheson Wallace Gifts, 2023","Metropolitan Museum of Art, New York, NY",https://www.metmuseum.org/art/collection/search/892170,,,False,Lenore G. Tawney Foundation – lenoretawney.org,,Andean textile,5,excluido_sin_imagen,"clasificación contiene evidencia textil: ['textile', 'textiles'] | nombre de objeto contiene términos textiles: ['textile'] | material sugiere objeto no textil: ['wood']",2,1,2026-06-15,rechazar,rechazado,5,"clasificación contiene evidencia textil: ['textile', 'textiles'] | nombre de objeto contiene términos textiles: ['textile'] | material sugiere objeto no textil: ['wood']",fase_filtrado,the_met_textiles_pilot
met,The Metropolitan Museum of Art,319265,Arm bands,,Chavín,,800–500 BCE,Peru,,,,The Michael C. Rockefeller Wing,Metal-Ornaments,No textil,Arm bands,Gold,Each: H. 1 7/8 × W. (Diam.) 2 3/4 in. (4.8 × 7 cm),"Purchase, Jan Mitchell Gift, 2003","Metropolitan Museum of Art, New York, NY",https://www.metmuseum.org/art/collection/search/319265,https://images.metmuseum.org/CRDImages/ao/original/DT375099.jpg,https://images.metmuseum.org/CRDImages/ao/web-large/DT375099.jpg,True,,Animals,Andean textile,-7,excluido_no_textil,"título contiene términos débiles asociados a fragmentos o paneles: ['band'] | evidencia cultural/geográfica andina: ['peru'] | clasificación sugiere objeto no textil: ['metal', 'ornaments'] | material sugiere objeto no textil: ['gold']",0,2,2026-06-15,rechazar,rechazado,-7,"título contiene términos débiles asociados a fragmentos o paneles: ['band'] | evidencia cultural/geográfica andina: ['peru'] | clasificación sugiere objeto no textil: ['metal', 'ornaments'] | material sugiere objeto no textil: ['gold']",fase_filtrado,the_met_textiles_pilot
met,The Metropolitan Museum of Art,309959,Funerary mask,,Lambayeque (Sicán),,900–1100 CE,Peru,North Coast,,,The Michael C. Rockefeller Wing,Metalwork-Gold,No textil,Mask,"Gold, silver-copper alloy, cinnabar",H. 11 1/2 in. × W. 19 1/2 in. × D. 4 in. (29.2 × 49.5 × 10.2 cm),"Gift and Bequest of Alice K. Bache, 1974, 1977","Metropolitan Museum of Art, New York, NY",https://www.metmuseum.org/art/collection/search/309959,https://images.metmuseum.org/CRDImages/ao/original/DP-42545-001.jpg,https://images.metmuseum.org/CRDImages/ao/web-large/DP-42545-001.jpg,True,,,Andean textile,-16,excluido_no_textil,"evidencia cultural/geográfica andina: ['peru'] | clasificación sugiere objeto no textil: ['metalwork', 'metal'] | material sugiere objeto no textil: ['gold', 'silver', 'copper', 'alloy'] | título sugiere objeto no textil: ['mask'] | nombre de objeto sugiere objeto no textil: ['mask']",0,4,2026-06-15,rechazar,rechazado,-16,"evidencia cultural/geográfica andina: ['peru'] | clasificación sugiere objeto no textil: ['metalwork', 'metal'] | material sugiere objeto no textil: ['gold', 'silver', 'copper', 'alloy'] | título sugiere objeto no textil: ['mask'] | nombre de objeto sugiere objeto no textil: ['mask']",fase_filtrado,the_met_textiles_pilot
met,The Metropolitan Museum of Art,317793,Bottle in the shape of a feline,,Wari,,600–900 CE,Peru,,,,The Michael C. Rockefeller Wing,Ceramics-Containers,No textil,Bottle,"Ceramic, slip",H. 8 × W. 2 3/4 × D. 4 1/2 in. (20.3 × 7 × 11.4 cm),"Purchase, Arthur M. Bullowa Bequest and Rogers Fund, 1996","Metropolitan Museum of Art, New York, NY",https://www.metmuseum.org/art/collection/search/317793,https://images.metmuseum.org/CRDImages/ao/original/DP-23628-001.jpg,https://images.metmuseum.org/CRDImages/ao/web-large/DP-23628-001.jpg,True,,,Andean textile,-16,excluido_no_textil,"evidencia cultural/geográfica andina: ['peru', 'wari'] | clasificación sugiere objeto no textil: ['ceramics', 'ceramic'] | material sugiere objeto no textil: ['ceramic'] | título sugiere objeto no textil: ['bottle'] | nombre de objeto sugiere objeto no textil: ['bottle']",0,4,2026-06-15,rechazar,rechazado,-16,"evidencia cultural/geográfica andina: ['peru', 'wari'] | clasificación sugiere objeto no textil: ['ceramics', 'ceramic'] | material sugiere objeto no textil: ['ceramic'] | título sugiere objeto no textil: ['bottle'] | nombre de objeto sugiere objeto no textil: ['bottle']",fase_filtrado,the_met_textiles_pilot
met,The Metropolitan Museum of Art,480831,Textile sample,Objeto textil,,,,,,,,Modern and Contemporary Art,Textiles-Woven,No textil,Textile sample,Linen,24 1/4 × 15 1/2 in. (61.6 × 39.4 cm),"Gift of Anni Albers, 1970","Metropolitan Museum of Art, New York, NY",https://www.metmuseum.org/art/collection/search/480831,,,False,"© 2026 Artists Rights Society (ARS), New York",,Andean textile,12,excluido_sin_imagen,"clasificación contiene evidencia textil: ['textile', 'textiles'] | nombre de objeto contiene términos textiles: ['textile'] | título contiene términos textiles: ['textile']",3,0,2026-06-15,rechazar,rechazado,12,"clasificación contiene evidencia textil: ['textile', 'textiles'] | nombre de objeto contiene términos textiles: ['textile'] | título contiene términos textiles: ['textile']",fase_filtrado,the_met_textiles_pilot
met,The Metropolitan Museum of Art,315052,Effigy bottle,,Wari,,650–1000 CE,Peru,,,,The Michael C. Rockefeller Wing,Ceramics-Containers,No textil,Bottle,"Ceramic, slip",H. 15 1/2 × W. 10 × D. 8 1/2 in. (39.4 × 25.4 × 21.6 cm),"Purchase, Mary R. Morgan Gift, 1987","Metropolitan Museum of Art, New York, NY",https://www.metmuseum.org/art/collection/search/315052,https://images.metmuseum.org/CRDImages/ao/original/DP-24258-001.jpg,https://images.metmuseum.org/CRDImages/ao/web-large/DP-24258-001.jpg,True,,,Andean textile,-16,excluido_no_textil,"evidencia cultural/geográfica andina: ['peru', 'wari'] | clasificación sugiere objeto no textil: ['ceramics', 'ceramic'] | material sugiere objeto no textil: ['ceramic'] | título sugiere objeto no textil: ['bottle'] | nombre de objeto sugiere objeto no textil: ['bottle']",0,4,2026-06-15,rechazar,rechazado,-16,"evidencia cultural/geográfica andina: ['peru', 'wari'] | clasificación sugiere objeto no textil: ['ceramics', 'ceramic'] | material sugiere objeto no textil: ['ceramic'] | título sugiere objeto no textil: ['bottle'] | nombre de objeto sugiere objeto no textil: ['bottle']",fase_filtrado,the_met_textiles_pilot
met,The Metropolitan Museum of Art,313267,Kero (beaker),,Inca,,1400–1535 CE,Peru,,,,The Michael C. Rockefeller Wing,Wood-Containers,No textil,Kero,Wood,H. 6 1/8 × Diam. 4 3/4 in. (15.6 × 12.1 cm),"The Michael C. Rockefeller Memorial Collection, Bequest of Nelson A. Rockefeller, 1979","Metropolitan Museum of Art, New York, NY",https://www.metmuseum.org/art/collection/search/313267,https://images.metmuseum.org/CRDImages/ao/original/1979.206.1074.jpg,https://images.metmuseum.org/CRDImages/ao/web-large/1979.206.1074.jpg,True,,,Andean textile,-11,excluido_no_textil,"evidencia cultural/geográfica andina: ['peru', 'inca'] | material sugiere objeto no textil: ['wood'] | título sugiere objeto no textil: ['beaker', 'kero'] | nombre de objeto sugiere objeto no textil: ['kero']",0,3,2026-06-15,rechazar,rechazado,-11,"evidencia cultural/geográfica andina: ['peru', 'inca'] | material sugiere objeto no textil: ['wood'] | título sugiere objeto no textil: ['beaker', 'kero'] | nombre de objeto sugiere objeto no textil: ['kero']",fase_filtrado,the_met_textiles_pilot
met,The Metropolitan Museum of Art,319487,Kero (beaker),,Inca,,1400–1535 CE,Peru,,,,The Michael C. Rockefeller Wing,Wood-Containers,No textil,Kero,Wood,H. 4 5/8 × Diam. 4 in. (11.7 × 10.2 cm),"Purchase, Nathan Cummings Gift, 2004","Metropolitan Museum of Art, New York, NY",https://www.metmuseum.org/art/collection/search/319487,https://images.metmuseum.org/CRDImages/ao/original/DP-13440-026.jpg,https://images.metmuseum.org/CRDImages/ao/web-large/DP-13440-026.jpg,True,,,Andean textile,-11,excluido_no_textil,"evidencia cultural/geográfica andina: ['peru', 'inca'] | material sugiere objeto no textil: ['wood'] | título sugiere objeto no textil: ['beaker', 'kero'] | nombre de objeto sugiere objeto no textil: ['kero']",0,3,2026-06-15,rechazar,rechazado,-11,"evidencia cultural/geográfica andina: ['peru', 'inca'] | material sugiere objeto no textil: ['wood'] | título sugiere objeto no textil: ['beaker', 'kero'] | nombre de objeto sugiere objeto no textil: ['kero']",fase_filtrado,the_met_textiles_pilot
met,The Metropolitan Museum of Art,310664,Panpiper-shaped vessel,,Chimú,,1350–1470 CE,Peru,North Coast,,,The Michael C. Rockefeller Wing,Metal-Containers,No textil,Vessel,"Silver, malachite, resin",H. 8 1/2 × W. 4 1/2 × D. 2 5/8 in. (21.6 × 11.4 × 6.7 cm),"The Michael C. Rockefeller Memorial Collection, Gift of Nelson A. Rockefeller, 1969","Metropolitan Museum of Art, New York, NY",https://www.metmuseum.org/art/collection/search/310664,https://images.metmuseum.org/CRDImages/ao/original/DT10206.jpg,https://images.metmuseum.org/CRDImages/ao/web-large/DT10206.jpg,True,,"Musical Instruments, Men, Musicians",Andean textile,-16,excluido_no_textil,"evidencia cultural/geográfica andina: ['peru', 'chimú', 'chimu'] | clasificación sugiere objeto no textil: ['metal'] | material sugiere objeto no textil: ['silver'] | título sugiere objeto no textil: ['vessel'] | nombre de objeto sugiere objeto no textil: ['vessel']",0,4,2026-06-15,rechazar,rechazado,-16,"evidencia cultural/geográfica andina: ['peru', 'chimú', 'chimu'] | clasificación sugiere objeto no textil: ['metal'] | material sugiere objeto no textil: ['silver'] | título sugiere objeto no textil: ['vessel'] | nombre de objeto sugiere objeto no textil: ['vessel']",fase_filtrado,the_met_textiles_pilot
met,The Metropolitan Museum of Art,484848,Alquimia 13 (Alchemy 13),Objeto textil,,,1984,,,,,Modern and Contemporary Art,Textiles-Tapestries,No textil,Wall hanging,"Linen, rice paper, gesso, indigo red and gold leaf",72 × 62 in. (182.9 × 157.5 cm),"Gift of Olga and Jim de Amaral, 1987","Metropolitan Museum of Art, New York, NY",https://www.metmuseum.org/art/collection/search/484848,,,False,© Olga de Amaral,,Andean textile,1,excluido_sin_imagen,"clasificación contiene evidencia textil: ['textile', 'textiles'] | material sugiere objeto no textil: ['gold']",1,1,2026-06-15,rechazar,rechazado,1,"clasificación contiene evidencia textil: ['textile', 'textiles'] | material sugiere objeto no textil: ['gold']",fase_filtrado,the_met_textiles_pilot
met,The Metropolitan Museum of Art,312801,Plume,,Inca (?),,900–1400 CE,Peru,,,,The Michael C. Rockefeller Wing,Metal-Ornaments,No textil,Plume,Gold,H. 10 1/2 × W. 4 × D. 5/16 in. (26.7 × 10.2 × 0.8 cm),"The Michael C. Rockefeller Memorial Collection, Bequest of Nelson A. Rockefeller, 1979","Metropolitan Museum of Art, New York, NY",https://www.metmuseum.org/art/collection/search/312801,https://images.metmuseum.org/CRDImages/ao/original/DP-25935-001.jpg,https://images.metmuseum.org/CRDImages/ao/web-large/DP-25935-001.jpg,True,,,Andean textile,-8,excluido_no_textil,"evidencia cultural/geográfica andina: ['peru', 'inca'] | clasificación sugiere objeto no textil: ['metal', 'ornaments'] | material sugiere objeto no textil: ['gold']",0,2,2026-06-15,rechazar,rechazado,-8,"evidencia cultural/geográfica andina: ['peru', 'inca'] | clasificación sugiere objeto no textil: ['metal', 'ornaments'] | material sugiere objeto no textil: ['gold']",fase_filtrado,the_met_textiles_pilot
met,The Metropolitan Museum of Art,313133,Boulder figure,,Recuay,,200–700 CE,Peru,,,,The Michael C. Rockefeller Wing,Stone-Sculpture,No textil,Figure,Stone,"H. 25 × W. 17 1/2 × D. 8 in. (63.5 × 44.45 × 20.32 cm)
Weight: 226lb. (102.5129kg)","The Michael C. Rockefeller Memorial Collection, Bequest of Nelson A. Rockefeller, 1979","Metropolitan Museum of Art, New York, NY",https://www.metmuseum.org/art/collection/search/313133,https://images.metmuseum.org/CRDImages/ao/original/DP-33907-001.jpg,https://images.metmuseum.org/CRDImages/ao/web-large/DP-33907-001.jpg,True,,,Andean textile,-16,excluido_no_textil,"evidencia cultural/geográfica andina: ['peru'] | clasificación sugiere objeto no textil: ['sculpture', 'stone'] | material sugiere objeto no textil: ['stone'] | título sugiere objeto no textil: ['figure'] | nombre de objeto sugiere objeto no textil: ['figure']",0,4,2026-06-15,rechazar,rechazado,-16,"evidencia cultural/geográfica andina: ['peru'] | clasificación sugiere objeto no textil: ['sculpture', 'stone'] | material sugiere objeto no textil: ['stone'] | título sugiere objeto no textil: ['figure'] | nombre de objeto sugiere objeto no textil: ['figure']",fase_filtrado,the_met_textiles_pilot
met,The Metropolitan Museum of Art,90307,Tupu (pin),,Peruvian,,19th century,Peru,,,,The Michael C. Rockefeller Wing,Metal-Ornaments,No textil,Stickpin,"Silver, glass",W. 3 × L. 9 in. (7.6 × 22.9 cm),"Gift of Mr. Hilary Knight, in memory of Mrs. Katharine Sturges Knight, 1982","Metropolitan Museum of Art, New York, NY",https://www.metmuseum.org/art/collection/search/90307,,,False,,Eagles,Peruvian textile,-16,excluido_sin_imagen,"evidencia cultural/geográfica andina: ['peru', 'peruvian'] | clasificación sugiere objeto no textil: ['metal', 'ornaments'] | material sugiere objeto no textil: ['silver'] | título sugiere objeto no textil: ['pin'] | nombre de objeto sugiere objeto no textil: ['pin']",0,4,2026-06-15,rechazar,rechazado,-16,"evidencia cultural/geográfica andina: ['peru', 'peruvian'] | clasificación sugiere objeto no textil: ['metal', 'ornaments'] | material sugiere objeto no textil: ['silver'] | título sugiere objeto no textil: ['pin'] | nombre de objeto sugiere objeto no textil: ['pin']",fase_filtrado,the_met_textiles_pilot
met,The Metropolitan Museum of Art,126670,Textile,Objeto textil,Peruvian,,1800–1939,Peru,,,,The Michael C. Rockefeller Wing,Textiles,No textil,Textile,"Glass beads, cotton (?) string",W. 2 × L. 36 in. (5.1 × 91.4 cm),"Gift of Susan Huntington Vernon, 1939","Metropolitan Museum of Art, New York, NY",https://www.metmuseum.org/art/collection/search/126670,,,False,,,Peruvian textile,17,excluido_sin_imagen,"clasificación contiene evidencia textil: ['textile', 'textiles'] | nombre de objeto contiene términos textiles: ['textile'] | material contiene fibras o soporte textil: ['cotton'] | título contiene términos textiles: ['textile'] | evidencia cultural/geográfica andina: ['peru', 'peruvian']",4,0,2026-06-15,rechazar,rechazado,17,"clasificación contiene evidencia textil: ['textile', 'textiles'] | nombre de objeto contiene términos textiles: ['textile'] | material contiene fibras o soporte textil: ['cotton'] | título contiene términos textiles: ['textile'] | evidencia cultural/geográfica andina: ['peru', 'peruvian']",fase_filtrado,the_met_textiles_pilot
met,The Metropolitan Museum of Art,320430,Needle,Objeto textil,Peruvian,,10th–16th century (?),Peru,,,,The Michael C. Rockefeller Wing,Textiles-Implements,No textil,Needle,Wood,Height 3-1/4 to 4 in.,"Bequest of Arthur M. Bullowa, 1993","Metropolitan Museum of Art, New York, NY",https://www.metmuseum.org/art/collection/search/320430,https://images.metmuseum.org/CRDImages/ao/original/DP-27955-001.jpg,https://images.metmuseum.org/CRDImages/ao/web-large/DP-27955-001.jpg,True,,,Peruvian textile,2,excluido_no_textil,"clasificación contiene evidencia textil: ['textile', 'textiles'] | evidencia cultural/geográfica andina: ['peru', 'peruvian'] | material sugiere objeto no textil: ['wood']",1,1,2026-06-15,rechazar,rechazado,2,"clasificación contiene evidencia textil: ['textile', 'textiles'] | evidencia cultural/geográfica andina: ['peru', 'peruvian'] | material sugiere objeto no textil: ['wood']",fase_filtrado,the_met_textiles_pilot
met,The Metropolitan Museum of Art,320431,Needle,Objeto textil,Peruvian,,10th–16th century (?),Peru,,,,The Michael C. Rockefeller Wing,Textiles-Implements,No textil,Needle,Wood,Height 3-1/4 to 4 in.,"Bequest of Arthur M. Bullowa, 1993","Metropolitan Museum of Art, New York, NY",https://www.metmuseum.org/art/collection/search/320431,https://images.metmuseum.org/CRDImages/ao/original/DP-27956-001.jpg,https://images.metmuseum.org/CRDImages/ao/web-large/DP-27956-001.jpg,True,,,Peruvian textile,2,excluido_no_textil,"clasificación contiene evidencia textil: ['textile', 'textiles'] | evidencia cultural/geográfica andina: ['peru', 'peruvian'] | material sugiere objeto no textil: ['wood']",1,1,2026-06-15,rechazar,rechazado,2,"clasificación contiene evidencia textil: ['textile', 'textiles'] | evidencia cultural/geográfica andina: ['peru', 'peruvian'] | material sugiere objeto no textil: ['wood']",fase_filtrado,the_met_textiles_pilot
met,The Metropolitan Museum of Art,320429,Needle,Objeto textil,Peruvian,,10th–16th century (?),Peru,,,,The Michael C. Rockefeller Wing,Textiles-Implements,No textil,Needle,Wood,Height 3-1/4 to 4 in.,"Bequest of Arthur M. Bullowa, 1993","Metropolitan Museum of Art, New York, NY",https://www.metmuseum.org/art/collection/search/320429,https://images.metmuseum.org/CRDImages/ao/original/DP-27954-001.jpg,https://images.metmuseum.org/CRDImages/ao/web-large/DP-27954-001.jpg,True,,,Peruvian textile,2,excluido_no_textil,"clasificación contiene evidencia textil: ['textile', 'textiles'] | evidencia cultural/geográfica andina: ['peru', 'peruvian'] | material sugiere objeto no textil: ['wood']",1,1,2026-06-15,rechazar,rechazado,2,"clasificación contiene evidencia textil: ['textile', 'textiles'] | evidencia cultural/geográfica andina: ['peru', 'peruvian'] | material sugiere objeto no textil: ['wood']",fase_filtrado,the_met_textiles_pilot
met,The Metropolitan Museum of Art,316866,Needle,Objeto textil,Peruvian,,10th–16th century (?),Peru,,,,The Michael C. Rockefeller Wing,Textiles-Implements,No textil,Needle,Wood,Height 3-1/4 to 4 in.,"Bequest of Arthur M. Bullowa, 1993","Metropolitan Museum of Art, New York, NY",https://www.metmuseum.org/art/collection/search/316866,https://images.metmuseum.org/CRDImages/ao/original/DP-27953-002.jpg,https://images.metmuseum.org/CRDImages/ao/web-large/DP-27953-002.jpg,True,,,Peruvian textile,2,excluido_no_textil,"clasificación contiene evidencia textil: ['textile', 'textiles'] | evidencia cultural/geográfica andina: ['peru', 'peruvian'] | material sugiere objeto no textil: ['wood']",1,1,2026-06-15,rechazar,rechazado,2,"clasificación contiene evidencia textil: ['textile', 'textiles'] | evidencia cultural/geográfica andina: ['peru', 'peruvian'] | material sugiere objeto no textil: ['wood']",fase_filtrado,the_met_textiles_pilot
met,The Metropolitan Museum of Art,309275,Wooden Spindle (?),Objeto textil,Peruvian,,before 16th century,Peru,,,,The Michael C. Rockefeller Wing,Textiles-Implements,No textil,Spindle (?),Wood,L. 11 1/2 × Diam. 11/16 in. (29.2 × 1.7 cm),"Gift of Mr. and Mrs. Nathan Cummings, 1964","Metropolitan Museum of Art, New York, NY",https://www.metmuseum.org/art/collection/search/309275,https://images.metmuseum.org/CRDImages/ao/original/64.228.750.jpg,https://images.metmuseum.org/CRDImages/ao/web-large/64.228.750.jpg,True,,,Peruvian textile,-6,excluido_no_textil,"clasificación contiene evidencia textil: ['textile', 'textiles'] | evidencia cultural/geográfica andina: ['peru', 'peruvian'] | material sugiere objeto no textil: ['wood'] | título sugiere objeto no textil: ['pin'] | nombre de objeto sugiere objeto no textil: ['pin']",1,3,2026-06-15,rechazar,rechazado,-6,"clasificación contiene evidencia textil: ['textile', 'textiles'] | evidencia cultural/geográfica andina: ['peru', 'peruvian'] | material sugiere objeto no textil: ['wood'] | título sugiere objeto no textil: ['pin'] | nombre de objeto sugiere objeto no textil: ['pin']",fase_filtrado,the_met_textiles_pilot
met,The Metropolitan Museum of Art,309277,Wooden Loom Bar,Objeto textil,Peruvian,,before 16th century,Peru,,,,The Michael C. Rockefeller Wing,Textiles-Implements,No textil,Loom bar,Wood,H. 6 1/8 × W. 9/16 in. (15.6 × 1.4 cm),"Gift of Mr. and Mrs. Nathan Cummings, 1964","Metropolitan Museum of Art, New York, NY",https://www.metmuseum.org/art/collection/search/309277,https://images.metmuseum.org/CRDImages/ao/original/64.228.752.jpg,https://images.metmuseum.org/CRDImages/ao/web-large/64.228.752.jpg,True,,,Peruvian textile,2,excluido_no_textil,"clasificación contiene evidencia textil: ['textile', 'textiles'] | evidencia cultural/geográfica andina: ['peru', 'peruvian'] | material sugiere objeto no textil: ['wood']",1,1,2026-06-15,rechazar,rechazado,2,"clasificación contiene evidencia textil: ['textile', 'textiles'] | evidencia cultural/geográfica andina: ['peru', 'peruvian'] | material sugiere objeto no textil: ['wood']",fase_filtrado,the_met_textiles_pilot
met,The Metropolitan Museum of Art,309272,Wooden Spindle,Objeto textil,Peruvian,,before 16th century,Peru,,,,The Michael C. Rockefeller Wing,Textiles-Implements,No textil,Spindle,Wood,L. 10 3/4 × Diam. 3/16 in. (27.3 × 0.5 cm),"Gift of Mr. and Mrs. Nathan Cummings, 1964","Metropolitan Museum of Art, New York, NY",https://www.metmuseum.org/art/collection/search/309272,https://images.metmuseum.org/CRDImages/ao/original/64.228.747.jpg,https://images.metmuseum.org/CRDImages/ao/web-large/64.228.747.jpg,True,,,Peruvian textile,-6,excluido_no_textil,"clasificación contiene evidencia textil: ['textile', 'textiles'] | evidencia cultural/geográfica andina: ['peru', 'peruvian'] | material sugiere objeto no textil: ['wood'] | título sugiere objeto no textil: ['pin'] | nombre de objeto sugiere objeto no textil: ['pin']",1,3,2026-06-15,rechazar,rechazado,-6,"clasificación contiene evidencia textil: ['textile', 'textiles'] | evidencia cultural/geográfica andina: ['peru', 'peruvian'] | material sugiere objeto no textil: ['wood'] | título sugiere objeto no textil: ['pin'] | nombre de objeto sugiere objeto no textil: ['pin']",fase_filtrado,the_met_textiles_pilot
met,The Metropolitan Museum of Art,309276,Wooden Loom Bar,Objeto textil,Peruvian,,before 16th century,Peru,,,,The Michael C. Rockefeller Wing,Textiles-Implements,No textil,Loom bar,Wood,H. 6 5/16 × W. 9/16 in. (16 × 1.4 cm),"Gift of Mr. and Mrs. Nathan Cummings, 1964","Metropolitan Museum of Art, New York, NY",https://www.metmuseum.org/art/collection/search/309276,https://images.metmuseum.org/CRDImages/ao/original/64.228.751.jpg,https://images.metmuseum.org/CRDImages/ao/web-large/64.228.751.jpg,True,,,Peruvian textile,2,excluido_no_textil,"clasificación contiene evidencia textil: ['textile', 'textiles'] | evidencia cultural/geográfica andina: ['peru', 'peruvian'] | material sugiere objeto no textil: ['wood']",1,1,2026-06-15,rechazar,rechazado,2,"clasificación contiene evidencia textil: ['textile', 'textiles'] | evidencia cultural/geográfica andina: ['peru', 'peruvian'] | material sugiere objeto no textil: ['wood']",fase_filtrado,the_met_textiles_pilot
met,The Metropolitan Museum of Art,316857,Spindle,Objeto textil,Peruvian,,10th–16th century (?),Peru,,,,The Michael C. Rockefeller Wing,Textiles-Implements,No textil,Spindle,"Wood, paint",Height 11-3/4 in.,"Bequest of Arthur M. Bullowa, 1993","Metropolitan Museum of Art, New York, NY",https://www.metmuseum.org/art/collection/search/316857,https://images.metmuseum.org/CRDImages/ao/original/vs1994.35.29--33d.jpg,https://images.metmuseum.org/CRDImages/ao/web-large/vs1994.35.29--33d.jpg,True,,,Peruvian textile,-6,excluido_no_textil,"clasificación contiene evidencia textil: ['textile', 'textiles'] | evidencia cultural/geográfica andina: ['peru', 'peruvian'] | material sugiere objeto no textil: ['wood'] | título sugiere objeto no textil: ['pin'] | nombre de objeto sugiere objeto no textil: ['pin']",1,3,2026-06-15,rechazar,rechazado,-6,"clasificación contiene evidencia textil: ['textile', 'textiles'] | evidencia cultural/geográfica andina: ['peru', 'peruvian'] | material sugiere objeto no textil: ['wood'] | título sugiere objeto no textil: ['pin'] | nombre de objeto sugiere objeto no textil: ['pin']",fase_filtrado,the_met_textiles_pilot
met,The Metropolitan Museum of Art,316860,Spindle,Objeto textil,Peruvian,,10th–16th century (?),Peru,,,,The Michael C. Rockefeller Wing,Textiles-Implements,No textil,Spindle,"Wood, paint",Height 10-1/8 in.,"Bequest of Arthur M. Bullowa, 1993","Metropolitan Museum of Art, New York, NY",https://www.metmuseum.org/art/collection/search/316860,https://images.metmuseum.org/CRDImages/ao/original/vs1994.35.29--33d.jpg,https://images.metmuseum.org/CRDImages/ao/web-large/vs1994.35.29--33d.jpg,True,,,Peruvian textile,-6,excluido_no_textil,"clasificación contiene evidencia textil: ['textile', 'textiles'] | evidencia cultural/geográfica andina: ['peru', 'peruvian'] | material sugiere objeto no textil: ['wood'] | título sugiere objeto no textil: ['pin'] | nombre de objeto sugiere objeto no textil: ['pin']",1,3,2026-06-15,rechazar,rechazado,-6,"clasificación contiene evidencia textil: ['textile', 'textiles'] | evidencia cultural/geográfica andina: ['peru', 'peruvian'] | material sugiere objeto no textil: ['wood'] | título sugiere objeto no textil: ['pin'] | nombre de objeto sugiere objeto no textil: ['pin']",fase_filtrado,the_met_textiles_pilot
met,The Metropolitan Museum of Art,316859,Spindle,Objeto textil,Peruvian,,10th–16th century (?),Peru,,,,The Michael C. Rockefeller Wing,Textiles-Implements,No textil,Spindle,"Wood, paint",Height 11-1/4 in.,"Bequest of Arthur M. Bullowa, 1993","Metropolitan Museum of Art, New York, NY",https://www.metmuseum.org/art/collection/search/316859,https://images.metmuseum.org/CRDImages/ao/original/vs1994.35.29--33d.jpg,https://images.metmuseum.org/CRDImages/ao/web-large/vs1994.35.29--33d.jpg,True,,,Peruvian textile,-6,excluido_no_textil,"clasificación contiene evidencia textil: ['textile', 'textiles'] | evidencia cultural/geográfica andina: ['peru', 'peruvian'] | material sugiere objeto no textil: ['wood'] | título sugiere objeto no textil: ['pin'] | nombre de objeto sugiere objeto no textil: ['pin']",1,3,2026-06-15,rechazar,rechazado,-6,"clasificación contiene evidencia textil: ['textile', 'textiles'] | evidencia cultural/geográfica andina: ['peru', 'peruvian'] | material sugiere objeto no textil: ['wood'] | título sugiere objeto no textil: ['pin'] | nombre de objeto sugiere objeto no textil: ['pin']",fase_filtrado,the_met_textiles_pilot
met,The Metropolitan Museum of Art,316858,Spindle,Objeto textil,Peruvian,,10th–16th century (?),Peru,,,,The Michael C. Rockefeller Wing,Textiles-Implements,No textil,Spindle,"Wood, paint",Height 11-5/8 in.,"Bequest of Arthur M. Bullowa, 1993","Metropolitan Museum of Art, New York, NY",https://www.metmuseum.org/art/collection/search/316858,https://images.metmuseum.org/CRDImages/ao/original/vs1994.35.29--33d.jpg,https://images.metmuseum.org/CRDImages/ao/web-large/vs1994.35.29--33d.jpg,True,,,Peruvian textile,-6,excluido_no_textil,"clasificación contiene evidencia textil: ['textile', 'textiles'] | evidencia cultural/geográfica andina: ['peru', 'peruvian'] | material sugiere objeto no textil: ['wood'] | título sugiere objeto no textil: ['pin'] | nombre de objeto sugiere objeto no textil: ['pin']",1,3,2026-06-15,rechazar,rechazado,-6,"clasificación contiene evidencia textil: ['textile', 'textiles'] | evidencia cultural/geográfica andina: ['peru', 'peruvian'] | material sugiere objeto no textil: ['wood'] | título sugiere objeto no textil: ['pin'] | nombre de objeto sugiere objeto no textil: ['pin']",fase_filtrado,the_met_textiles_pilot
met,The Metropolitan Museum of Art,316861,Spindle,Objeto textil,Peruvian,,10th–16th century (?),Peru,,,,The Michael C. Rockefeller Wing,Textiles-Implements,No textil,Spindle,"Wood, paint",Height 10-1/8 in.,"Bequest of Arthur M. Bullowa, 1993","Metropolitan Museum of Art, New York, NY",https://www.metmuseum.org/art/collection/search/316861,https://images.metmuseum.org/CRDImages/ao/original/vs1994.35.29--33d.jpg,https://images.metmuseum.org/CRDImages/ao/web-large/vs1994.35.29--33d.jpg,True,,,Peruvian textile,-6,excluido_no_textil,"clasificación contiene evidencia textil: ['textile', 'textiles'] | evidencia cultural/geográfica andina: ['peru', 'peruvian'] | material sugiere objeto no textil: ['wood'] | título sugiere objeto no textil: ['pin'] | nombre de objeto sugiere objeto no textil: ['pin']",1,3,2026-06-15,rechazar,rechazado,-6,"clasificación contiene evidencia textil: ['textile', 'textiles'] | evidencia cultural/geográfica andina: ['peru', 'peruvian'] | material sugiere objeto no textil: ['wood'] | título sugiere objeto no textil: ['pin'] | nombre de objeto sugiere objeto no textil: ['pin']",fase_filtrado,the_met_textiles_pilot
met,The Metropolitan Museum of Art,316914,Feathered Ornament,Objeto textil,Peruvian,,14th–early 16th century,Peru,,,,The Michael C. Rockefeller Wing,Textiles-Featherwork,No textil,Ornament,"Cotton, feathers",Length 37 in.,"Bequest of Arthur M. Bullowa, 1993","Metropolitan Museum of Art, New York, NY",https://www.metmuseum.org/art/collection/search/316914,https://images.metmuseum.org/CRDImages/ao/original/DP101345b.jpg,https://images.metmuseum.org/CRDImages/ao/web-large/DP101345b.jpg,True,,,Peruvian textile,2,excluido_no_textil,"clasificación contiene evidencia textil: ['textile', 'textiles'] | material contiene fibras o soporte textil: ['cotton'] | evidencia cultural/geográfica andina: ['peru', 'peruvian'] | título sugiere objeto no textil: ['ornament'] | nombre de objeto sugiere objeto no textil: ['ornament']",2,2,2026-06-15,rechazar,rechazado,2,"clasificación contiene evidencia textil: ['textile', 'textiles'] | material contiene fibras o soporte textil: ['cotton'] | evidencia cultural/geográfica andina: ['peru', 'peruvian'] | título sugiere objeto no textil: ['ornament'] | nombre de objeto sugiere objeto no textil: ['ornament']",fase_filtrado,the_met_textiles_pilot
met,The Metropolitan Museum of Art,315654,Copper Needle,Objeto textil,Peruvian,,before 16th century,Peru,,,,The Michael C. Rockefeller Wing,Textiles-Implements,No textil,Needle,Copper,Length 6 in. (15.2 cm),"Bequest of Jane Costello Goldberg, from the Collection of Arnold I. Goldberg, 1986","Metropolitan Museum of Art, New York, NY",https://www.metmuseum.org/art/collection/search/315654,https://images.metmuseum.org/CRDImages/ao/original/vs1987_394_606.jpg,https://images.metmuseum.org/CRDImages/ao/web-large/vs1987_394_606.jpg,True,,,Peruvian textile,2,excluido_no_textil,"clasificación contiene evidencia textil: ['textile', 'textiles'] | evidencia cultural/geográfica andina: ['peru', 'peruvian'] | material sugiere objeto no textil: ['copper']",1,1,2026-06-15,rechazar,rechazado,2,"clasificación contiene evidencia textil: ['textile', 'textiles'] | evidencia cultural/geográfica andina: ['peru', 'peruvian'] | material sugiere objeto no textil: ['copper']",fase_filtrado,the_met_textiles_pilot
met,The Metropolitan Museum of Art,312943,Textile ornament,Objeto textil,Nasca,,1–700 CE,Peru,South Coast,,,The Michael C. Rockefeller Wing,Metal-Ornaments,No textil,Ornament,Gold,H. 4 11/16 × W. 4 1/8 × D. 1/4 in. (11.9 × 10.5 × 0.6 cm),"The Michael C. Rockefeller Memorial Collection, Bequest of Nelson A. Rockefeller, 1979","Metropolitan Museum of Art, New York, NY",https://www.metmuseum.org/art/collection/search/312943,https://images.metmuseum.org/CRDImages/ao/original/DP-25877-001.jpg,https://images.metmuseum.org/CRDImages/ao/web-large/DP-25877-001.jpg,True,,,Peru textile,-13,excluido_no_textil,"título contiene términos textiles: ['textile'] | evidencia cultural/geográfica andina: ['peru', 'nasca'] | clasificación sugiere objeto no textil: ['metal', 'ornaments'] | material sugiere objeto no textil: ['gold'] | título sugiere objeto no textil: ['ornament'] | nombre de objeto sugiere objeto no textil: ['ornament']",1,4,2026-06-15,rechazar,rechazado,-13,"título contiene términos textiles: ['textile'] | evidencia cultural/geográfica andina: ['peru', 'nasca'] | clasificación sugiere objeto no textil: ['metal', 'ornaments'] | material sugiere objeto no textil: ['gold'] | título sugiere objeto no textil: ['ornament'] | nombre de objeto sugiere objeto no textil: ['ornament']",fase_filtrado,the_met_textiles_pilot
met,The Metropolitan Museum of Art,312942,Textile ornament,Objeto textil,Nasca,,1–700 CE,Peru,South Coast,,,The Michael C. Rockefeller Wing,Metal-Ornaments,No textil,Ornament,Gold,H. 4 1/4 × W. 4 9/16 × D. 1/4 in. (10.8 × 11.5 × 0.6 cm),"The Michael C. Rockefeller Memorial Collection, Bequest of Nelson A. Rockefeller, 1979","Metropolitan Museum of Art, New York, NY",https://www.metmuseum.org/art/collection/search/312942,https://images.metmuseum.org/CRDImages/ao/original/DP-25876-001.jpg,https://images.metmuseum.org/CRDImages/ao/web-large/DP-25876-001.jpg,True,,,Peru textile,-13,excluido_no_textil,"título contiene términos textiles: ['textile'] | evidencia cultural/geográfica andina: ['peru', 'nasca'] | clasificación sugiere objeto no textil: ['metal', 'ornaments'] | material sugiere objeto no textil: ['gold'] | título sugiere objeto no textil: ['ornament'] | nombre de objeto sugiere objeto no textil: ['ornament']",1,4,2026-06-15,rechazar,rechazado,-13,"título contiene términos textiles: ['textile'] | evidencia cultural/geográfica andina: ['peru', 'nasca'] | clasificación sugiere objeto no textil: ['metal', 'ornaments'] | material sugiere objeto no textil: ['gold'] | título sugiere objeto no textil: ['ornament'] | nombre de objeto sugiere objeto no textil: ['ornament']",fase_filtrado,the_met_textiles_pilot
met,The Metropolitan Museum of Art,312944,Textile ornament,Objeto textil,Nasca,,1–700 CE,Peru,South Coast,,,The Michael C. Rockefeller Wing,Metal-Ornaments,No textil,Ornament,Gold,H. 4 × W. 3 5/8 × D. 1/4 in. (10.2 × 9.2 × 0.6 cm),"The Michael C. Rockefeller Memorial Collection, Bequest of Nelson A. Rockefeller, 1979","Metropolitan Museum of Art, New York, NY",https://www.metmuseum.org/art/collection/search/312944,https://images.metmuseum.org/CRDImages/ao/original/DP-25878-001.jpg,https://images.metmuseum.org/CRDImages/ao/web-large/DP-25878-001.jpg,True,,,Peru textile,-13,excluido_no_textil,"título contiene términos textiles: ['textile'] | evidencia cultural/geográfica andina: ['peru', 'nasca'] | clasificación sugiere objeto no textil: ['metal', 'ornaments'] | material sugiere objeto no textil: ['gold'] | título sugiere objeto no textil: ['ornament'] | nombre de objeto sugiere objeto no textil: ['ornament']",1,4,2026-06-15,rechazar,rechazado,-13,"título contiene términos textiles: ['textile'] | evidencia cultural/geográfica andina: ['peru', 'nasca'] | clasificación sugiere objeto no textil: ['metal', 'ornaments'] | material sugiere objeto no textil: ['gold'] | título sugiere objeto no textil: ['ornament'] | nombre de objeto sugiere objeto no textil: ['ornament']",fase_filtrado,the_met_textiles_pilot
met,The Metropolitan Museum of Art,312946,Textile ornament,Objeto textil,Nasca,,1–700 CE,Peru,South Coast,,,The Michael C. Rockefeller Wing,Metal-Ornaments,No textil,Ornament,Gold,H. 3 13/16 × W. 4 × D. 3/16 in. (9.7 × 10.2 × 0.5 cm),"The Michael C. Rockefeller Memorial Collection, Bequest of Nelson A. Rockefeller, 1979","Metropolitan Museum of Art, New York, NY",https://www.metmuseum.org/art/collection/search/312946,https://images.metmuseum.org/CRDImages/ao/original/DP-25880-001.jpg,https://images.metmuseum.org/CRDImages/ao/web-large/DP-25880-001.jpg,True,,,Peru textile,-13,excluido_no_textil,"título contiene términos textiles: ['textile'] | evidencia cultural/geográfica andina: ['peru', 'nasca'] | clasificación sugiere objeto no textil: ['metal', 'ornaments'] | material sugiere objeto no textil: ['gold'] | título sugiere objeto no textil: ['ornament'] | nombre de objeto sugiere objeto no textil: ['ornament']",1,4,2026-06-15,rechazar,rechazado,-13,"título contiene términos textiles: ['textile'] | evidencia cultural/geográfica andina: ['peru', 'nasca'] | clasificación sugiere objeto no textil: ['metal', 'ornaments'] | material sugiere objeto no textil: ['gold'] | título sugiere objeto no textil: ['ornament'] | nombre de objeto sugiere objeto no textil: ['ornament']",fase_filtrado,the_met_textiles_pilot
met,The Metropolitan Museum of Art,312941,Textile ornament,Objeto textil,Nasca,,1–700 CE,Peru,South Coast,,,The Michael C. Rockefeller Wing,Metal-Ornaments,No textil,Ornament,Gold,H. 4 1/2 × W. 4 5/8 × D. 1/4 in. (11.4 × 11.7 × 0.6 cm),"The Michael C. Rockefeller Memorial Collection, Bequest of Nelson A. Rockefeller, 1979","Metropolitan Museum of Art, New York, NY",https://www.metmuseum.org/art/collection/search/312941,https://images.metmuseum.org/CRDImages/ao/original/DP-25875-001.jpg,https://images.metmuseum.org/CRDImages/ao/web-large/DP-25875-001.jpg,True,,,Peru textile,-13,excluido_no_textil,"título contiene términos textiles: ['textile'] | evidencia cultural/geográfica andina: ['peru', 'nasca'] | clasificación sugiere objeto no textil: ['metal', 'ornaments'] | material sugiere objeto no textil: ['gold'] | título sugiere objeto no textil: ['ornament'] | nombre de objeto sugiere objeto no textil: ['ornament']",1,4,2026-06-15,rechazar,rechazado,-13,"título contiene términos textiles: ['textile'] | evidencia cultural/geográfica andina: ['peru', 'nasca'] | clasificación sugiere objeto no textil: ['metal', 'ornaments'] | material sugiere objeto no textil: ['gold'] | título sugiere objeto no textil: ['ornament'] | nombre de objeto sugiere objeto no textil: ['ornament']",fase_filtrado,the_met_textiles_pilot
met,The Metropolitan Museum of Art,312945,Textile ornament,Objeto textil,Nasca,,1–700 CE,Peru,South Coast,,,The Michael C. Rockefeller Wing,Metal-Ornaments,No textil,Ornament,Gold,H. 3 3/4 × W. 4 × D. 1/4 in. (9.5 × 10.2 × 0.6 cm),"The Michael C. Rockefeller Memorial Collection, Bequest of Nelson A. Rockefeller, 1979","Metropolitan Museum of Art, New York, NY",https://www.metmuseum.org/art/collection/search/312945,https://images.metmuseum.org/CRDImages/ao/original/DP-25879-001.jpg,https://images.metmuseum.org/CRDImages/ao/web-large/DP-25879-001.jpg,True,,,Peru textile,-13,excluido_no_textil,"título contiene términos textiles: ['textile'] | evidencia cultural/geográfica andina: ['peru', 'nasca'] | clasificación sugiere objeto no textil: ['metal', 'ornaments'] | material sugiere objeto no textil: ['gold'] | título sugiere objeto no textil: ['ornament'] | nombre de objeto sugiere objeto no textil: ['ornament']",1,4,2026-06-15,rechazar,rechazado,-13,"título contiene términos textiles: ['textile'] | evidencia cultural/geográfica andina: ['peru', 'nasca'] | clasificación sugiere objeto no textil: ['metal', 'ornaments'] | material sugiere objeto no textil: ['gold'] | título sugiere objeto no textil: ['ornament'] | nombre de objeto sugiere objeto no textil: ['ornament']",fase_filtrado,the_met_textiles_pilot
met,The Metropolitan Museum of Art,312248,Textile ornament,Objeto textil,Nasca,,1–700 CE,Peru,South Coast,,,The Michael C. Rockefeller Wing,Metal-Ornaments,No textil,Ornament,Gold,H. 3 1/2 × W. 3 5/8 × D. 1/4 in. (8.9 × 9.2 × 0.6 cm),"The Michael C. Rockefeller Memorial Collection, Bequest of Nelson A. Rockefeller, 1979","Metropolitan Museum of Art, New York, NY",https://www.metmuseum.org/art/collection/search/312248,https://images.metmuseum.org/CRDImages/ao/original/DP-25881-001.jpg,https://images.metmuseum.org/CRDImages/ao/web-large/DP-25881-001.jpg,True,,,Peru textile,-13,excluido_no_textil,"título contiene términos textiles: ['textile'] | evidencia cultural/geográfica andina: ['peru', 'nasca'] | clasificación sugiere objeto no textil: ['metal', 'ornaments'] | material sugiere objeto no textil: ['gold'] | título sugiere objeto no textil: ['ornament'] | nombre de objeto sugiere objeto no textil: ['ornament']",1,4,2026-06-15,rechazar,rechazado,-13,"título contiene términos textiles: ['textile'] | evidencia cultural/geográfica andina: ['peru', 'nasca'] | clasificación sugiere objeto no textil: ['metal', 'ornaments'] | material sugiere objeto no textil: ['gold'] | título sugiere objeto no textil: ['ornament'] | nombre de objeto sugiere objeto no textil: ['ornament']",fase_filtrado,the_met_textiles_pilot
met,The Metropolitan Museum of Art,312250,Textile ornament,Objeto textil,Nasca,,1–700 CE,Peru,South Coast,,,The Michael C. Rockefeller Wing,Metal-Ornaments,No textil,Ornament,Gold,H. 3 1/2 × W. 3 5/8 × D. 3/16 in. (8.9 × 9.1 × 0.5 cm),"The Michael C. Rockefeller Memorial Collection, Bequest of Nelson A. Rockefeller, 1979","Metropolitan Museum of Art, New York, NY",https://www.metmuseum.org/art/collection/search/312250,https://images.metmuseum.org/CRDImages/ao/original/DP-25883-001.jpg,https://images.metmuseum.org/CRDImages/ao/web-large/DP-25883-001.jpg,True,,,Peru textile,-13,excluido_no_textil,"título contiene términos textiles: ['textile'] | evidencia cultural/geográfica andina: ['peru', 'nasca'] | clasificación sugiere objeto no textil: ['metal', 'ornaments'] | material sugiere objeto no textil: ['gold'] | título sugiere objeto no textil: ['ornament'] | nombre de objeto sugiere objeto no textil: ['ornament']",1,4,2026-06-15,rechazar,rechazado,-13,"título contiene términos textiles: ['textile'] | evidencia cultural/geográfica andina: ['peru', 'nasca'] | clasificación sugiere objeto no textil: ['metal', 'ornaments'] | material sugiere objeto no textil: ['gold'] | título sugiere objeto no textil: ['ornament'] | nombre de objeto sugiere objeto no textil: ['ornament']",fase_filtrado,the_met_textiles_pilot
met,The Metropolitan Museum of Art,312249,Textile ornament,Objeto textil,Nasca,,1–700 CE,Peru,South Coast,,,The Michael C. Rockefeller Wing,Metal-Ornaments,No textil,Ornament,Gold,H. 3 1/4 × W. 3 1/2 × D. 5/16 in. (8.3 × 8.9 × 0.8 cm),"The Michael C. Rockefeller Memorial Collection, Bequest of Nelson A. Rockefeller, 1979","Metropolitan Museum of Art, New York, NY",https://www.metmuseum.org/art/collection/search/312249,https://images.metmuseum.org/CRDImages/ao/original/DP-25882-001.jpg,https://images.metmuseum.org/CRDImages/ao/web-large/DP-25882-001.jpg,True,,,Peru textile,-13,excluido_no_textil,"título contiene términos textiles: ['textile'] | evidencia cultural/geográfica andina: ['peru', 'nasca'] | clasificación sugiere objeto no textil: ['metal', 'ornaments'] | material sugiere objeto no textil: ['gold'] | título sugiere objeto no textil: ['ornament'] | nombre de objeto sugiere objeto no textil: ['ornament']",1,4,2026-06-15,rechazar,rechazado,-13,"título contiene términos textiles: ['textile'] | evidencia cultural/geográfica andina: ['peru', 'nasca'] | clasificación sugiere objeto no textil: ['metal', 'ornaments'] | material sugiere objeto no textil: ['gold'] | título sugiere objeto no textil: ['ornament'] | nombre de objeto sugiere objeto no textil: ['ornament']",fase_filtrado,the_met_textiles_pilot
met,The Metropolitan Museum of Art,310652,Bottle with caiman,,Cupisnique,,1000–800 BCE,Peru,Tembladera,,,The Michael C. Rockefeller Wing,Ceramics-Containers,No textil,Bottle,"Ceramic, post-fire paint (cinnabar)",H. 12 3/4 × W. 8 1/16 × D. 5 3/8 in. (32.4 × 20.5 × 13.7 cm),"The Michael C. Rockefeller Memorial Collection, Purchase, Nelson A. Rockefeller Gift, 1967","Metropolitan Museum of Art, New York, NY",https://www.metmuseum.org/art/collection/search/310652,https://images.metmuseum.org/CRDImages/ao/original/DP-23559-001.jpg,https://images.metmuseum.org/CRDImages/ao/web-large/DP-23559-001.jpg,True,,,Peru textile,-16,excluido_no_textil,"evidencia cultural/geográfica andina: ['peru'] | clasificación sugiere objeto no textil: ['ceramics', 'ceramic'] | material sugiere objeto no textil: ['ceramic'] | título sugiere objeto no textil: ['bottle'] | nombre de objeto sugiere objeto no textil: ['bottle']",0,4,2026-06-15,rechazar,rechazado,-16,"evidencia cultural/geográfica andina: ['peru'] | clasificación sugiere objeto no textil: ['ceramics', 'ceramic'] | material sugiere objeto no textil: ['ceramic'] | título sugiere objeto no textil: ['bottle'] | nombre de objeto sugiere objeto no textil: ['bottle']",fase_filtrado,the_met_textiles_pilot
met,The Metropolitan Museum of Art,315703,Feathered Crown,,Chimú,,1200 – 1400 CE,Peru,,,,The Michael C. Rockefeller Wing,Feathers-Costumes,No textil,Crown,"Feathers (Paradise Tanager, Macaw), cotton, skin, cane, copper",H. (incl. stand) 10 1/4 × Diam. 9 1/2 in. (26 × 24.1 cm),"Bequest of Jane Costello Goldberg, from the Collection of Arnold I. Goldberg, 1986","Metropolitan Museum of Art, New York, NY",https://www.metmuseum.org/art/collection/search/315703,https://images.metmuseum.org/CRDImages/ao/original/DP230213.jpg,https://images.metmuseum.org/CRDImages/ao/web-large/DP230213.jpg,True,,,Peru textile,1,excluido_no_textil,"material contiene fibras o soporte textil: ['cotton'] | evidencia cultural/geográfica andina: ['peru', 'chimú', 'chimu'] | material sugiere objeto no textil: ['copper']",1,1,2026-06-15,rechazar,rechazado,1,"material contiene fibras o soporte textil: ['cotton'] | evidencia cultural/geográfica andina: ['peru', 'chimú', 'chimu'] | material sugiere objeto no textil: ['copper']",fase_filtrado,the_met_textiles_pilot
met,The Metropolitan Museum of Art,312254,Ornamental disk,,Chimú,,1100–1470 CE,Peru,North Coast,,,The Michael C. Rockefeller Wing,Metal-Ornaments,No textil,Disk,Gold,D. 1/2 × Diam. 5 1/2 in. (1.3 × 14 cm),"The Michael C. Rockefeller Memorial Collection, Bequest of Nelson A. Rockefeller, 1979","Metropolitan Museum of Art, New York, NY",https://www.metmuseum.org/art/collection/search/312254,https://images.metmuseum.org/CRDImages/ao/original/DP-25936-001.jpg,https://images.metmuseum.org/CRDImages/ao/web-large/DP-25936-001.jpg,True,,,Peru textile,-12,excluido_no_textil,"evidencia cultural/geográfica andina: ['peru', 'chimú', 'chimu'] | clasificación sugiere objeto no textil: ['metal', 'ornaments'] | material sugiere objeto no textil: ['gold'] | título sugiere objeto no textil: ['ornament']",0,3,2026-06-15,rechazar,rechazado,-12,"evidencia cultural/geográfica andina: ['peru', 'chimú', 'chimu'] | clasificación sugiere objeto no textil: ['metal', 'ornaments'] | material sugiere objeto no textil: ['gold'] | título sugiere objeto no textil: ['ornament']",fase_filtrado,the_met_textiles_pilot
met,The Metropolitan Museum of Art,315751,Scepter wand with feathers,,Chimú or Chancay,,1200 – 1500 CE,Peru,,,,The Michael C. Rockefeller Wing,Metal-Ornaments,No textil,Scepter,"Silver, feathers",Length 14-5/8 in. (37 cm),"Bequest of Jane Costello Goldberg, from the Collection of Arnold I. Goldberg, 1986","Metropolitan Museum of Art, New York, NY",https://www.metmuseum.org/art/collection/search/315751,https://images.metmuseum.org/CRDImages/ao/original/DP230136.jpg,https://images.metmuseum.org/CRDImages/ao/web-large/DP230136.jpg,True,,,Peru textile,-8,excluido_no_textil,"evidencia cultural/geográfica andina: ['peru', 'chancay', 'chimú', 'chimu'] | clasificación sugiere objeto no textil: ['metal', 'ornaments'] | material sugiere objeto no textil: ['silver']",0,2,2026-06-15,rechazar,rechazado,-8,"evidencia cultural/geográfica andina: ['peru', 'chancay', 'chimú', 'chimu'] | clasificación sugiere objeto no textil: ['metal', 'ornaments'] | material sugiere objeto no textil: ['silver']",fase_filtrado,the_met_textiles_pilot
met,The Metropolitan Museum of Art,229102,Dress for a statuette,Objeto textil,,,18th century,,,,,European Sculpture and Decorative Arts,Textiles-Woven,No textil,Dress,"Polychromed lead, glass; silver; silk and silver-gilt lace","(from back of neck to edged of lace)
L. 14 1/2 inches (36.8 cm)","Gift of Loretta Hines Howard, 1964","Metropolitan Museum of Art, New York, NY",https://www.metmuseum.org/art/collection/search/229102,https://images.metmuseum.org/CRDImages/es/original/DP-13509-001.jpg,https://images.metmuseum.org/CRDImages/es/web-large/DP-13509-001.jpg,True,,,Peru textile,1,excluido_no_textil,"clasificación contiene evidencia textil: ['textile', 'textiles'] | material sugiere objeto no textil: ['silver']",1,1,2026-06-15,rechazar,rechazado,1,"clasificación contiene evidencia textil: ['textile', 'textiles'] | material sugiere objeto no textil: ['silver']",fase_filtrado,the_met_textiles_pilot
met,The Metropolitan Museum of Art,229103,Capelet for a statuette,Objeto textil,,,17th–18th century,,,,,European Sculpture and Decorative Arts,Textiles-Woven,No textil,Capelet,"Polychromed lead, glass; silver; silk and silver-gilt lace","(from neck to edge of lace)
L. 8 x W. (around hem) ca. 39 1/2 inches
20.3 x 100.3 cm","Gift of Loretta Hines Howard, 1964","Metropolitan Museum of Art, New York, NY",https://www.metmuseum.org/art/collection/search/229103,https://images.metmuseum.org/CRDImages/es/original/DP-13509-001.jpg,https://images.metmuseum.org/CRDImages/es/web-large/DP-13509-001.jpg,True,,,Peru textile,1,excluido_no_textil,"clasificación contiene evidencia textil: ['textile', 'textiles'] | material sugiere objeto no textil: ['silver']",1,1,2026-06-15,rechazar,rechazado,1,"clasificación contiene evidencia textil: ['textile', 'textiles'] | material sugiere objeto no textil: ['silver']",fase_filtrado,the_met_textiles_pilot
met,The Metropolitan Museum of Art,315761,Miniature bottle,,Chimú or Chancay,,1300–1470 CE,Peru,North or Central Coast,,,The Michael C. Rockefeller Wing,Metal-Containers,No textil,Bottle,Silver,H. 3 3/4 × W. 2 7/8 × D. 1 1/2 in. (9.5 × 7.4 × 3.8 cm),"Bequest of Jane Costello Goldberg, from the Collection of Arnold I. Goldberg, 1986","Metropolitan Museum of Art, New York, NY",https://www.metmuseum.org/art/collection/search/315761,https://images.metmuseum.org/CRDImages/ao/original/DP-27250-001.jpg,https://images.metmuseum.org/CRDImages/ao/web-large/DP-27250-001.jpg,True,,,Peru textile,-16,excluido_no_textil,"evidencia cultural/geográfica andina: ['peru', 'chancay', 'chimú', 'chimu'] | clasificación sugiere objeto no textil: ['metal'] | material sugiere objeto no textil: ['silver'] | título sugiere objeto no textil: ['bottle'] | nombre de objeto sugiere objeto no textil: ['bottle']",0,4,2026-06-15,rechazar,rechazado,-16,"evidencia cultural/geográfica andina: ['peru', 'chancay', 'chimú', 'chimu'] | clasificación sugiere objeto no textil: ['metal'] | material sugiere objeto no textil: ['silver'] | título sugiere objeto no textil: ['bottle'] | nombre de objeto sugiere objeto no textil: ['bottle']",fase_filtrado,the_met_textiles_pilot
met,The Metropolitan Museum of Art,315748,Miniature slingshot,,Chimú or Chancay,,1300–1470 CE,Peru,North or Central Coast,,,The Michael C. Rockefeller Wing,Metal-Implements,No textil,Sling shot,"Silver, feathers, wood",H. 2 1/2 × W. 8 × D. 1 × L. 18 1/8 in. (6.4 × 20.3 × 2.5 × 46 cm),"Bequest of Jane Costello Goldberg, from the Collection of Arnold I. Goldberg, 1986","Metropolitan Museum of Art, New York, NY",https://www.metmuseum.org/art/collection/search/315748,https://images.metmuseum.org/CRDImages/ao/original/DP-27319-001.jpg,https://images.metmuseum.org/CRDImages/ao/web-large/DP-27319-001.jpg,True,,,Peru textile,-8,excluido_no_textil,"evidencia cultural/geográfica andina: ['peru', 'chancay', 'chimú', 'chimu'] | clasificación sugiere objeto no textil: ['metal'] | material sugiere objeto no textil: ['silver', 'wood']",0,2,2026-06-15,rechazar,rechazado,-8,"evidencia cultural/geográfica andina: ['peru', 'chancay', 'chimú', 'chimu'] | clasificación sugiere objeto no textil: ['metal'] | material sugiere objeto no textil: ['silver', 'wood']",fase_filtrado,the_met_textiles_pilot
met,The Metropolitan Museum of Art,317796,Crown,,Chimú,,800–1400 CE,Peru,,,,The Michael C. Rockefeller Wing,Metal-Ornaments,No textil,Crown,Gold,H. 5 1/2 x Diam. 7 in. (13.9 x 17.8 cm),"Jan Mitchell and Sons Collection, Gift of Jan Mitchell, 1996","Metropolitan Museum of Art, New York, NY",https://www.metmuseum.org/art/collection/search/317796,https://images.metmuseum.org/CRDImages/ao/original/DP-27415-001.jpg,https://images.metmuseum.org/CRDImages/ao/web-large/DP-27415-001.jpg,True,,,Peru textile,-8,excluido_no_textil,"evidencia cultural/geográfica andina: ['peru', 'chimú', 'chimu'] | clasificación sugiere objeto no textil: ['metal', 'ornaments'] | material sugiere objeto no textil: ['gold']",0,2,2026-06-15,rechazar,rechazado,-8,"evidencia cultural/geográfica andina: ['peru', 'chimú', 'chimu'] | clasificación sugiere objeto no textil: ['metal', 'ornaments'] | material sugiere objeto no textil: ['gold']",fase_filtrado,the_met_textiles_pilot
met,The Metropolitan Museum of Art,308482,Rattle bowl with flying figure (Oculate Being),,Paracas,,350 BCE–60 CE,Peru,Ica Valley,,,The Michael C. Rockefeller Wing,Ceramics-Containers,No textil,Bowl,"Ceramic, post-fire paint",H. 2 1/8 × W. 6 7/8 × D. 6 7/8 in. (5.4 × 17.5 × 17.5 cm),"Gift of Nathan Cummings, 1963","Metropolitan Museum of Art, New York, NY",https://www.metmuseum.org/art/collection/search/308482,https://images.metmuseum.org/CRDImages/ao/original/DP-23569-001.jpg,https://images.metmuseum.org/CRDImages/ao/web-large/DP-23569-001.jpg,True,,,Peru textile,-16,excluido_no_textil,"evidencia cultural/geográfica andina: ['peru', 'paracas'] | clasificación sugiere objeto no textil: ['ceramics', 'ceramic'] | material sugiere objeto no textil: ['ceramic'] | título sugiere objeto no textil: ['bowl', 'figure'] | nombre de objeto sugiere objeto no textil: ['bowl']",0,4,2026-06-15,rechazar,rechazado,-16,"evidencia cultural/geográfica andina: ['peru', 'paracas'] | clasificación sugiere objeto no textil: ['ceramics', 'ceramic'] | material sugiere objeto no textil: ['ceramic'] | título sugiere objeto no textil: ['bowl', 'figure'] | nombre de objeto sugiere objeto no textil: ['bowl']",fase_filtrado,the_met_textiles_pilot
met,The Metropolitan Museum of Art,313226,Funerary staff,,Inca,,1400–1535 CE,Peru,South Coast,,,The Michael C. Rockefeller Wing,Wood-Sculpture,No textil,Staff,"Wood, paint",H. 62 1/4 x W. 2 5/8 x D. 1 in. (158.2 x 6.7 x 2.5 cm),"The Michael C. Rockefeller Memorial Collection, Bequest of Nelson A. Rockefeller, 1979","Metropolitan Museum of Art, New York, NY",https://www.metmuseum.org/art/collection/search/313226,https://images.metmuseum.org/CRDImages/ao/original/DP-23808-001.jpg,https://images.metmuseum.org/CRDImages/ao/web-large/DP-23808-001.jpg,True,,,Inca textile,-8,excluido_no_textil,"evidencia cultural/geográfica andina: ['peru', 'inca'] | clasificación sugiere objeto no textil: ['sculpture'] | material sugiere objeto no textil: ['wood']",0,2,2026-06-15,rechazar,rechazado,-8,"evidencia cultural/geográfica andina: ['peru', 'inca'] | clasificación sugiere objeto no textil: ['sculpture'] | material sugiere objeto no textil: ['wood']",fase_filtrado,the_met_textiles_pilot
met,The Metropolitan Museum of Art,313053,Funerary staff,,Inca,,1400–1535 CE,Peru,,,,The Michael C. Rockefeller Wing,Wood-Sculpture,No textil,Tomb staff,"Wood, paint",H. 51 x W. 2 7/8 x D. 5/8 in. (129.5 x 7.3 x 1.6 cm),"The Michael C. Rockefeller Memorial Collection, Bequest of Nelson A. Rockefeller, 1979","Metropolitan Museum of Art, New York, NY",https://www.metmuseum.org/art/collection/search/313053,https://images.metmuseum.org/CRDImages/ao/original/DP-23809-001.jpg,https://images.metmuseum.org/CRDImages/ao/web-large/DP-23809-001.jpg,True,,Birds,Inca textile,-8,excluido_no_textil,"evidencia cultural/geográfica andina: ['peru', 'inca'] | clasificación sugiere objeto no textil: ['sculpture'] | material sugiere objeto no textil: ['wood']",0,2,2026-06-15,rechazar,rechazado,-8,"evidencia cultural/geográfica andina: ['peru', 'inca'] | clasificación sugiere objeto no textil: ['sculpture'] | material sugiere objeto no textil: ['wood']",fase_filtrado,the_met_textiles_pilot
met,The Metropolitan Museum of Art,315486,Tumi (knife) with a talon,,Inca,,1400–1535 CE,Peru,,,,The Michael C. Rockefeller Wing,Metal-Implements,No textil,Knife,Tin bronze,H. 6 3/4 × W. 6 1/4 × D. 2 1/2 in. (17.1 × 15.9 × 6.4 cm),"Bequest of Jane Costello Goldberg, from the Collection of Arnold I. Goldberg, 1986","Metropolitan Museum of Art, New York, NY",https://www.metmuseum.org/art/collection/search/315486,https://images.metmuseum.org/CRDImages/ao/original/DP108299.jpg,https://images.metmuseum.org/CRDImages/ao/web-large/DP108299.jpg,True,,,Inca textile,-16,excluido_no_textil,"evidencia cultural/geográfica andina: ['peru', 'inca'] | clasificación sugiere objeto no textil: ['metal'] | material sugiere objeto no textil: ['bronze'] | título sugiere objeto no textil: ['knife'] | nombre de objeto sugiere objeto no textil: ['knife']",0,4,2026-06-15,rechazar,rechazado,-16,"evidencia cultural/geográfica andina: ['peru', 'inca'] | clasificación sugiere objeto no textil: ['metal'] | material sugiere objeto no textil: ['bronze'] | título sugiere objeto no textil: ['knife'] | nombre de objeto sugiere objeto no textil: ['knife']",fase_filtrado,the_met_textiles_pilot
met,The Metropolitan Museum of Art,309943,Miniature male effigy,,Inca,,1400–1535 CE,"Ecuador, Peru, Bolivia, Chile, or Argentina",,,,The Michael C. Rockefeller Wing,Sculpture-Sheet metal,No textil,Figure,Gold-silver alloy,H. 2 7/16 × W. 3/4 × D. 1/2 in. (6.2 × 1.9 × 1.3 cm),"Gift and Bequest of Alice K. Bache, 1974, 1977","Metropolitan Museum of Art, New York, NY",https://www.metmuseum.org/art/collection/search/309943,https://images.metmuseum.org/CRDImages/ao/original/DP-13440-014.jpg,https://images.metmuseum.org/CRDImages/ao/web-large/DP-13440-014.jpg,True,,Men,Inca textile,-12,excluido_no_textil,"evidencia cultural/geográfica andina: ['peru', 'inca'] | clasificación sugiere objeto no textil: ['metal', 'sculpture'] | material sugiere objeto no textil: ['gold', 'silver', 'alloy'] | nombre de objeto sugiere objeto no textil: ['figure']",0,3,2026-06-15,rechazar,rechazado,-12,"evidencia cultural/geográfica andina: ['peru', 'inca'] | clasificación sugiere objeto no textil: ['metal', 'sculpture'] | material sugiere objeto no textil: ['gold', 'silver', 'alloy'] | nombre de objeto sugiere objeto no textil: ['figure']",fase_filtrado,the_met_textiles_pilot
met,The Metropolitan Museum of Art,309944,Miniature female effigy,,Inca,,1400–1535 CE,"Ecuador, Peru, Bolivia, Chile, or Argentina",,,,The Michael C. Rockefeller Wing,Sculpture-Sheet metal,No textil,Figure,Gold-silver alloy,H. 2 5/8 × W. 3/4 × D. 3/4 in. (6.7 × 1.9 × 1.9 cm),"Gift and Bequest of Alice K. Bache, 1974, 1977","Metropolitan Museum of Art, New York, NY",https://www.metmuseum.org/art/collection/search/309944,https://images.metmuseum.org/CRDImages/ao/original/DP-13440-023.jpg,https://images.metmuseum.org/CRDImages/ao/web-large/DP-13440-023.jpg,True,,Women,Inca textile,-12,excluido_no_textil,"evidencia cultural/geográfica andina: ['peru', 'inca'] | clasificación sugiere objeto no textil: ['metal', 'sculpture'] | material sugiere objeto no textil: ['gold', 'silver', 'alloy'] | nombre de objeto sugiere objeto no textil: ['figure']",0,3,2026-06-15,rechazar,rechazado,-12,"evidencia cultural/geográfica andina: ['peru', 'inca'] | clasificación sugiere objeto no textil: ['metal', 'sculpture'] | material sugiere objeto no textil: ['gold', 'silver', 'alloy'] | nombre de objeto sugiere objeto no textil: ['figure']",fase_filtrado,the_met_textiles_pilot
met,The Metropolitan Museum of Art,309960,Miniature camelid effigy,,Inca,,1400–1535 CE,"Ecuador, Peru, Bolivia, Chile, or Argentina",,,,The Michael C. Rockefeller Wing,Metalwork-Sculpture,No textil,Figure,"Silver, gold, copper alloy",H. 2 × W. 1 1/2 × D. 1/2 in. (5.1 × 3.8 × 1.3 cm),"Gift and Bequest of Alice K. Bache, 1974, 1977","Metropolitan Museum of Art, New York, NY",https://www.metmuseum.org/art/collection/search/309960,https://images.metmuseum.org/CRDImages/ao/original/DP-13440-031.jpg,https://images.metmuseum.org/CRDImages/ao/web-large/DP-13440-031.jpg,True,,Animals,Inca textile,-9,excluido_no_textil,"título contiene términos textiles: ['camelid'] | evidencia cultural/geográfica andina: ['peru', 'inca'] | clasificación sugiere objeto no textil: ['metalwork', 'metal', 'sculpture'] | material sugiere objeto no textil: ['gold', 'silver', 'copper', 'alloy'] | nombre de objeto sugiere objeto no textil: ['figure']",1,3,2026-06-15,rechazar,rechazado,-9,"título contiene términos textiles: ['camelid'] | evidencia cultural/geográfica andina: ['peru', 'inca'] | clasificación sugiere objeto no textil: ['metalwork', 'metal', 'sculpture'] | material sugiere objeto no textil: ['gold', 'silver', 'copper', 'alloy'] | nombre de objeto sugiere objeto no textil: ['figure']",fase_filtrado,the_met_textiles_pilot
met,The Metropolitan Museum of Art,309227,Tupu (pin),,Inca,,1400–1535 CE,Peru,,,,The Michael C. Rockefeller Wing,Metal-Ornaments,No textil,Pin,Copper alloy,H. 11 1/2 × W. 2 3/4 in. (29.2 × 7 cm),"Gift of Mr. and Mrs. Nathan Cummings, 1964","Metropolitan Museum of Art, New York, NY",https://www.metmuseum.org/art/collection/search/309227,https://images.metmuseum.org/CRDImages/ao/original/DP-27241-001.jpg,https://images.metmuseum.org/CRDImages/ao/web-large/DP-27241-001.jpg,True,,,Inca textile,-16,excluido_no_textil,"evidencia cultural/geográfica andina: ['peru', 'inca'] | clasificación sugiere objeto no textil: ['metal', 'ornaments'] | material sugiere objeto no textil: ['copper', 'alloy'] | título sugiere objeto no textil: ['pin'] | nombre de objeto sugiere objeto no textil: ['pin']",0,4,2026-06-15,rechazar,rechazado,-16,"evidencia cultural/geográfica andina: ['peru', 'inca'] | clasificación sugiere objeto no textil: ['metal', 'ornaments'] | material sugiere objeto no textil: ['copper', 'alloy'] | título sugiere objeto no textil: ['pin'] | nombre de objeto sugiere objeto no textil: ['pin']",fase_filtrado,the_met_textiles_pilot
met,The Metropolitan Museum of Art,310520,Urpu (jar),,Inca,,1400–1535 CE,Peru,,,,The Michael C. Rockefeller Wing,Ceramics-Containers,No textil,Bottle,"Ceramic, slip",H. 8 5/8 x W. 7 3/8 x D. 5 3/4 in. (21.9 x 18.8 x 14.6 cm),"The Michael C. Rockefeller Memorial Collection, Purchase, Nelson A. Rockefeller Gift, 1961","Metropolitan Museum of Art, New York, NY",https://www.metmuseum.org/art/collection/search/310520,https://images.metmuseum.org/CRDImages/ao/original/DP-24355-001.jpg,https://images.metmuseum.org/CRDImages/ao/web-large/DP-24355-001.jpg,True,,,Inca textile,-16,excluido_no_textil,"evidencia cultural/geográfica andina: ['peru', 'inca'] | clasificación sugiere objeto no textil: ['ceramics', 'ceramic'] | material sugiere objeto no textil: ['ceramic'] | título sugiere objeto no textil: ['jar'] | nombre de objeto sugiere objeto no textil: ['bottle']",0,4,2026-06-15,rechazar,rechazado,-16,"evidencia cultural/geográfica andina: ['peru', 'inca'] | clasificación sugiere objeto no textil: ['ceramics', 'ceramic'] | material sugiere objeto no textil: ['ceramic'] | título sugiere objeto no textil: ['jar'] | nombre de objeto sugiere objeto no textil: ['bottle']",fase_filtrado,the_met_textiles_pilot
met,The Metropolitan Museum of Art,313224,Ceremonial digging stick,,Inca,,1200–1535 CE,Peru,South Coast,,,The Michael C. Rockefeller Wing,Wood-Sculpture,No textil,Tomb post,"Wood, paint, metal",H. 74 3/8 × W. 6 3/4 × D. 2 1/4 in. (189 × 17.1 × 5.7 cm),"The Michael C. Rockefeller Memorial Collection, Bequest of Nelson A. Rockefeller, 1979","Metropolitan Museum of Art, New York, NY",https://www.metmuseum.org/art/collection/search/313224,https://images.metmuseum.org/CRDImages/ao/original/DP-23802-001.jpg,https://images.metmuseum.org/CRDImages/ao/web-large/DP-23802-001.jpg,True,,,Inca textile,-8,excluido_no_textil,"evidencia cultural/geográfica andina: ['peru', 'inca'] | clasificación sugiere objeto no textil: ['sculpture'] | material sugiere objeto no textil: ['metal', 'wood']",0,2,2026-06-15,rechazar,rechazado,-8,"evidencia cultural/geográfica andina: ['peru', 'inca'] | clasificación sugiere objeto no textil: ['sculpture'] | material sugiere objeto no textil: ['metal', 'wood']",fase_filtrado,the_met_textiles_pilot
met,The Metropolitan Museum of Art,313223,Ceremonial digging stick,,Inca,,1200–1535 CE,Peru,South Coast,,,The Michael C. Rockefeller Wing,Wood-Sculpture,No textil,Tomb post,"Wood, metal, paint, silver",H. 81 in. × W. 8 in. × D. 1 5/8 in. (205.7 × 20.3 × 4.1 cm),"The Michael C. Rockefeller Memorial Collection, Bequest of Nelson A. Rockefeller, 1979","Metropolitan Museum of Art, New York, NY",https://www.metmuseum.org/art/collection/search/313223,https://images.metmuseum.org/CRDImages/ao/original/DP-23804-001.jpg,https://images.metmuseum.org/CRDImages/ao/web-large/DP-23804-001.jpg,True,,,Inca textile,-8,excluido_no_textil,"evidencia cultural/geográfica andina: ['peru', 'inca'] | clasificación sugiere objeto no textil: ['sculpture'] | material sugiere objeto no textil: ['silver', 'metal', 'wood']",0,2,2026-06-15,rechazar,rechazado,-8,"evidencia cultural/geográfica andina: ['peru', 'inca'] | clasificación sugiere objeto no textil: ['sculpture'] | material sugiere objeto no textil: ['silver', 'metal', 'wood']",fase_filtrado,the_met_textiles_pilot
met,The Metropolitan Museum of Art,309229,Tupu (pin),,Wari or Inca,,Before the 16th century,Peru,,,,The Michael C. Rockefeller Wing,Metal-Ornaments,No textil,Pin,Silver,W. 2 3/8 x L. 6 3/4 in. (6.1 x 17.1 cm),"Gift of Mr. and Mrs. Nathan Cummings, 1964","Metropolitan Museum of Art, New York, NY",https://www.metmuseum.org/art/collection/search/309229,https://images.metmuseum.org/CRDImages/ao/original/DP-13440-018.jpg,https://images.metmuseum.org/CRDImages/ao/web-large/DP-13440-018.jpg,True,,,Inca textile,-16,excluido_no_textil,"evidencia cultural/geográfica andina: ['peru', 'inca', 'wari'] | clasificación sugiere objeto no textil: ['metal', 'ornaments'] | material sugiere objeto no textil: ['silver'] | título sugiere objeto no textil: ['pin'] | nombre de objeto sugiere objeto no textil: ['pin']",0,4,2026-06-15,rechazar,rechazado,-16,"evidencia cultural/geográfica andina: ['peru', 'inca', 'wari'] | clasificación sugiere objeto no textil: ['metal', 'ornaments'] | material sugiere objeto no textil: ['silver'] | título sugiere objeto no textil: ['pin'] | nombre de objeto sugiere objeto no textil: ['pin']",fase_filtrado,the_met_textiles_pilot
met,The Metropolitan Museum of Art,316938,Serpent ornament,Objeto textil,Inca (?),,1450–1532 CE,Peru,,,,The Michael C. Rockefeller Wing,Textiles-Woven,No textil,Ornament,"Cotton, camelid hair",W. 1 × L. (includes tie)  34 in. (2.5 × 86.4 cm),"Bequest of Arthur M. Bullowa, 1993","Metropolitan Museum of Art, New York, NY",https://www.metmuseum.org/art/collection/search/316938,https://images.metmuseum.org/CRDImages/ao/original/1994.35.113_d.JPG,https://images.metmuseum.org/CRDImages/ao/web-large/1994.35.113_d.JPG,True,,Serpents,Inca textile,2,excluido_no_textil,"clasificación contiene evidencia textil: ['textile', 'textiles'] | material contiene fibras o soporte textil: ['cotton', 'camelid'] | evidencia cultural/geográfica andina: ['peru', 'inca'] | título sugiere objeto no textil: ['ornament'] | nombre de objeto sugiere objeto no textil: ['ornament']",2,2,2026-06-15,rechazar,rechazado,2,"clasificación contiene evidencia textil: ['textile', 'textiles'] | material contiene fibras o soporte textil: ['cotton', 'camelid'] | evidencia cultural/geográfica andina: ['peru', 'inca'] | título sugiere objeto no textil: ['ornament'] | nombre de objeto sugiere objeto no textil: ['ornament']",fase_filtrado,the_met_textiles_pilot
met,The Metropolitan Museum of Art,316839,Kero,,Inca,,15th–early 16th century,Peru,,,,The Michael C. Rockefeller Wing,Wood-Containers,No textil,Kero,Wood (escallonia ?),H. 5 3/4 in. (14.6 cm),"Bequest of Arthur M. Bullowa, 1993","Metropolitan Museum of Art, New York, NY",https://www.metmuseum.org/art/collection/search/316839,https://images.metmuseum.org/CRDImages/ao/original/DP104864.jpg,https://images.metmuseum.org/CRDImages/ao/web-large/DP104864.jpg,True,,,Inca textile,-11,excluido_no_textil,"evidencia cultural/geográfica andina: ['peru', 'inca'] | material sugiere objeto no textil: ['wood'] | título sugiere objeto no textil: ['kero'] | nombre de objeto sugiere objeto no textil: ['kero']",0,3,2026-06-15,rechazar,rechazado,-11,"evidencia cultural/geográfica andina: ['peru', 'inca'] | material sugiere objeto no textil: ['wood'] | título sugiere objeto no textil: ['kero'] | nombre de objeto sugiere objeto no textil: ['kero']",fase_filtrado,the_met_textiles_pilot
met,The Metropolitan Museum of Art,315606,Tupu (pin),,Inca,,1400–1533 CE,Peru,,,,The Michael C. Rockefeller Wing,Metal-Ornaments,No textil,Pin,Copper alloy,L. 7 7/8 in. (19.9 cm),"Bequest of Jane Costello Goldberg, from the Collection of Arnold I. Goldberg, 1986","Metropolitan Museum of Art, New York, NY",https://www.metmuseum.org/art/collection/search/315606,https://images.metmuseum.org/CRDImages/ao/original/vs1987_394_546.JPG,https://images.metmuseum.org/CRDImages/ao/web-large/vs1987_394_546.JPG,True,,Birds,Inca textile,-16,excluido_no_textil,"evidencia cultural/geográfica andina: ['peru', 'inca'] | clasificación sugiere objeto no textil: ['metal', 'ornaments'] | material sugiere objeto no textil: ['copper', 'alloy'] | título sugiere objeto no textil: ['pin'] | nombre de objeto sugiere objeto no textil: ['pin']",0,4,2026-06-15,rechazar,rechazado,-16,"evidencia cultural/geográfica andina: ['peru', 'inca'] | clasificación sugiere objeto no textil: ['metal', 'ornaments'] | material sugiere objeto no textil: ['copper', 'alloy'] | título sugiere objeto no textil: ['pin'] | nombre de objeto sugiere objeto no textil: ['pin']",fase_filtrado,the_met_textiles_pilot
met,The Metropolitan Museum of Art,309392,Miniature Dish with Handle,,Inca,,15th–early 16th century,Peru,,,,The Michael C. Rockefeller Wing,Ceramics-Containers,No textil,Dish,Ceramic,Diameter 4 in. (10.16 cm),"Gift of Nathan Cummings, 1966","Metropolitan Museum of Art, New York, NY",https://www.metmuseum.org/art/collection/search/309392,https://images.metmuseum.org/CRDImages/ao/original/DP-13440-005.jpg,https://images.metmuseum.org/CRDImages/ao/web-large/DP-13440-005.jpg,True,,,Inca textile,-8,excluido_no_textil,"evidencia cultural/geográfica andina: ['peru', 'inca'] | clasificación sugiere objeto no textil: ['ceramics', 'ceramic'] | material sugiere objeto no textil: ['ceramic']",0,2,2026-06-15,rechazar,rechazado,-8,"evidencia cultural/geográfica andina: ['peru', 'inca'] | clasificación sugiere objeto no textil: ['ceramics', 'ceramic'] | material sugiere objeto no textil: ['ceramic']",fase_filtrado,the_met_textiles_pilot
met,The Metropolitan Museum of Art,309393,Miniature Vessel,,Inca,,15th–early 16th century,Peru,,,,The Michael C. Rockefeller Wing,Ceramics-Containers,No textil,Miniature dish,Ceramic,H. 2 × W. 5 1/2 × D. 4 in. (5.1 × 14 × 10.2 cm),"Gift of Nathan Cummings, 1966","Metropolitan Museum of Art, New York, NY",https://www.metmuseum.org/art/collection/search/309393,https://images.metmuseum.org/CRDImages/ao/original/DP-25093-001.jpg,https://images.metmuseum.org/CRDImages/ao/web-large/DP-25093-001.jpg,True,,,Inca textile,-12,excluido_no_textil,"evidencia cultural/geográfica andina: ['peru', 'inca'] | clasificación sugiere objeto no textil: ['ceramics', 'ceramic'] | material sugiere objeto no textil: ['ceramic'] | título sugiere objeto no textil: ['vessel']",0,3,2026-06-15,rechazar,rechazado,-12,"evidencia cultural/geográfica andina: ['peru', 'inca'] | clasificación sugiere objeto no textil: ['ceramics', 'ceramic'] | material sugiere objeto no textil: ['ceramic'] | título sugiere objeto no textil: ['vessel']",fase_filtrado,the_met_textiles_pilot
met,The Metropolitan Museum of Art,309394,Storage Jar (Aryballus),,Inca,,15th–early 16th century,Peru,,,,The Michael C. Rockefeller Wing,Ceramics-Containers,No textil,Bottle,Ceramic,H. 5 1/2 × W. 4 1/2 in. (14 × 11.4 cm),"Gift of Nathan Cummings, 1966","Metropolitan Museum of Art, New York, NY",https://www.metmuseum.org/art/collection/search/309394,https://images.metmuseum.org/CRDImages/ao/original/DP-13440-012.jpg,https://images.metmuseum.org/CRDImages/ao/web-large/DP-13440-012.jpg,True,,,Inca textile,-16,excluido_no_textil,"evidencia cultural/geográfica andina: ['peru', 'inca'] | clasificación sugiere objeto no textil: ['ceramics', 'ceramic'] | material sugiere objeto no textil: ['ceramic'] | título sugiere objeto no textil: ['jar'] | nombre de objeto sugiere objeto no textil: ['bottle']",0,4,2026-06-15,rechazar,rechazado,-16,"evidencia cultural/geográfica andina: ['peru', 'inca'] | clasificación sugiere objeto no textil: ['ceramics', 'ceramic'] | material sugiere objeto no textil: ['ceramic'] | título sugiere objeto no textil: ['jar'] | nombre de objeto sugiere objeto no textil: ['bottle']",fase_filtrado,the_met_textiles_pilot
met,The Metropolitan Museum of Art,312928,Neckless jar with complex scene,,Paracas,,350 BCE–60 CE,Peru,"Ica River, South Coast",,,The Michael C. Rockefeller Wing,Ceramics-Containers,No textil,Vessel,"Ceramic, post-fire paint",H. 12 1/16 × W. 12 × D. 12 in. (30.6 × 30.5 × 30.5 cm),"The Michael C. Rockefeller Memorial Collection, Bequest of Nelson A. Rockefeller, 1979","Metropolitan Museum of Art, New York, NY",https://www.metmuseum.org/art/collection/search/312928,https://images.metmuseum.org/CRDImages/ao/original/DP-24348-001.jpg,https://images.metmuseum.org/CRDImages/ao/web-large/DP-24348-001.jpg,True,,,Paracas textile,-16,excluido_no_textil,"evidencia cultural/geográfica andina: ['peru', 'paracas'] | clasificación sugiere objeto no textil: ['ceramics', 'ceramic'] | material sugiere objeto no textil: ['ceramic'] | título sugiere objeto no textil: ['jar'] | nombre de objeto sugiere objeto no textil: ['vessel']",0,4,2026-06-15,rechazar,rechazado,-16,"evidencia cultural/geográfica andina: ['peru', 'paracas'] | clasificación sugiere objeto no textil: ['ceramics', 'ceramic'] | material sugiere objeto no textil: ['ceramic'] | título sugiere objeto no textil: ['jar'] | nombre de objeto sugiere objeto no textil: ['vessel']",fase_filtrado,the_met_textiles_pilot
met,The Metropolitan Museum of Art,312721,Bird-shaped ornament,,Nasca,,1–700 CE,Peru,South Coast,,,The Michael C. Rockefeller Wing,Metal-Ornaments,No textil,Ornament,Gold,H. 4 7/8 × W. 4 7/8 × D. 1/8 in. (12.4 × 12.4 × 0.3 cm),"The Michael C. Rockefeller Memorial Collection, Bequest of Nelson A. Rockefeller, 1979","Metropolitan Museum of Art, New York, NY",https://www.metmuseum.org/art/collection/search/312721,https://images.metmuseum.org/CRDImages/ao/original/DP-25873-001.jpg,https://images.metmuseum.org/CRDImages/ao/web-large/DP-25873-001.jpg,True,,,Nasca textile,-16,excluido_no_textil,"evidencia cultural/geográfica andina: ['peru', 'nasca'] | clasificación sugiere objeto no textil: ['metal', 'ornaments'] | material sugiere objeto no textil: ['gold'] | título sugiere objeto no textil: ['ornament'] | nombre de objeto sugiere objeto no textil: ['ornament']",0,4,2026-06-15,rechazar,rechazado,-16,"evidencia cultural/geográfica andina: ['peru', 'nasca'] | clasificación sugiere objeto no textil: ['metal', 'ornaments'] | material sugiere objeto no textil: ['gold'] | título sugiere objeto no textil: ['ornament'] | nombre de objeto sugiere objeto no textil: ['ornament']",fase_filtrado,the_met_textiles_pilot
met,The Metropolitan Museum of Art,312722,Bird-shaped ornament,,Nasca,,1–700 CE,Peru,South Coast,,,The Michael C. Rockefeller Wing,Metal-Ornaments,No textil,Ornament,Gold,H. 4 7/8 × W. 4 3/4 × D. 1/8 in. (12.4 × 12.1 × 0.3 cm),"The Michael C. Rockefeller Memorial Collection, Bequest of Nelson A. Rockefeller, 1979","Metropolitan Museum of Art, New York, NY",https://www.metmuseum.org/art/collection/search/312722,https://images.metmuseum.org/CRDImages/ao/original/DP-25874-001.jpg,https://images.metmuseum.org/CRDImages/ao/web-large/DP-25874-001.jpg,True,,Birds,Nasca textile,-16,excluido_no_textil,"evidencia cultural/geográfica andina: ['peru', 'nasca'] | clasificación sugiere objeto no textil: ['metal', 'ornaments'] | material sugiere objeto no textil: ['gold'] | título sugiere objeto no textil: ['ornament'] | nombre de objeto sugiere objeto no textil: ['ornament']",0,4,2026-06-15,rechazar,rechazado,-16,"evidencia cultural/geográfica andina: ['peru', 'nasca'] | clasificación sugiere objeto no textil: ['metal', 'ornaments'] | material sugiere objeto no textil: ['gold'] | título sugiere objeto no textil: ['ornament'] | nombre de objeto sugiere objeto no textil: ['ornament']",fase_filtrado,the_met_textiles_pilot
met,The Metropolitan Museum of Art,315778,Spindle,Objeto textil,Nasca,,2nd–7th century,Peru,,,,The Michael C. Rockefeller Wing,Textiles-Implements,No textil,Spindle,"Thorn, ceramic, thread",L. 26.5 cm,"Bequest of Jane Costello Goldberg, from the Collection of Arnold I. Goldberg, 1986","Metropolitan Museum of Art, New York, NY",https://www.metmuseum.org/art/collection/search/315778,https://images.metmuseum.org/CRDImages/ao/original/vs1987.394.698-700a.jpg,https://images.metmuseum.org/CRDImages/ao/web-large/vs1987.394.698-700a.jpg,True,,,Nazca textile,-6,excluido_no_textil,"clasificación contiene evidencia textil: ['textile', 'textiles'] | evidencia cultural/geográfica andina: ['peru', 'nasca'] | material sugiere objeto no textil: ['ceramic'] | título sugiere objeto no textil: ['pin'] | nombre de objeto sugiere objeto no textil: ['pin']",1,3,2026-06-15,rechazar,rechazado,-6,"clasificación contiene evidencia textil: ['textile', 'textiles'] | evidencia cultural/geográfica andina: ['peru', 'nasca'] | material sugiere objeto no textil: ['ceramic'] | título sugiere objeto no textil: ['pin'] | nombre de objeto sugiere objeto no textil: ['pin']",fase_filtrado,the_met_textiles_pilot
met,The Metropolitan Museum of Art,315780,Spindle,Objeto textil,Nasca,,2nd–7th century,Peru,,,,The Michael C. Rockefeller Wing,Textiles-Implements,No textil,Spindle,"Thorn, ceramic, thread",L. 30.0 cm),"Bequest of Jane Costello Goldberg, from the Collection of Arnold I. Goldberg, 1986","Metropolitan Museum of Art, New York, NY",https://www.metmuseum.org/art/collection/search/315780,https://images.metmuseum.org/CRDImages/ao/original/vs1987.394.698-700.jpg,https://images.metmuseum.org/CRDImages/ao/web-large/vs1987.394.698-700.jpg,True,,,Nazca textile,-6,excluido_no_textil,"clasificación contiene evidencia textil: ['textile', 'textiles'] | evidencia cultural/geográfica andina: ['peru', 'nasca'] | material sugiere objeto no textil: ['ceramic'] | título sugiere objeto no textil: ['pin'] | nombre de objeto sugiere objeto no textil: ['pin']",1,3,2026-06-15,rechazar,rechazado,-6,"clasificación contiene evidencia textil: ['textile', 'textiles'] | evidencia cultural/geográfica andina: ['peru', 'nasca'] | material sugiere objeto no textil: ['ceramic'] | título sugiere objeto no textil: ['pin'] | nombre de objeto sugiere objeto no textil: ['pin']",fase_filtrado,the_met_textiles_pilot
met,The Metropolitan Museum of Art,315782,Spindle,Objeto textil,Nasca,,2nd–7th century,Peru,,,,The Michael C. Rockefeller Wing,Textiles-Implements,No textil,Spindle,"Thorn, ceramic, thread",L. 30.0 cm,"Bequest of Jane Costello Goldberg, from the Collection of Arnold I. Goldberg, 1986","Metropolitan Museum of Art, New York, NY",https://www.metmuseum.org/art/collection/search/315782,https://images.metmuseum.org/CRDImages/ao/original/vs1987.394.701-703.jpg,https://images.metmuseum.org/CRDImages/ao/web-large/vs1987.394.701-703.jpg,True,,,Nazca textile,-6,excluido_no_textil,"clasificación contiene evidencia textil: ['textile', 'textiles'] | evidencia cultural/geográfica andina: ['peru', 'nasca'] | material sugiere objeto no textil: ['ceramic'] | título sugiere objeto no textil: ['pin'] | nombre de objeto sugiere objeto no textil: ['pin']",1,3,2026-06-15,rechazar,rechazado,-6,"clasificación contiene evidencia textil: ['textile', 'textiles'] | evidencia cultural/geográfica andina: ['peru', 'nasca'] | material sugiere objeto no textil: ['ceramic'] | título sugiere objeto no textil: ['pin'] | nombre de objeto sugiere objeto no textil: ['pin']",fase_filtrado,the_met_textiles_pilot
met,The Metropolitan Museum of Art,315779,Spindle,Objeto textil,Nasca,,2nd–7th century,Peru,,,,The Michael C. Rockefeller Wing,Textiles-Implements,No textil,Spindle,"Thorn, ceramic, thread",L. 23.3 cm,"Bequest of Jane Costello Goldberg, from the Collection of Arnold I. Goldberg, 1986","Metropolitan Museum of Art, New York, NY",https://www.metmuseum.org/art/collection/search/315779,https://images.metmuseum.org/CRDImages/ao/original/vs1987.394.698-700b.jpg,https://images.metmuseum.org/CRDImages/ao/web-large/vs1987.394.698-700b.jpg,True,,,Nazca textile,-6,excluido_no_textil,"clasificación contiene evidencia textil: ['textile', 'textiles'] | evidencia cultural/geográfica andina: ['peru', 'nasca'] | material sugiere objeto no textil: ['ceramic'] | título sugiere objeto no textil: ['pin'] | nombre de objeto sugiere objeto no textil: ['pin']",1,3,2026-06-15,rechazar,rechazado,-6,"clasificación contiene evidencia textil: ['textile', 'textiles'] | evidencia cultural/geográfica andina: ['peru', 'nasca'] | material sugiere objeto no textil: ['ceramic'] | título sugiere objeto no textil: ['pin'] | nombre de objeto sugiere objeto no textil: ['pin']",fase_filtrado,the_met_textiles_pilot
met,The Metropolitan Museum of Art,315781,Spindle,Objeto textil,Nasca,,2nd–7th century,Peru,,,,The Michael C. Rockefeller Wing,Textiles-Implements,No textil,Spindle,"Thorn, ceramic, thread",L. 24.2 cm,"Bequest of Jane Costello Goldberg, from the Collection of Arnold I. Goldberg, 1986","Metropolitan Museum of Art, New York, NY",https://www.metmuseum.org/art/collection/search/315781,https://images.metmuseum.org/CRDImages/ao/original/vs1987.394.701-703.jpg,https://images.metmuseum.org/CRDImages/ao/web-large/vs1987.394.701-703.jpg,True,,,Nazca textile,-6,excluido_no_textil,"clasificación contiene evidencia textil: ['textile', 'textiles'] | evidencia cultural/geográfica andina: ['peru', 'nasca'] | material sugiere objeto no textil: ['ceramic'] | título sugiere objeto no textil: ['pin'] | nombre de objeto sugiere objeto no textil: ['pin']",1,3,2026-06-15,rechazar,rechazado,-6,"clasificación contiene evidencia textil: ['textile', 'textiles'] | evidencia cultural/geográfica andina: ['peru', 'nasca'] | material sugiere objeto no textil: ['ceramic'] | título sugiere objeto no textil: ['pin'] | nombre de objeto sugiere objeto no textil: ['pin']",fase_filtrado,the_met_textiles_pilot
met,The Metropolitan Museum of Art,315783,Spindle,Objeto textil,Nasca,,2nd–7th century,Peru,,,,The Michael C. Rockefeller Wing,Textiles-Implements,No textil,Spindle,"Thorn, ceramic, thread",L. 24.5 cm,"Bequest of Jane Costello Goldberg, from the Collection of Arnold I. Goldberg, 1986","Metropolitan Museum of Art, New York, NY",https://www.metmuseum.org/art/collection/search/315783,https://images.metmuseum.org/CRDImages/ao/original/vs1987.394.701-703.jpg,https://images.metmuseum.org/CRDImages/ao/web-large/vs1987.394.701-703.jpg,True,,,Nazca textile,-6,excluido_no_textil,"clasificación contiene evidencia textil: ['textile', 'textiles'] | evidencia cultural/geográfica andina: ['peru', 'nasca'] | material sugiere objeto no textil: ['ceramic'] | título sugiere objeto no textil: ['pin'] | nombre de objeto sugiere objeto no textil: ['pin']",1,3,2026-06-15,rechazar,rechazado,-6,"clasificación contiene evidencia textil: ['textile', 'textiles'] | evidencia cultural/geográfica andina: ['peru', 'nasca'] | material sugiere objeto no textil: ['ceramic'] | título sugiere objeto no textil: ['pin'] | nombre de objeto sugiere objeto no textil: ['pin']",fase_filtrado,the_met_textiles_pilot
met,The Metropolitan Museum of Art,315695,"Border Fragment, Figure",Fragmento textil,Nasca,,2nd century BCE,Peru,,,,The Michael C. Rockefeller Wing,Textiles-Sculpture,No textil,Figure,Camelid hair,H. 1 7/8 x W. 1 9/16in. (4.8 x 4cm),"Bequest of Jane Costello Goldberg, from the Collection of Arnold I. Goldberg, 1986","Metropolitan Museum of Art, New York, NY",https://www.metmuseum.org/art/collection/search/315695,https://images.metmuseum.org/CRDImages/ao/original/DP18473.jpg,https://images.metmuseum.org/CRDImages/ao/web-large/DP18473.jpg,True,,Human Figures,Nazca textile,-2,excluido_no_textil,"clasificación contiene evidencia textil: ['textile', 'textiles'] | material contiene fibras o soporte textil: ['camelid'] | título contiene términos débiles asociados a fragmentos o paneles: ['fragment', 'border'] | evidencia cultural/geográfica andina: ['peru', 'nasca'] | clasificación sugiere objeto no textil: ['sculpture'] | título sugiere objeto no textil: ['figure'] | nombre de objeto sugiere objeto no textil: ['figure']",2,3,2026-06-15,rechazar,rechazado,-2,"clasificación contiene evidencia textil: ['textile', 'textiles'] | material contiene fibras o soporte textil: ['camelid'] | título contiene términos débiles asociados a fragmentos o paneles: ['fragment', 'border'] | evidencia cultural/geográfica andina: ['peru', 'nasca'] | clasificación sugiere objeto no textil: ['sculpture'] | título sugiere objeto no textil: ['figure'] | nombre de objeto sugiere objeto no textil: ['figure']",fase_filtrado,the_met_textiles_pilot
met,The Metropolitan Museum of Art,315694,"Border Fragment, Figure",Fragmento textil,Nasca,,2nd century BCE,Peru,,,,The Michael C. Rockefeller Wing,Textiles-Sculpture,No textil,Figure,Camelid hair,H x W: 1 7/8 x 1 11/16in. (4.8 x 4.3cm),"Bequest of Jane Costello Goldberg, from the Collection of Arnold I. Goldberg, 1986","Metropolitan Museum of Art, New York, NY",https://www.metmuseum.org/art/collection/search/315694,https://images.metmuseum.org/CRDImages/ao/original/DP18471.jpg,https://images.metmuseum.org/CRDImages/ao/web-large/DP18471.jpg,True,,Human Figures,Nazca textile,-2,excluido_no_textil,"clasificación contiene evidencia textil: ['textile', 'textiles'] | material contiene fibras o soporte textil: ['camelid'] | título contiene términos débiles asociados a fragmentos o paneles: ['fragment', 'border'] | evidencia cultural/geográfica andina: ['peru', 'nasca'] | clasificación sugiere objeto no textil: ['sculpture'] | título sugiere objeto no textil: ['figure'] | nombre de objeto sugiere objeto no textil: ['figure']",2,3,2026-06-15,rechazar,rechazado,-2,"clasificación contiene evidencia textil: ['textile', 'textiles'] | material contiene fibras o soporte textil: ['camelid'] | título contiene términos débiles asociados a fragmentos o paneles: ['fragment', 'border'] | evidencia cultural/geográfica andina: ['peru', 'nasca'] | clasificación sugiere objeto no textil: ['sculpture'] | título sugiere objeto no textil: ['figure'] | nombre de objeto sugiere objeto no textil: ['figure']",fase_filtrado,the_met_textiles_pilot
met,The Metropolitan Museum of Art,315691,"Border Fragment, Figure",Fragmento textil,Nasca,,2nd century BCE,Peru,,,,The Michael C. Rockefeller Wing,Textiles-Sculpture,No textil,Figure,Camelid hair,H. 1 13/16 x W. 15/16in. (4.6 x 2.3cm),"Bequest of Jane Costello Goldberg, from the Collection of Arnold I. Goldberg, 1986","Metropolitan Museum of Art, New York, NY",https://www.metmuseum.org/art/collection/search/315691,https://images.metmuseum.org/CRDImages/ao/original/DP18465.jpg,https://images.metmuseum.org/CRDImages/ao/web-large/DP18465.jpg,True,,Human Figures,Nazca textile,-2,excluido_no_textil,"clasificación contiene evidencia textil: ['textile', 'textiles'] | material contiene fibras o soporte textil: ['camelid'] | título contiene términos débiles asociados a fragmentos o paneles: ['fragment', 'border'] | evidencia cultural/geográfica andina: ['peru', 'nasca'] | clasificación sugiere objeto no textil: ['sculpture'] | título sugiere objeto no textil: ['figure'] | nombre de objeto sugiere objeto no textil: ['figure']",2,3,2026-06-15,rechazar,rechazado,-2,"clasificación contiene evidencia textil: ['textile', 'textiles'] | material contiene fibras o soporte textil: ['camelid'] | título contiene términos débiles asociados a fragmentos o paneles: ['fragment', 'border'] | evidencia cultural/geográfica andina: ['peru', 'nasca'] | clasificación sugiere objeto no textil: ['sculpture'] | título sugiere objeto no textil: ['figure'] | nombre de objeto sugiere objeto no textil: ['figure']",fase_filtrado,the_met_textiles_pilot
met,The Metropolitan Museum of Art,315696,"Border Fragment, Figure",Fragmento textil,Nasca,,2nd century BCE,Peru,,,,The Michael C. Rockefeller Wing,Textiles-Sculpture,No textil,Figure,Camelid hair,H x W: 1 3/4 x 1 3/8in. (4.4 x 3.5cm),"Bequest of Jane Costello Goldberg, from the Collection of Arnold I. Goldberg, 1986","Metropolitan Museum of Art, New York, NY",https://www.metmuseum.org/art/collection/search/315696,https://images.metmuseum.org/CRDImages/ao/original/DP18475.jpg,https://images.metmuseum.org/CRDImages/ao/web-large/DP18475.jpg,True,,,Nazca textile,-2,excluido_no_textil,"clasificación contiene evidencia textil: ['textile', 'textiles'] | material contiene fibras o soporte textil: ['camelid'] | título contiene términos débiles asociados a fragmentos o paneles: ['fragment', 'border'] | evidencia cultural/geográfica andina: ['peru', 'nasca'] | clasificación sugiere objeto no textil: ['sculpture'] | título sugiere objeto no textil: ['figure'] | nombre de objeto sugiere objeto no textil: ['figure']",2,3,2026-06-15,rechazar,rechazado,-2,"clasificación contiene evidencia textil: ['textile', 'textiles'] | material contiene fibras o soporte textil: ['camelid'] | título contiene términos débiles asociados a fragmentos o paneles: ['fragment', 'border'] | evidencia cultural/geográfica andina: ['peru', 'nasca'] | clasificación sugiere objeto no textil: ['sculpture'] | título sugiere objeto no textil: ['figure'] | nombre de objeto sugiere objeto no textil: ['figure']",fase_filtrado,the_met_textiles_pilot
met,The Metropolitan Museum of Art,315692,"Border Fragment, Figure",Fragmento textil,Nasca,,2nd century BCE,Peru,,,,The Michael C. Rockefeller Wing,Textiles-Sculpture,No textil,Figure,Camelid hair,H x W: 1 15/16 x 1 9/16in. (5 x 4cm),"Bequest of Jane Costello Goldberg, from the Collection of Arnold I. Goldberg, 1986","Metropolitan Museum of Art, New York, NY",https://www.metmuseum.org/art/collection/search/315692,https://images.metmuseum.org/CRDImages/ao/original/DP18467.jpg,https://images.metmuseum.org/CRDImages/ao/web-large/DP18467.jpg,True,,,Nazca textile,-2,excluido_no_textil,"clasificación contiene evidencia textil: ['textile', 'textiles'] | material contiene fibras o soporte textil: ['camelid'] | título contiene términos débiles asociados a fragmentos o paneles: ['fragment', 'border'] | evidencia cultural/geográfica andina: ['peru', 'nasca'] | clasificación sugiere objeto no textil: ['sculpture'] | título sugiere objeto no textil: ['figure'] | nombre de objeto sugiere objeto no textil: ['figure']",2,3,2026-06-15,rechazar,rechazado,-2,"clasificación contiene evidencia textil: ['textile', 'textiles'] | material contiene fibras o soporte textil: ['camelid'] | título contiene términos débiles asociados a fragmentos o paneles: ['fragment', 'border'] | evidencia cultural/geográfica andina: ['peru', 'nasca'] | clasificación sugiere objeto no textil: ['sculpture'] | título sugiere objeto no textil: ['figure'] | nombre de objeto sugiere objeto no textil: ['figure']",fase_filtrado,the_met_textiles_pilot
met,The Metropolitan Museum of Art,315693,"Border Fragment, Figure",Fragmento textil,Nasca,,2nd century BCE,Peru,,,,The Michael C. Rockefeller Wing,Textiles-Sculpture,No textil,Figure,Camelid hair,H x W: 1 13/16 x 1 3/8in. (4.7 x 3.5cm),"Bequest of Jane Costello Goldberg, from the Collection of Arnold I. Goldberg, 1986","Metropolitan Museum of Art, New York, NY",https://www.metmuseum.org/art/collection/search/315693,https://images.metmuseum.org/CRDImages/ao/original/DP18470.jpg,https://images.metmuseum.org/CRDImages/ao/web-large/DP18470.jpg,True,,Human Figures,Nazca textile,-2,excluido_no_textil,"clasificación contiene evidencia textil: ['textile', 'textiles'] | material contiene fibras o soporte textil: ['camelid'] | título contiene términos débiles asociados a fragmentos o paneles: ['fragment', 'border'] | evidencia cultural/geográfica andina: ['peru', 'nasca'] | clasificación sugiere objeto no textil: ['sculpture'] | título sugiere objeto no textil: ['figure'] | nombre de objeto sugiere objeto no textil: ['figure']",2,3,2026-06-15,rechazar,rechazado,-2,"clasificación contiene evidencia textil: ['textile', 'textiles'] | material contiene fibras o soporte textil: ['camelid'] | título contiene términos débiles asociados a fragmentos o paneles: ['fragment', 'border'] | evidencia cultural/geográfica andina: ['peru', 'nasca'] | clasificación sugiere objeto no textil: ['sculpture'] | título sugiere objeto no textil: ['figure'] | nombre de objeto sugiere objeto no textil: ['figure']",fase_filtrado,the_met_textiles_pilot
met,The Metropolitan Museum of Art,317748,Mirror with figure in a reed boat,,Wari,,650–1000 CE,Peru,,,,The Michael C. Rockefeller Wing,Wood-Implements,No textil,Mirror frame,"Wood, shell, silver alloy, pigment, resin",H.10 1/4 x  W. 5 1/4in. (26 x 13.3cm),"Gift of Joyce and Ted Strauss, 1995","Metropolitan Museum of Art, New York, NY",https://www.metmuseum.org/art/collection/search/317748,https://images.metmuseum.org/CRDImages/ao/original/DP104876.jpg,https://images.metmuseum.org/CRDImages/ao/web-large/DP104876.jpg,True,,"Heads, Men, Boats",Wari textile,-7,excluido_no_textil,"evidencia cultural/geográfica andina: ['peru', 'wari'] | material sugiere objeto no textil: ['silver', 'alloy', 'wood', 'shell'] | título sugiere objeto no textil: ['figure']",0,2,2026-06-15,rechazar,rechazado,-7,"evidencia cultural/geográfica andina: ['peru', 'wari'] | material sugiere objeto no textil: ['silver', 'alloy', 'wood', 'shell'] | título sugiere objeto no textil: ['figure']",fase_filtrado,the_met_textiles_pilot
met,The Metropolitan Museum of Art,310568,Bottle with deity,,Wari,,650–1000 CE,Peru,,,,The Michael C. Rockefeller Wing,Ceramics-Containers,No textil,Bottle,"Ceramic, slip",H. 6 1/4 × W. 3 3/4 × D.  3 3/4 in. (15.9 × 9.5 × 9.5 cm),"The Michael C. Rockefeller Memorial Collection, Purchase, Nelson A. Rockefeller Gift and Mrs. Carroll L. Cartwright Gifts, 1964","Metropolitan Museum of Art, New York, NY",https://www.metmuseum.org/art/collection/search/310568,https://images.metmuseum.org/CRDImages/ao/original/DP-24255-001.jpg,https://images.metmuseum.org/CRDImages/ao/web-large/DP-24255-001.jpg,True,,,Wari textile,-16,excluido_no_textil,"evidencia cultural/geográfica andina: ['peru', 'wari'] | clasificación sugiere objeto no textil: ['ceramics', 'ceramic'] | material sugiere objeto no textil: ['ceramic'] | título sugiere objeto no textil: ['bottle'] | nombre de objeto sugiere objeto no textil: ['bottle']",0,4,2026-06-15,rechazar,rechazado,-16,"evidencia cultural/geográfica andina: ['peru', 'wari'] | clasificación sugiere objeto no textil: ['ceramics', 'ceramic'] | material sugiere objeto no textil: ['ceramic'] | título sugiere objeto no textil: ['bottle'] | nombre de objeto sugiere objeto no textil: ['bottle']",fase_filtrado,the_met_textiles_pilot
met,The Metropolitan Museum of Art,503542,,,Wari,Pre-Columbian,ca. 500–900,Peru,,,,Musical Instruments,Aerophone-Blow Hole-vessel flute,No textil,Jaguar Whistling Jar,"Ceramic, polychrome",11.1 x 7.6 x 15.2 cm (H. 4-3/8 x W. 3 x L. 6 in.),"Purchase, Gift of Elizabeth M. Riley, by exchange, 2002","Metropolitan Museum of Art, New York, NY",https://www.metmuseum.org/art/collection/search/503542,https://images.metmuseum.org/CRDImages/mi/original/270287.jpg,https://images.metmuseum.org/CRDImages/mi/web-large/270287.jpg,True,,Animals,Huari textile,-7,excluido_no_textil,"evidencia cultural/geográfica andina: ['peru', 'wari'] | material sugiere objeto no textil: ['ceramic'] | nombre de objeto sugiere objeto no textil: ['jar']",0,2,2026-06-15,rechazar,rechazado,-7,"evidencia cultural/geográfica andina: ['peru', 'wari'] | material sugiere objeto no textil: ['ceramic'] | nombre de objeto sugiere objeto no textil: ['jar']",fase_filtrado,the_met_textiles_pilot
met,The Metropolitan Museum of Art,315704,Miniature drum,,Chimú or Chancay,,1300–1470 CE,Peru,North or Central Coast,,,The Michael C. Rockefeller Wing,Metal-Ornaments,No textil,Drum ornament,Silver,H. 5 × W. 3 1/4 × D. 2 1/8 in. (12.7 × 8.3 × 5.5 cm),"Bequest of Jane Costello Goldberg, from the Collection of Arnold I. Goldberg, 1986","Metropolitan Museum of Art, New York, NY",https://www.metmuseum.org/art/collection/search/315704,https://images.metmuseum.org/CRDImages/ao/original/DP-27243-001.jpg,https://images.metmuseum.org/CRDImages/ao/web-large/DP-27243-001.jpg,True,,,Chancay textile,-12,excluido_no_textil,"evidencia cultural/geográfica andina: ['peru', 'chancay', 'chimú', 'chimu'] | clasificación sugiere objeto no textil: ['metal', 'ornaments'] | material sugiere objeto no textil: ['silver'] | nombre de objeto sugiere objeto no textil: ['ornament']",0,3,2026-06-15,rechazar,rechazado,-12,"evidencia cultural/geográfica andina: ['peru', 'chancay', 'chimú', 'chimu'] | clasificación sugiere objeto no textil: ['metal', 'ornaments'] | material sugiere objeto no textil: ['silver'] | nombre de objeto sugiere objeto no textil: ['ornament']",fase_filtrado,the_met_textiles_pilot
