source,source_id,accession_number,title,culture,creation_date,classification,technique,medium,department,description,url,image_url,share_license_status,has_image,andean_terms,textile_terms,curation_status,curation_notes,raw_queries
Cleveland Museum of Art,102924,1921.1550,Fragment of a Border,"Peru, South Coast, Paracas, Late Period",300–100 BCE,Textile,cotton plain cloth embroidered in wool outline stitch,,Textiles,,https://clevelandart.org/art/1921.1550,https://openaccess-cdn.clevelandart.org/1921.1550/1921.1550_web.jpg,CC0,True,paracas; peru; south coast,cloth; cotton; textile; wool,candidate,Pendiente de revision visual.,Paracas textile; Peru textile; South Coast textile
Cleveland Museum of Art,104234,1922.389,Fragment Composed of Two Fabrics Joined,"Peru, Central Coast, Chancay, 12th-15th century",c. 1100–1400,Textile,plain compound twill and plain compound tabby; cotton,,Textiles,,https://clevelandart.org/art/1922.389,https://openaccess-cdn.clevelandart.org/1922.389/1922.389_web.jpg,CC0,True,chancay; peru,cotton; textile,candidate,Pendiente de revision visual.,Chancay textile; Peru textile
Cleveland Museum of Art,104236,1922.390,Fragment formed of Four Separate Fabrics Joined,"Peru, Central Coast, Chancay, 12th-15th century",c. 1100–1400,Textile,"two pieces plain cloth, two pieces compound twill; cotton",,Textiles,,https://clevelandart.org/art/1922.390,https://openaccess-cdn.clevelandart.org/1922.390/1922.390_web.jpg,CC0,True,chancay; peru,cloth; cotton; textile,candidate,Pendiente de revision visual.,Chancay textile; Peru textile
Cleveland Museum of Art,104238,1922.392,Fragment,"Peru, North Coast, Chimú Culture, 12th-15th century",c. 1100–1400,Textile,"plain cloth, brocaded; cotton",,Textiles,,https://clevelandart.org/art/1922.392,https://openaccess-cdn.clevelandart.org/1922.392/1922.392_web.jpg,CC0,True,north coast; peru,cloth; cotton; textile,candidate,Pendiente de revision visual.,Chimu textile; North Coast textile; Peru textile
Cleveland Museum of Art,104240,1922.394,Border Strip,"Peru, Central Coast, Chancay, 12th-15th century",c. 1100–1400,Textile,tabby weave with supplementary pattern weft; cotton,,Textiles,,https://clevelandart.org/art/1922.394,https://openaccess-cdn.clevelandart.org/1922.394/1922.394_web.jpg,CC0,True,chancay; peru,cotton; textile,candidate,Pendiente de revision visual.,Chancay textile; Peru textile
Cleveland Museum of Art,104241,1922.395,Four Border Strips,"Peru, Central Coast, Chancay, 12th-15th century",c. 1100–1400,Textile,plain compound cloth; cotton,,Textiles,,https://clevelandart.org/art/1922.395,https://openaccess-cdn.clevelandart.org/1922.395/1922.395_web.jpg,CC0,True,chancay; peru,cloth; cotton; textile,candidate,Pendiente de revision visual.,Chancay textile; Peru textile
Cleveland Museum of Art,104242,1922.395.a,Four Border Strips,"Peru, Central Coast, Chancay, 12th-15th century",c. 1100–1400,Textile,plain compound cloth; cotton,,Textiles,,https://clevelandart.org/art/1922.395.a,https://openaccess-cdn.clevelandart.org/1922.395.a/1922.395.a_web.jpg,CC0,True,chancay; peru,cloth; cotton; textile,candidate,Pendiente de revision visual.,Chancay textile; Peru textile
Cleveland Museum of Art,104243,1922.395.b,Four Border Strips,"Peru, Central Coast, Chancay, 12th-15th century",c. 1100–1400,Textile,plain compound cloth; cotton,,Textiles,,https://clevelandart.org/art/1922.395.b,https://openaccess-cdn.clevelandart.org/1922.395.b/1922.395.b_web.jpg,CC0,True,chancay; peru,cloth; cotton; textile,candidate,Pendiente de revision visual.,Chancay textile; Peru textile
Cleveland Museum of Art,104244,1922.395.c,Four Border Strips,"Peru, Central Coast, Chancay, 12th-15th century",c. 1100–1400,Textile,plain compound cloth; cotton,,Textiles,,https://clevelandart.org/art/1922.395.c,https://openaccess-cdn.clevelandart.org/1922.395.c/1922.395.c_web.jpg,CC0,True,chancay; peru,cloth; cotton; textile,candidate,Pendiente de revision visual.,Chancay textile; Peru textile
Cleveland Museum of Art,104245,1922.395.d,Four Border Strips,"Peru, Central Coast, Chancay, 12th-15th century",c. 1100–1400,Textile,plain compound cloth; cotton,,Textiles,,https://clevelandart.org/art/1922.395.d,https://openaccess-cdn.clevelandart.org/1922.395.d/1922.395.d_web.jpg,CC0,True,chancay; peru,cloth; cotton; textile,candidate,Pendiente de revision visual.,Chancay textile; Peru textile
Cleveland Museum of Art,104246,1922.396,Three Fragments of a Border,"Peru, Central Coast, Chancay, 12th-15th century",c. 1100–1400,Textile,"tabby with inset border of fancy twill, brocaded; cotton and wool",,Textiles,,https://clevelandart.org/art/1922.396,https://openaccess-cdn.clevelandart.org/1922.396/1922.396_web.jpg,CC0,True,chancay; peru,cotton; textile; wool,candidate,Pendiente de revision visual.,Chancay textile; Peru textile
Cleveland Museum of Art,104247,1922.396.a,Three Fragments of a Border,"Peru, Central Coast, Chancay, 12th-15th century",c. 1100–1400,Textile,"tabby with inset border of fancy twill, brocaded; cotton and wool",,Textiles,,https://clevelandart.org/art/1922.396.a,https://openaccess-cdn.clevelandart.org/1922.396.a/1922.396.a_web.jpg,CC0,True,chancay; peru,cotton; textile; wool,candidate,Pendiente de revision visual.,Chancay textile; Peru textile
Cleveland Museum of Art,104248,1922.396.b,Three Fragments of a Border,"Peru, Central Coast, Chancay, 12th-15th century",c. 1100–1400,Textile,"tabby with inset border of fancy twill, brocaded; cotton and wool",,Textiles,,https://clevelandart.org/art/1922.396.b,https://openaccess-cdn.clevelandart.org/1922.396.b/1922.396.b_web.jpg,CC0,True,chancay; peru,cotton; textile; wool,candidate,Pendiente de revision visual.,Chancay textile; Peru textile
Cleveland Museum of Art,104249,1922.396.c,Three Fragments of a Border,"Peru, Central Coast, Chancay, 12th-15th century",c. 1100–1400,Textile,"tabby with inset border of fancy twill, brocaded; cotton and wool",,Textiles,,https://clevelandart.org/art/1922.396.c,https://openaccess-cdn.clevelandart.org/1922.396.c/1922.396.c_web.jpg,CC0,True,chancay; peru,cotton; textile; wool,candidate,Pendiente de revision visual.,Chancay textile; Peru textile
Cleveland Museum of Art,104250,1922.397,Three Border Fragments,"Peru, Central Coast, Chancay, 12th-15th century",c. 1100–1400,Textile,"tabby, brocaded; cotton and wool",,Textiles,,https://clevelandart.org/art/1922.397,https://openaccess-cdn.clevelandart.org/1922.397/1922.397_web.jpg,CC0,True,chancay; peru,cotton; textile; wool,candidate,Pendiente de revision visual.,Chancay textile; Peru textile
Cleveland Museum of Art,104251,1922.397.a,Three Border Fragments,"Peru, Central Coast, Chancay, 12th-15th century",c. 1100–1400,Textile,"tabby, brocaded; cotton and wool",,Textiles,,https://clevelandart.org/art/1922.397.a,https://openaccess-cdn.clevelandart.org/1922.397.a/1922.397.a_web.jpg,CC0,True,chancay; peru,cotton; textile; wool,candidate,Pendiente de revision visual.,Chancay textile; Peru textile
Cleveland Museum of Art,104252,1922.397.b,Three Border Fragments,"Peru, Central Coast, Chancay, 12th-15th century",c. 1100–1400,Textile,"tabby, brocaded; cotton and wool",,Textiles,,https://clevelandart.org/art/1922.397.b,https://openaccess-cdn.clevelandart.org/1922.397.b/1922.397.b_web.jpg,CC0,True,chancay; peru,cotton; textile; wool,candidate,Pendiente de revision visual.,Chancay textile; Peru textile
Cleveland Museum of Art,104253,1922.397.c,Three Border Fragments,"Peru, Central Coast, Chancay, 12th-15th century",c. 1100–1400,Textile,"tabby, brocaded; cotton and wool",,Textiles,,https://clevelandart.org/art/1922.397.c,https://openaccess-cdn.clevelandart.org/1922.397.c/1922.397.c_web.jpg,CC0,True,chancay; peru,cotton; textile; wool,candidate,Pendiente de revision visual.,Chancay textile; Peru textile
Cleveland Museum of Art,104390,1922.517,Fragment from a Mantle,"Peru, North Coast, Chimú Culture, 12th-15th century",c. 1100–1400,Textile,"tabby, brocaded; border: single-face pattern weave (fancy twill); cotton and wool",,Textiles,,https://clevelandart.org/art/1922.517,https://openaccess-cdn.clevelandart.org/1922.517/1922.517_web.jpg,CC0,True,north coast; peru,cotton; mantle; textile; wool,candidate,Pendiente de revision visual.,Chimu textile; North Coast textile; Peru textile
Cleveland Museum of Art,107850,1925.480,Head Cloth,"Indonesia, Java, North Coast, early 20th century",early 1900s,Textile,batik; cotton,,Textiles,,https://clevelandart.org/art/1925.480,https://openaccess-cdn.clevelandart.org/1925.480/1925.480_web.jpg,CC0,True,north coast,cloth; cotton; textile,candidate,Pendiente de revision visual.,North Coast textile
Cleveland Museum of Art,108026,1925.654,Fragment,"Peru, Central Coast, Chancay, 12th-15th century",c. 1100–1400,Textile,"tabby, brocaded; cotton",,Textiles,,https://clevelandart.org/art/1925.654,https://openaccess-cdn.clevelandart.org/1925.654/1925.654_web.jpg,CC0,True,chancay; peru,cotton; textile,candidate,Pendiente de revision visual.,Chancay textile; Peru textile
Cleveland Museum of Art,108033,1925.660,Unfinished Cloth,"Peru, Central Coast, Chancay, Pachacamac, 12th-15th century",c. 1100–1400,Textile,tapestry weave; cotton and wool,,Textiles,,https://clevelandart.org/art/1925.660,https://openaccess-cdn.clevelandart.org/1925.660/1925.660_web.jpg,CC0,True,chancay; peru,cloth; cotton; textile; wool,candidate,Pendiente de revision visual.,Chancay textile; Peru textile
Cleveland Museum of Art,108034,1925.661,Fragment of a Double Cloth,"Peru, Central Coast, Chancay, 12th-15th century",c. 1100–1400,Textile,"tabby weave, double cloth; cotton",,Textiles,,https://clevelandart.org/art/1925.661,https://openaccess-cdn.clevelandart.org/1925.661/1925.661_web.jpg,CC0,True,chancay; peru,cloth; cotton; textile,candidate,Pendiente de revision visual.,Chancay textile; Peru textile
Cleveland Museum of Art,108038,1925.665,Large Cloth,"Peru, North Coast, Chimú Culture, 12th-15th century",c. 1100–1400,Textile,plain cloth with overlaid tapestry-like decoration; cotton and wool,,Textiles,,https://clevelandart.org/art/1925.665,https://openaccess-cdn.clevelandart.org/1925.665/1925.665_web.jpg,CC0,True,north coast; peru,cloth; cotton; textile; wool,candidate,Pendiente de revision visual.,Chimu textile; North Coast textile; Peru textile
Cleveland Museum of Art,108042,1925.667,Tapestry-woven Yoke from a Tunic,"Central Andes, North Central Coast, Moche-Wari Style",800–1200?,Textile,"camelid fiber and cotton, tapestry weave",,Textiles,"This fragment comes from the upper area of a tunic, with thick embroidery defining remnants of the neck opening. In the rectangular area on the chest are two similar long-tailed creatures rendered in a highly geometric style. Each is rotated 90 degrees, so their tails are parallel to the bottom edge. The cloven hooves on their upper legs may identify the creatures as deer or Andean camelids, such as llamas or alpacas.",https://clevelandart.org/art/1925.667,https://openaccess-cdn.clevelandart.org/1925.667/1925.667_web.jpg,CC0,True,andean; andes; moche; wari,camelid; cotton; fiber; textile; tunic; woven,candidate,Pendiente de revision visual.,Andean textile; Andes textile; Moche textile; North Coast textile; Wari textile
Cleveland Museum of Art,108043,1925.668,Tunic (Shirt) with Tapestry-woven Yoke,"Central Andes, Northern Central Coast",650–850,Textile,"camelid fiber and cotton; tapestry-weave yoke and chest plaque, plain-weave body",,Textiles,"Likely an item of men’s wear, this tunic exhibits a variety of motifs. The upper panels feature an especially pronounced triangular pattern. The rectangle at the center of the chest displays a repeated frontal figure that stands out for its relatively large size and more rounded style. The surrounding elements are more right-angled, including the small figures in flanking positions and the birds in the borders.",https://clevelandart.org/art/1925.668,https://openaccess-cdn.clevelandart.org/1925.668/1925.668_web.jpg,CC0,True,andes,camelid; cotton; fiber; shirt; textile; tunic; woven,candidate,Pendiente de revision visual.,Andes textile
Cleveland Museum of Art,108044,1925.669,Textile Bag,"Peru, Central Coast, Chancay, Pachacamac, 12th-15th century",c. 1100–1400,Textile,"tabby weave, warp patterned; wool",,Textiles,,https://clevelandart.org/art/1925.669,https://openaccess-cdn.clevelandart.org/1925.669/1925.669_web.jpg,CC0,True,chancay; peru,textile; wool,candidate,Pendiente de revision visual.,Chancay textile; Peru textile
Cleveland Museum of Art,110055,1928.656,Sarong,"Indonesia, Java, North Coast, 19th century",1800s,Textile,"batik and applied gold, cotton",,Textiles,"This sarong, overlaid with gold leaf (or gold dust), would have been worn for high ceremonial occasions and festivals. The gold has been applied only to the parts of the sarong that would show when draped, and on one side only. The delicate, linear design with Chinese phoenixes, butterflies, and leafy tendrils is one of the characteristic styles of batiks made in cities along the north coast of Java. The ""tumpal"" (triangle) design of the wide end border (a pan-Southeast Asian motif that commonly occurs on northern Javanese batiks) seems to have symbolized growth and fertility as well as the sacred mountain, Meru.",https://clevelandart.org/art/1928.656,https://openaccess-cdn.clevelandart.org/1928.656/1928.656_web.jpg,CC0,True,north coast,cotton; textile,candidate,Pendiente de revision visual.,North Coast textile
Cleveland Museum of Art,110569,1929.136,Slendang (Shoulder Cloth),"Indonesia, Java, North Coast, 19th - early 20th century",1800s-early 1900s,Textile,"tabby weave, batik; silk",,Textiles,"Chinese people living in the coastal cities of northern Java made and traded silk batiks like this one. The silk was imported from China, and the motifs were always Chinese. The ""luk wan"" bird, a variation of the Chinese phoenix that occurs on this shoulder cloth, was one of the most common motifs on silk batiks, as is the greenish color of the background. The striped border was meant to simulate fringe even though each end is actually finished with fringe. Silk batiks were made for export, particularly to Bali where they were worn at festivals by wealthy people.",https://clevelandart.org/art/1929.136,https://openaccess-cdn.clevelandart.org/1929.136/1929.136_web.jpg,CC0,True,north coast,cloth; textile,candidate,Pendiente de revision visual.,North Coast textile
Cleveland Museum of Art,114131,1933.392,Fish-Shaped Applique,"Central Andes, Central Coast, Ychsma (Pachacamac) people",1400–1532,Textile,"cotton and camelid fiber, tapestry weave with areas of eccentric weft floats",,Textiles,"This fish-shaped textile was originally stitched with others like it to a mantle, a shawl-like garment that was a staple of Andean clothing. Its partial “X-ray view,” which emphasizes the bony spine, is unique to the style of the Ychsma (<strong><em>yeach</em></strong><em>-mah</em>), who lived on Peru’s central coast. In addition to referencing sources of food, marine subjects may also carry religious associations, as some coastal peoples of the period regarded the sea as a deity.",https://clevelandart.org/art/1933.392,https://openaccess-cdn.clevelandart.org/1933.392/1933.392_web.jpg,CC0,True,andean; andes; peru,camelid; cotton; fiber; garment; mantle; textile,candidate,Pendiente de revision visual.,Andean textile; Andes textile; Peru textile
Cleveland Museum of Art,114132,1933.393,Tie-Dyed Fragment,"Peru, South Coast, Wari Culture, Middle Horizon, 8th-12th Century",c. 700–1100 A.D.,Textile,"discontinuous warp and weft, tie-dyed; wool",,Textiles,,https://clevelandart.org/art/1933.393,https://openaccess-cdn.clevelandart.org/1933.393/1933.393_web.jpg,CC0,True,peru; south coast; wari,textile; wool,candidate,Pendiente de revision visual.,Peru textile; South Coast textile; Wari textile
Cleveland Museum of Art,119617,1940.469,Inka Khipu (Fiber Recording Device),"Peru, Inca Period, 15th-16th Century",c. 1400–1532,Miscellaneous,"cords, knotted and twisted; cotton and wool",,Textiles,,https://clevelandart.org/art/1940.469,https://openaccess-cdn.clevelandart.org/1940.469/1940.469_web.jpg,CC0,True,inca; peru,cotton; fiber; wool,candidate,Pendiente de revision visual.,Inca textile; Peru textile
Cleveland Museum of Art,119652,1940.494,Painted Wrapping for Mummy,"Peru, Central Coast, Chancay, 12th-15th century",c.1100–1400 A.D.,Textile,"plain cloth, painted; cotton",,Textiles,,https://clevelandart.org/art/1940.494,https://openaccess-cdn.clevelandart.org/1940.494/1940.494_web.jpg,CC0,True,chancay; peru,cloth; cotton; textile,candidate,Pendiente de revision visual.,Andes textile; Chancay textile; Peru textile
Cleveland Museum of Art,119653,1940.495,Feathered Panel,"Andes, 7th-15th century",600–1500,Textile,"feather ""mosaic"": feathers sewed on coarse cotton cloth",,Textiles,,https://clevelandart.org/art/1940.495,https://openaccess-cdn.clevelandart.org/1940.495/1940.495_web.jpg,CC0,True,andes,cloth; cotton; textile,candidate,Pendiente de revision visual.,Andes textile
Cleveland Museum of Art,119654,1940.496,Band,"Peru, Central Coast?, Lima?, Early Horizon?",c. 600–400 BCE,Textile,warp-faced weave: llama wool,,Textiles,,https://clevelandart.org/art/1940.496,https://openaccess-cdn.clevelandart.org/1940.496/1940.496_web.jpg,CC0,True,peru,textile; wool,candidate,Pendiente de revision visual.,Andes textile; Peru textile
Cleveland Museum of Art,119655,1940.497,Fragmentary Mantle,"Peru, South Coast, Ica Valley ?, Inca Culture, 15th-16th century",c. 1400–1532,Textile,"tapestry and fancy twill, brocaded; twill",,Textiles,,https://clevelandart.org/art/1940.497,https://openaccess-cdn.clevelandart.org/1940.497/1940.497_web.jpg,CC0,True,inca; peru; south coast,mantle; textile,candidate,Pendiente de revision visual.,Inca textile; Peru textile; South Coast textile
Cleveland Museum of Art,119656,1940.498,Dress,"Peru, South Highlands or South Coast, Chuquibamba style, 12th-16th century",c. 1100–1532,Textile,camelid fiber; tapestry and complementary-weft weave,,Textiles,,https://clevelandart.org/art/1940.498,https://openaccess-cdn.clevelandart.org/1940.498/1940.498_web.jpg,CC0,True,peru; south coast,camelid; fiber; textile,candidate,Pendiente de revision visual.,Peru textile; South Coast textile
Cleveland Museum of Art,119675,1940.514,Tunic,"Peru, South Coast, Ica Valley, Ocucaje site?, Paracas people",400–200 BCE,Textile,looped camelid fiber,,Textiles,"The striking, large-scale figure shown on this tunic has an elaborate, monkey-like tail as well as head appendages that mark the creature as supernatural. This tunic, a relatively rare type, was made not on a loom but rather by working the yarns into loops with a needle. It is made entirely with camelid fiber, which can readily be dyed in a range of vivid colors. The fiber comes from one of the four camels (camelids) native to the Andes Mountains—the alpaca and llama, both domesticated, and the wild guanaco and vicuña. On the coast, it represents a prestige import.",https://clevelandart.org/art/1940.514,https://openaccess-cdn.clevelandart.org/1940.514/1940.514_web.jpg,CC0,True,andes; paracas; peru; south coast,camelid; fiber; textile; tunic,candidate,Pendiente de revision visual.,Andes textile; Paracas textile; Peru textile; South Coast textile
Cleveland Museum of Art,119676,1940.515,Mantle,"Peru, South Coast, Paracas",c. 600–400 BCE,Textile,embroidery on wool ground,,Textiles,,https://clevelandart.org/art/1940.515,https://openaccess-cdn.clevelandart.org/1940.515/1940.515_web.jpg,CC0,True,paracas; peru; south coast,mantle; textile; wool,candidate,Pendiente de revision visual.,Paracas textile; Peru textile; South Coast textile
Cleveland Museum of Art,119677,1940.516,"Mummy Bundle ""Mask""","Peru, South Coast, Ica Valley, Ocucaje site, Paracas style",200–1 BCE,Textile,"cotton and pigment, plain weave",,Textiles,"The Paracas people buried their dead in pear-shaped mummy bundles, created by carefully wrapping the seated human body in layers of garments and other textiles. Sometimes a painted cloth was placed on the outer layer at the top of the bundle, as though it served as the bundle’s face, head, or “mask.” Some cloths were painted with masklike faces, although others—such as this example—feature complete figures, which may be mythological beings with supernatural appendages.",https://clevelandart.org/art/1940.516,https://openaccess-cdn.clevelandart.org/1940.516/1940.516_web.jpg,CC0,True,paracas; peru; south coast,cloth; cotton; textile,candidate,Pendiente de revision visual.,Andean textile; Paracas textile; Peru textile; South Coast textile
Cleveland Museum of Art,119678,1940.517,"Mummy Bundle ""Mask""","Peru, South Coast, Ica Valley, Ocucaje site, Paracas style",200 BCE–1 CE,Textile,"plain warp-faced cloth, painted",,Textiles,"The Paracas people buried their dead in pear-shaped mummy bundles, created by carefully wrapping the seated human body in layers of garments and other textiles. Sometimes a painted cloth was placed on the outer layer at the top of the bundle, as though it served as the bundle’s face, head, or “mask.” Some cloths were painted with masklike faces, although others—such as this example—feature complete figures, which may be mythological beings with supernatural appendages.",https://clevelandart.org/art/1940.517,https://openaccess-cdn.clevelandart.org/1940.517/1940.517_web.jpg,CC0,True,paracas; peru; south coast,cloth; textile,candidate,Pendiente de revision visual.,Andean textile; Paracas textile; Peru textile; South Coast textile
Cleveland Museum of Art,119679,1940.518,"Mummy Bundle ""Mask""","Peru, South Coast, Ica Valley, Ocucaje site, Paracas style (700 BCE–1 CE)",200 BCE–1 CE,Textile,"warp-faced cloth, painted: cotton",,Textiles,"The Paracas people of Peru's South Coast buried their dead in pear-shaped mummy bundles made of a seated human body carefully wrapped in garments and other textiles. Sometimes a painted cloth was placed at the top of the bundle, as though it served as the bundle's face, head, or ""mask."" The cloth was padded on the back so it curved outward like a face, and the tress-like yarns (unwoven warps) at the upper edge were arranged around a solid cotton disk that, in turn, was wrapped with a headband. Some cloths were painted with mask-like faces, and others with full figures, apparently mythical creatures.",https://clevelandart.org/art/1940.518,https://openaccess-cdn.clevelandart.org/1940.518/1940.518_web.jpg,CC0,True,paracas; peru; south coast,cloth; cotton; textile,candidate,Pendiente de revision visual.,Paracas textile; Peru textile; South Coast textile
Cleveland Museum of Art,119680,1940.519,"Mummy Bundle ""Mask""","Peru, South Coast, Ica Valley, Ocucaje site, Paracas style (700 BCE–1 CE)",200–1 BCE,Textile,"plain warp-faced cloth, painted: cotton",,Textiles,"The Paracas people of Peru's South Coast buried their dead in pear-shaped mummy bundles made of a seated human body carefully wrapped in garments and other textiles. Sometimes a painted cloth was placed at the top of the bundle, as though it served as the bundle's face, head, or ""mask."" The cloth was padded on the back so it curved outward like a face, and the tress-like yarns (unwoven warps) at the upper edge were arranged around a solid cotton disk that, in turn, was wrapped with a headband. Some cloths were painted with mask-like faces, and others with full figures, apparently mythical creatures.",https://clevelandart.org/art/1940.519,https://openaccess-cdn.clevelandart.org/1940.519/1940.519_web.jpg,CC0,True,paracas; peru; south coast,cloth; cotton; textile,candidate,Pendiente de revision visual.,Paracas textile; Peru textile; South Coast textile
Cleveland Museum of Art,119682,1940.520,"Mummy Bundle ""Mask""","Peru, South Coast, Ica Valley, Ocucaje site, Paracas style",200–1 BCE,Textile,"cotton: plain warp-faced cloth, painted",,Textiles,"The Paracas people buried their dead in pear-shaped mummy bundles, created by carefully wrapping the seated human body in layers of garments and other textiles. Sometimes a painted cloth was placed on the outer layer at the top of the bundle, as though it served as the bundle’s face, head, or “mask.” Some cloths were painted with masklike faces, although others—such as this example—feature complete figures, which may be mythological beings with supernatural appendages.",https://clevelandart.org/art/1940.520,https://openaccess-cdn.clevelandart.org/1940.520/1940.520_web.jpg,CC0,True,paracas; peru; south coast,cloth; cotton; textile,candidate,Pendiente de revision visual.,Andean textile; Paracas textile; Peru textile; South Coast textile
Cleveland Museum of Art,119683,1940.521,"Mummy Bundle ""Mask""","Peru, South Coast, Ica Valley, Ocucaje site, Paracas style (700 BCE–1 CE)",400–200 BCE,Textile,"cotton and pigment, plain weave",,Textiles,"The Paracas people buried their dead in bundles that they created by carefully wrapping the seated human body in layers of garments and other textiles. In some cases, they placed a painted <br>cloth—such as these examples—on the outer layer and at the top of the bundle. The hair-like <br>yarns (unwoven warps) were arranged around a solid cotton disk that was sometimes wrapped <br>with a headband. The cloths, then, seem to have functioned as the bundle’s head, even though <br>some are painted not with faces but with complete figures whose supernatural character is marked by the appendages streaming from their bodies.",https://clevelandart.org/art/1940.521,https://openaccess-cdn.clevelandart.org/1940.521/1940.521_web.jpg,CC0,True,paracas; peru; south coast,cloth; cotton; textile,candidate,Pendiente de revision visual.,Paracas textile; Peru textile; South Coast textile
Cleveland Museum of Art,119684,1940.522,"Mummy Bundle ""Mask""","Peru, South Coast, Ica Valley, Ocucaje site, Paracas style (700 BCE–1 CE)","170 BCE–70 CE (radiocarbon date, 95% probability)",Textile,"plain warp-faced cloth, painted: cotton",,Textiles,"The Paracas people of Peru's South Coast buried their dead in pear-shaped mummy bundles made of a seated human body carefully wrapped in garments and other textiles. Sometimes a painted cloth was placed at the top of the bundle, as though it served as the bundle's face, head, or ""mask."" The cloth was padded on the back so it curved outward like a face, and the tress-like yarns (unwoven warps) at the upper edge were arranged around a solid cotton disk that, in turn, was wrapped with a headband. Some cloths were painted with mask-like faces, and others with full figures, apparently mythical creatures.",https://clevelandart.org/art/1940.522,https://openaccess-cdn.clevelandart.org/1940.522/1940.522_web.jpg,CC0,True,paracas; peru; south coast,cloth; cotton; textile,candidate,Pendiente de revision visual.,Paracas textile; Peru textile; South Coast textile
Cleveland Museum of Art,119685,1940.523,"Mummy Bundle ""Mask""","Peru, South Coast, Ica Valley, Ocucaje site, Paracas style (700 BCE–1 CE)",400–200 BCE,Textile,Cotton and pigment; plain weave,,Textiles,"The Paracas people buried their dead in bundles that they created by carefully wrapping the seated human body in layers of garments and other textiles. In some cases, they placed a painted <br>cloth—such as these examples—on the outer layer and at the top of the bundle. The hair-like <br>yarns (unwoven warps) were arranged around a solid cotton disk that was sometimes wrapped <br>with a headband. The cloths, then, seem to have functioned as the bundle’s head, even though <br>some are painted not with faces but with complete figures whose supernatural character is marked by the appendages streaming from their bodies.",https://clevelandart.org/art/1940.523,https://openaccess-cdn.clevelandart.org/1940.523/1940.523_web.jpg,CC0,True,paracas; peru; south coast,cloth; cotton; textile,candidate,Pendiente de revision visual.,Paracas textile; Peru textile; South Coast textile
Cleveland Museum of Art,119686,1940.524,"Mummy Bundle ""Mask""","Peru, South Coast, Ica Valley, Ocucaje site, Paracas style (700 BCE–1 CE)",400–200 BCE,Textile,"cotton and pigment, plain weave",,Textiles,"The Paracas people buried their dead in bundles that they created by carefully wrapping the seated human body in layers of garments and other textiles. In some cases, they placed a painted <br>cloth—such as these examples—on the outer layer and at the top of the bundle. The hair-like <br>yarns (unwoven warps) were arranged around a solid cotton disk that was sometimes wrapped <br>with a headband. The cloths, then, seem to have functioned as the bundle’s head, even though <br>some are painted not with faces but with complete figures whose supernatural character is marked by the appendages streaming from their bodies.",https://clevelandart.org/art/1940.524,https://openaccess-cdn.clevelandart.org/1940.524/1940.524_web.jpg,CC0,True,paracas; peru; south coast,cloth; cotton; textile,candidate,Pendiente de revision visual.,Paracas textile; Peru textile; South Coast textile
Cleveland Museum of Art,119687,1940.525,"Mummy Bundle ""Mask""","Peru, South Coast, Ica Valley, Ocucaje site, Paracas style (700 BCE–1 CE)",200–1 BCE,Textile,"plain warp-faced cloth, painted: cotton",,Textiles,"The Paracas people of Peru's South Coast buried their dead in pear-shaped mummy bundles made of a seated human body carefully wrapped in garments and other textiles. Sometimes a painted cloth was placed at the top of the bundle, as though it served as the bundle's face, head, or ""mask."" The cloth was padded on the back so it curved outward like a face, and the tress-like yarns (unwoven warps) at the upper edge were arranged around a solid cotton disk that, in turn, was wrapped with a headband. Some cloths were painted with mask-like faces, and others with full figures, apparently mythical creatures.",https://clevelandart.org/art/1940.525,https://openaccess-cdn.clevelandart.org/1940.525/1940.525_web.jpg,CC0,True,paracas; peru; south coast,cloth; cotton; textile,candidate,Pendiente de revision visual.,Paracas textile; Peru textile; South Coast textile
Cleveland Museum of Art,119688,1940.526,"Mummy Bundle ""Mask""","Peru, South Coast, Ica Valley, Ocucaje site, Paracas style (700 BCE–1 CE)",200–1 BCE,Textile,"plain warp-faced cloth, painted: cotton",,Textiles,"The Paracas people of Peru's south coast buried their dead in pear-shaped mummy bundles made of a seated human body carefully wrapped in garments and other textiles. Sometimes a painted cloth was placed at the top of the bundle, as if serving as the bundle's face, head, or ""mask."" The cloth was padded on the back so it curved outward like a face, and the tress-like yarns (unwoven warps) at the upper edge were arranged around a solid cotton disk that, in turn, was wrapped with a headband. Some cloths were painted with mask-like faces, and others with full figures, apparently mythical creatures.",https://clevelandart.org/art/1940.526,https://openaccess-cdn.clevelandart.org/1940.526/1940.526_web.jpg,CC0,True,paracas; peru; south coast,cloth; cotton; textile,candidate,Pendiente de revision visual.,Paracas textile; Peru textile; South Coast textile
Cleveland Museum of Art,119689,1940.527,"Mummy Bundle ""Mask""","Peru, South Coast, Ica Valley, Ocucaje site, Paracas style (700 BCE–1 CE)",400–200 BCE,Textile,Cotton and pigment; plain weave,,Textiles,"The Paracas people buried their dead in bundles that they created by carefully wrapping the seated human body in layers of garments and other textiles. In some cases, they placed a painted <br>cloth—such as these examples—on the outer layer and at the top of the bundle. The hair-like <br>yarns (unwoven warps) were arranged around a solid cotton disk that was sometimes wrapped <br>with a headband. The cloths, then, seem to have functioned as the bundle’s head, even though <br>some are painted not with faces but with complete figures whose supernatural character is marked by the appendages streaming from their bodies.",https://clevelandart.org/art/1940.527,https://openaccess-cdn.clevelandart.org/1940.527/1940.527_web.jpg,CC0,True,paracas; peru; south coast,cloth; cotton; textile,candidate,Pendiente de revision visual.,Paracas textile; Peru textile; South Coast textile
Cleveland Museum of Art,119690,1940.528,Fragment of Embroidered Cloth,"Peru, South Coast, Paracas, Late Period",c. 300–100 BCE,Textile,embroidery on plain wool ground,,Textiles,"The repetition of a nonmythical figure, in this case a warrior holding spears and a trophy head, was one of the important innovations of Paracas textile design during the Late Paracas period. The trophy head cult was an essential aspect of crop fertility and was, therefore, a focal point of Paracas art in general.",https://clevelandart.org/art/1940.528,https://openaccess-cdn.clevelandart.org/1940.528/1940.528_web.jpg,CC0,True,paracas; peru; south coast,cloth; textile; wool,candidate,Pendiente de revision visual.,Paracas textile; Peru textile; South Coast textile
Cleveland Museum of Art,119691,1940.529,Headcloth,"Peru, South Coast, Paracas, Middle Period, c. 600-400 BC (Early Horizon, Epoch 10)",c. 600–400 BCE,Textile,embroidery on tabby cloth; needle reseau and fringe at border,,Textiles,"The embroidered design consists entirely of felines, some of which are depicted with trophy heads. Both are very common motifs of Paracas art. The linear and highly stylized design as well as the limited spectrum of colors are characteristic of Paracas embroideries from the Middle Period.",https://clevelandart.org/art/1940.529,https://openaccess-cdn.clevelandart.org/1940.529/1940.529_web.jpg,CC0,True,paracas; peru; south coast,cloth; textile,candidate,Pendiente de revision visual.,Paracas textile; Peru textile; South Coast textile
Cleveland Museum of Art,119693,1940.530,Cloth with Procession of Figures,"Central Andes, South Coast, Nasca people","170 BCE–70 CE (radiocarbon date, 95% probability)",Textile,cotton and pigment (field); camelid fiber (borders and fringe),,Textiles,"Experts agree that this cloth is one of the greatest paintings to survive from Andean antiquity due to the realism, complexity, large size, and refined execution of its figures. All but one of the figures wear the whiskered mouth mask of Nasca supernatural beings and several carry or wear severed human heads, which the Nasca linked to nature’s fruitfulness. Thus, the figures seem to represent supernatural forces or humans personifying such forces during a ritual devoted to agricultural fertility. Originally, the panel was attached along its upper edge to a dark blue cloth of equal size. The complete textile may have served as a mantle (a shawl-like garment), a hanging, or a funerary offering.",https://clevelandart.org/art/1940.530,https://openaccess-cdn.clevelandart.org/1940.530/1940.530_web.jpg,CC0,True,andean; andes; nasca; south coast,camelid; cloth; cotton; fiber; garment; mantle; textile,candidate,Pendiente de revision visual.,Andean textile; Andes textile; Nasca textile; Paracas textile; Peru textile; South Coast textile
Cleveland Museum of Art,119694,1940.531,Mummy Bundle Turban,"Peru, South Coast, Paracas, 200 BC - AD 200, modern assembly",c. 650–100 BCE,Textile,"cotton, reed, wool, fur, feathers and other fibers",,Textiles,,https://clevelandart.org/art/1940.531,https://openaccess-cdn.clevelandart.org/1940.531/1940.531_web.jpg,CC0,True,paracas; peru; south coast,cotton; textile; wool,candidate,Pendiente de revision visual.,Paracas textile; Peru textile; South Coast textile
Cleveland Museum of Art,124412,1945.378,Four-Cornered Hat,"Peru, South Coast, Wari Culture, Middle Horizon, 8th-11th Century",c. 700–1100 A.D.,Textile,needle network with cut pile: cotton and wool; reseau for top: cotton,,Textiles,,https://clevelandart.org/art/1945.378,https://openaccess-cdn.clevelandart.org/1945.378/1945.378_web.jpg,CC0,True,peru; south coast; wari,cotton; textile; wool,candidate,Pendiente de revision visual.,Peru textile; South Coast textile; Wari textile
Cleveland Museum of Art,124413,1945.379,Mantle Corner Fragment,"Peru, South Coast, Wari Culture, Middle Horizon, 8th-11th Century",700–1100 A.D.,Textile,cotton and camelid fiber; plain weave with supplementary weft (brocade),,Textiles,,https://clevelandart.org/art/1945.379,https://openaccess-cdn.clevelandart.org/1945.379/1945.379_web.jpg,CC0,True,peru; south coast; wari,camelid; cotton; fiber; mantle; textile,candidate,Pendiente de revision visual.,Peru textile; South Coast textile; Wari textile
Cleveland Museum of Art,124739,1946.226,Mantle,"Peru, South Coast, Paracas (Cavernas) style",c. 300 BCE–200 CE,Textile,camelid fiber: plain weave with embroidery,,Textiles,"Buried in shaft-tombs, or rectangular sunken chambers, the Paracas dead were wrapped in layers of cloth and accompanied by pottery, food, and other offerings. The dry environment of the Paracas Peninsula helped preserve many of these textiles, including richly ornamented garments buried with important individuals. This mantle, probably worn like a cloak, relates closely to the tunic (CMA 1946.227) and long headband (CMA 1946.228) due to their shared imagery. Its double-headed bird motifs— embroidered in vivid red, blue, yellow, and green yarns—likely had symbolic significance, although the specific meaning remains unknown.",https://clevelandart.org/art/1946.226,https://openaccess-cdn.clevelandart.org/1946.226/1946.226_web.jpg,CC0,True,paracas; peru; south coast,camelid; cloth; fiber; mantle; textile; tunic,candidate,Pendiente de revision visual.,Andean textile; Paracas textile; Peru textile; South Coast textile
Cleveland Museum of Art,124740,1946.227,Tunic,"Peru, South Coast, Paracas (Cavernas) style",c. 300 BCE–200 CE,Textile,Alpaca wool: plain weave with embroidery and warp substitution,,Textiles,"Brightly dyed wool yarns found in many ancient Peruvian textiles come mainly from alpacas that were domesticated and selectively bred to produce long, soft, lustrous fiber. The finely spun yarns in a broad range of colors as seen on this tunic—well preserved after approximately 2,000 years of burial—attest to the Paracas people’s considerable artistry. A double-headed bird motif appears multiple times throughout the tunic’s design.",https://clevelandart.org/art/1946.227,https://openaccess-cdn.clevelandart.org/1946.227/1946.227_web.jpg,CC0,True,paracas; peru; peruvian; south coast,fiber; textile; tunic; wool,candidate,Pendiente de revision visual.,Andean textile; Andes textile; Paracas textile; Peru textile; Peruvian textile; South Coast textile
Cleveland Museum of Art,124741,1946.228,Turban Band (Llauto),"Peru, South Coast, Paracas, Late Period",c. 300–100 BCE,Textile,wool and cotton: needle reseau (netting),,Textiles,"Repeated along the length of this headband is a double-headed bird motif, in which the two heads are seen in profile and joined to a frontal body with outstretched wings. This design also appears in the tunic (1946.227) and mantle (1946.226). These three textiles may have formed a matched set that a socially prominent Paracas man would have worn as an ensemble.",https://clevelandart.org/art/1946.228,https://openaccess-cdn.clevelandart.org/1946.228/1946.228_web.jpg,CC0,True,paracas; peru; south coast,cotton; mantle; textile; tunic; wool,candidate,Pendiente de revision visual.,Andean textile; Paracas textile; Peru textile; South Coast textile
Cleveland Museum of Art,125095,1946.75,Mantle Corner Fragment,"Peru, South Coast, Wari Culture, Middle Horizon, 8th-12th Century",c. 700–1100,Textile,cotton and camelid fiber; plain weave with supplementary weft (brocade),,Textiles,,https://clevelandart.org/art/1946.75,https://openaccess-cdn.clevelandart.org/1946.75/1946.75_web.jpg,CC0,True,peru; south coast; wari,camelid; cotton; fiber; mantle; textile,candidate,Pendiente de revision visual.,Peru textile; South Coast textile; Wari textile
Cleveland Museum of Art,125339,1947.291,Four-Cornered Hat,"Peru, South Coast, Wari Culture, Tiwanaku Style, Middle Horizon, 8th-12th Century",c. 700–1100 A.D.,Textile,needle network with and without cut pile: cotton and wool,,Textiles,,https://clevelandart.org/art/1947.291,https://openaccess-cdn.clevelandart.org/1947.291/1947.291_web.jpg,CC0,True,peru; south coast; tiwanaku; wari,cotton; textile; wool,candidate,Pendiente de revision visual.,Peru textile; South Coast textile; Tiwanaku textile; Wari textile
Cleveland Museum of Art,126268,1948.478,Border Fragment,"Peru, South Coast, Nasca",100 BCE–700 CE,Embroidery,embroidery in polychrome wools on cotton foundation,,Textiles,,https://clevelandart.org/art/1948.478,https://openaccess-cdn.clevelandart.org/1948.478/1948.478_web.jpg,CC0,True,nasca; peru; south coast,cotton,candidate,Pendiente de revision visual.,Nasca textile; Peru textile; South Coast textile
Cleveland Museum of Art,126269,1948.479,Border Fragment with Birds and Flowers,"Peru, South Coast, Nasca",100 BCE–700 CE,Embroidery,"camelid fiber, cross-knit looping (reversible)",,Textiles,,https://clevelandart.org/art/1948.479,https://openaccess-cdn.clevelandart.org/1948.479/1948.479_web.jpg,CC0,True,nasca; peru; south coast,camelid; fiber,candidate,Pendiente de revision visual.,Nasca textile; Peru textile; South Coast textile
Cleveland Museum of Art,126271,1948.480,Border Fragment with Birds and Flowers,"Peru, South Coast, Nasca",100 BCE–700 CE,Embroidery,"camelid fiber, cross-knit looping (reversible)",,Textiles,,https://clevelandart.org/art/1948.480,https://openaccess-cdn.clevelandart.org/1948.480/1948.480_web.jpg,CC0,True,nasca; peru; south coast,camelid; fiber,candidate,Pendiente de revision visual.,Nasca textile; Peru textile; South Coast textile
Cleveland Museum of Art,126272,1948.481,Border Fragment with Birds and Flowers,"Peru, South Coast, Nasca",100 BCE–700 CE,Embroidery,embroidery of polychrome wools on cotton foundation,,Textiles,,https://clevelandart.org/art/1948.481,https://openaccess-cdn.clevelandart.org/1948.481/1948.481_web.jpg,CC0,True,nasca; peru; south coast,cotton,candidate,Pendiente de revision visual.,Nasca textile; Peru textile; South Coast textile
Cleveland Museum of Art,126273,1948.482,Border Fragment with Birds and Flowers,"Peru, South Coast, Nasca",100 BCE–700 CE,Embroidery,"camelid fiber, cross-knit looping (reversible)",,Textiles,,https://clevelandart.org/art/1948.482,https://openaccess-cdn.clevelandart.org/1948.482/1948.482_web.jpg,CC0,True,nasca; peru; south coast,camelid; fiber,candidate,Pendiente de revision visual.,Nasca textile; Peru textile; South Coast textile
Cleveland Museum of Art,126274,1948.483,Spindle,"Peru, South Coast, Nasca",c. 1–399 CE,Spindle Whorl,wood with carved clay whorl,,Textiles,,https://clevelandart.org/art/1948.483,https://openaccess-cdn.clevelandart.org/1948.483/1948.483_web.jpg,CC0,True,nasca; peru; south coast,,excluded_no_textile_evidence,Sin evidencia textil suficiente en metadatos.,Nasca textile; Peru textile; South Coast textile
Cleveland Museum of Art,126275,1948.484,Spindle,"Peru, South Coast, Nasca",c. 1–399 CE,Spindle Whorl,wood with carved clay whorl,,Textiles,,https://clevelandart.org/art/1948.484,https://openaccess-cdn.clevelandart.org/1948.484/1948.484_web.jpg,CC0,True,nasca; peru; south coast,,excluded_no_textile_evidence,Sin evidencia textil suficiente en metadatos.,Nasca textile; Peru textile; South Coast textile
Cleveland Museum of Art,126276,1948.485,Spindle,"Peru, South Coast, Wari Culture, Tiwanaku Style, 7th-10th Century",c. 600–1000,Spindle Whorl,wood with carved clay whorl,,Textiles,,https://clevelandart.org/art/1948.485,https://openaccess-cdn.clevelandart.org/1948.485/1948.485_web.jpg,CC0,True,peru; south coast; tiwanaku; wari,,excluded_no_textile_evidence,Sin evidencia textil suficiente en metadatos.,Peru textile; South Coast textile; Tiwanaku textile; Wari textile
Cleveland Museum of Art,126684,1949.12,Tunic with Profile Animal and Human Heads,"Peru, South Coast, Wari Culture, Middle Horizon, 8th-12th Century",c. 700–1100,Textile,tapestry weave: wool,,Textiles,"Wari tunics are made of two long panels folded at the shoulder line and stitched together at center and side seams, with openings left for the head and arms. The looms on which the panels were woven measured about 80 x 20 inches, with the warps spanning the short dimension. Thus, the warps are horizontal rather than vertical in the garment as it was worn. This orientation is unusual and seems to have influenced the construction of later Inca tunics. In this example, the imagery comprises two profile heads that alternate, one a human and the other an animal that may represent a deer or a bat. Such tunics were luxury goods worn only by privileged individuals.",https://clevelandart.org/art/1949.12,https://openaccess-cdn.clevelandart.org/1949.12/1949.12_web.jpg,CC0,True,inca; peru; south coast; wari,garment; textile; tunic; wool; woven,candidate,Pendiente de revision visual.,Inca textile; Peru textile; South Coast textile; Wari textile
Cleveland Museum of Art,126795,1949.192,Four-Cornered Hat,"Peru, South Coast, Ica Valley, Inca Culture, 15th-16th century",c. 1400–1532,Textile,camelid fiber,,Textiles,,https://clevelandart.org/art/1949.192,https://openaccess-cdn.clevelandart.org/1949.192/1949.192_web.jpg,CC0,True,inca; peru; south coast,camelid; fiber; textile,candidate,Pendiente de revision visual.,Inca textile; Peru textile; South Coast textile
Cleveland Museum of Art,126796,1949.193,Four-Cornered Hat,"Peru, South Coast, Wari Culture, Middle Horizon, 8th-12th Century",c. 700–1100,Textile,"sides: cotton and wool plain cloth, brocaded; top: wool fancy cloth (?)",,Textiles,,https://clevelandart.org/art/1949.193,https://openaccess-cdn.clevelandart.org/1949.193/1949.193_web.jpg,CC0,True,peru; south coast; wari,cloth; cotton; textile; wool,candidate,Pendiente de revision visual.,Peru textile; South Coast textile; Wari textile
Cleveland Museum of Art,128181,1951.173,"Medallion, beads, and spindle whorls","Central Andes, North Coast, Chimú (medallion)",1000–1532 (medallion),Jewelry,"bronze, copper, silver",,Art of the Americas,"This medallion and dozens of smaller beads and spindle whorls arrived at the museum strung on modern cord. Pierced with a hole at the top, it could have been suspended from a necklace or attached to a backing, such as a textile. It comes from Peru’s north coast and was made in the late pre-Hispanic period; the dates of the smaller beads are less clear.",https://clevelandart.org/art/1951.173,https://openaccess-cdn.clevelandart.org/1951.173/1951.173_web.jpg,CC0,True,andes; north coast; peru,textile,candidate,Pendiente de revision visual.,Andes textile; Chimu textile; North Coast textile; Peru textile
Cleveland Museum of Art,128454,1951.393,Half Tunic,"Peru, South Coast, Inca Culture, Colonial Period, 16th century",16th century,Textile,interlocked tapestry; cotton and wool,,Textiles,"The ""t'oqapu"" waistband and the deep V-yoke were standard decorations of Inca tunics. However, the fantastic animals represented in the yoke and the floral motifs in the main field identify this tunic as dating after the Spanish Conquest in 1532.",https://clevelandart.org/art/1951.393,https://openaccess-cdn.clevelandart.org/1951.393/1951.393_web.jpg,CC0,True,inca; peru; south coast,cotton; textile; tunic; wool,candidate,Pendiente de revision visual.,Inca textile; Peru textile; South Coast textile
Cleveland Museum of Art,130555,1953.288,Large Cloth,"Peru, North Coast, Chimu-Inka","1460–1632 (radiocarbon date, 95% probability)",Textile,"plain tabby, brocaded: wool and cotton",,Textiles,,https://clevelandart.org/art/1953.288,https://openaccess-cdn.clevelandart.org/1953.288/1953.288_web.jpg,CC0,True,chimu; north coast; peru,cloth; cotton; textile; wool,candidate,Pendiente de revision visual.,Chimu textile; North Coast textile; Peru textile
Cleveland Museum of Art,130762,1953.475,Band with Trophy Heads,"Peru, South Coast, Nasca",100 BCE–700 CE,Textile,"interlocking warp and weft, single interlock: wool",,Textiles,"This band, remarkable for its intense color and spider-web sheerness, was created using an unusual technique known as discontinuous warp and weft. That is, none of the vertical or horizontal yarns are continuous from one side of the band to the other. Rather, they travel back and forth within their own color areas, linking at the edges with yarns in adjacent areas. This is a difficult feat when weaving on a loom and the creator likely used another approach, such as darning with a needle over a ground cloth that was then removed. The image repeated in each of the band’s rectangles is a head supported on two little feet.",https://clevelandart.org/art/1953.475,https://openaccess-cdn.clevelandart.org/1953.475/1953.475_web.jpg,CC0,True,nasca; peru; south coast,cloth; textile; weaving; wool,candidate,Pendiente de revision visual.,Andes textile; Nasca textile; Peru textile; South Coast textile
Cleveland Museum of Art,132125,1954.68,Lower Border of a Garment,"Central Andes, North Coast, Chimú or Lambayeque (Sican) People",1000–1470s,Textile,tapestry; wool and cotton,,Textiles,,https://clevelandart.org/art/1954.68,https://openaccess-cdn.clevelandart.org/1954.68/1954.68_web.jpg,CC0,True,andes; north coast,cotton; garment; textile; wool,candidate,Pendiente de revision visual.,Andes textile; Chimu textile; North Coast textile
Cleveland Museum of Art,134395,1956.84,Tunic,"Peru, South Coast, Wari Culture, Middle Horizon, 8th-12th Century",c. 700–1100,Textile,tapestry; interlocked wefts and areas of eccentric weaving: wool and cotton,,Textiles,,https://clevelandart.org/art/1956.84,https://openaccess-cdn.clevelandart.org/1956.84/1956.84_web.jpg,CC0,True,peru; south coast; wari,cotton; textile; tunic; weaving; wool,candidate,Pendiente de revision visual.,Peru textile; South Coast textile; Wari textile
Cleveland Museum of Art,134604,1957.136,Tunic,"Peru, Inca, 15th-16th century",c. 1400–1540,Textile,tapestry; cotton and camelid fiber,,Textiles,"Finely woven interlocked tapestry garments were a privilege of the nobility within the Inca Empire. Such garments were made throughout the vast Inca territory by women of noble families, by professional weavers, and by the Aclla (Chosen Women). These specialists lived in cloistered communities and served the state by brewing beer and weaving fine cloth. The products of their labor were redistributed by the Inca state as prized gifts to loyal vassals and allies. The standardized decorative scheme of this tunic, known as the Inca Key, is one of the most common Inca tunic patterns.",https://clevelandart.org/art/1957.136,https://openaccess-cdn.clevelandart.org/1957.136/1957.136_web.jpg,CC0,True,inca; peru,camelid; cloth; cotton; fiber; textile; tunic; weaving; woven,candidate,Pendiente de revision visual.,Inca textile; Peru textile
Cleveland Museum of Art,134765,1957.340,Fragment,"Peru, South Coast, Nasca-Huari style",c. 600–700,Textile,interlocking warp and weft: wool,,Textiles,,https://clevelandart.org/art/1957.340,https://openaccess-cdn.clevelandart.org/1957.340/1957.340_web.jpg,CC0,True,huari; nasca; peru; south coast,textile; wool,candidate,Pendiente de revision visual.,Huari textile; Nasca textile; Peru textile; South Coast textile
Cleveland Museum of Art,134948,1957.495,Tapestry Square Panel,"Peru, South Coast, Wari Culture, Middle Horizon, 8th-12th Century",c. 700–1100,Tapestry,tapestry with interlocked wefts: wool and cotton,,Textiles,,https://clevelandart.org/art/1957.495,https://openaccess-cdn.clevelandart.org/1957.495/1957.495_web.jpg,CC0,True,peru; south coast; wari,cotton; wool,candidate,Pendiente de revision visual.,Peru textile; South Coast textile; Wari textile
Cleveland Museum of Art,135408,1958.412,Feathered Tabard or Tunic,"Andes, 7th-15th century",600–1500,Textile,feather mosaic on cotton,,Textiles,,https://clevelandart.org/art/1958.412,https://openaccess-cdn.clevelandart.org/1958.412/1958.412_web.jpg,CC0,True,andes,cotton; textile; tunic,candidate,Pendiente de revision visual.,Andes textile
Cleveland Museum of Art,137312,1962.240,Embroidered Fragment,"Peru, South Coast, Paracas",c. 650–100 BCE,Embroidery,wool embroidery on wool tabby ground,,Textiles,,https://clevelandart.org/art/1962.240,https://openaccess-cdn.clevelandart.org/1962.240/1962.240_web.jpg,CC0,True,paracas; peru; south coast,wool,candidate,Pendiente de revision visual.,Paracas textile; Peru textile; South Coast textile
Cleveland Museum of Art,149062,1977.190,Fragment,"Peru, Central Coast, Chancay, 12th-15th century",c. 1100–1400,Textile,tapestry: cotton and wool,,Textiles,,https://clevelandart.org/art/1977.190,https://openaccess-cdn.clevelandart.org/1977.190/1977.190_web.jpg,CC0,True,chancay; peru,cotton; textile; wool,candidate,Pendiente de revision visual.,Chancay textile; Peru textile
Cleveland Museum of Art,150514,1981.69,Ceremonial Garment (Naaxein) (Chilkat Blanket),"America, Native North American, Northwest Coast, Tlingit, late 19th century",late 1800s,Textile,weft twining: cedar bark wrapped with mountain goat hair,,Textiles,,https://clevelandart.org/art/1981.69,https://openaccess-cdn.clevelandart.org/1981.69/1981.69_web.jpg,CC0,True,,garment; textile,excluded_no_andean_evidence,Sin evidencia andina suficiente en metadatos.,North Coast textile
Cleveland Museum of Art,152258,1985.139,Two Textile Fragment with Fanged Heads,"Peru, South Coast, Ica Valley, Chavín style",500–200 BCE,Textile,cotton: plain weave patterned by fiber-wrapped warps and supplementary wefts,,Textiles,"These two rare fragments of equal size and mounted side by side feature fanged heads connected by a fanged mouth band. Each band ascends as a column above a rectangular, disembodied eye that implies the original presence of large figures or heads beneath the bands. Fanged heads are common markers of the supernatural in Chavín art, an early style that developed in the highlands of Peru. The original textile may have served as a ceremonial wall hanging.",https://clevelandart.org/art/1985.139,https://openaccess-cdn.clevelandart.org/1985.139/1985.139_web.jpg,CC0,True,peru; south coast,cotton; fiber; textile,candidate,Pendiente de revision visual.,Peru textile; South Coast textile
Cleveland Museum of Art,152334,1985.193,Mantle Border Fragment with Oculate Being,"Peru, South Coast, Paracas (Cavernas) style (700 BCE–1 CE)",200 BCE–200 CE,Embroidery,"camelid fiber, embroidery over foundation cloth",,Textiles,"This border fragment features a supernatural being apparently at the center of a religion that swept the south coast during the final stages of the Paracas culture. Known as the Oculate Being after its huge eyes, it is affiliated with fertility and violence—note the darts it holds in one hand. Both large and small versions of the being are embroidered on the fragment, which likely comes from the border of a large, rectangular, shawl-like garment known as a mantle.",https://clevelandart.org/art/1985.193,https://openaccess-cdn.clevelandart.org/1985.193/1985.193_web.jpg,CC0,True,paracas; peru; south coast,camelid; cloth; fiber; garment; mantle; textile,candidate,Pendiente de revision visual.,Paracas textile; Peru textile; South Coast textile
Cleveland Museum of Art,152819,1985.7,Two Tapestry-woven Panel Fragments,"Central Andes, North Coast, Chimú people",1000–1460s,Tapestry,"camelid fiber and cotton, tapestry weave",,Textiles,"These two fragments, mounted side-by-side, come from the Chimú (<em>chee-</em><strong><em>moo</em></strong>) Empire of Peru’s north coast. Each features horizontal rows containing four frontal figures. The rows alternate with wider registers, each with an H shape that represents a litter seen from above. A form of transport reserved for only the most esteemed members of society, the litter would have been carried by human porters via poles at each corner. Scattered around each are small creatures, including birds, a fish (located beneath), and two insect-like creatures posed as if they were carrying the litter. The objects hovering above the litter have not been identified.",https://clevelandart.org/art/1985.7,https://openaccess-cdn.clevelandart.org/1985.7/1985.7_web.jpg,CC0,True,andes; north coast; peru,camelid; cotton; fiber; woven,candidate,Pendiente de revision visual.,Andes textile; Chimu textile; North Coast textile; Peru textile
Cleveland Museum of Art,155505,1990.225,Textile Fragment,"Peru, North Coast, 9th-12th Century",800–1100,Textile,"slit tapestry, cotton warp, camelid-fiber wefts",,Textiles,,https://clevelandart.org/art/1990.225,https://openaccess-cdn.clevelandart.org/1990.225/1990.225_web.jpg,CC0,True,north coast; peru,camelid; cotton; fiber; textile,candidate,Pendiente de revision visual.,North Coast textile; Peru textile
Cleveland Museum of Art,155829,1991.141,Male Figure with Modern Additions,"Peru, Central Coast, Chancay people",1100–1500,Miscellaneous,"Original elements include the head and tunic; added elements include the skirt, red fringe, and belt; Cotton, camelid fiber, reeds; Slit tapestry (tunic and face); plain weave with supplementary weft (skirt)",,Textiles,,https://clevelandart.org/art/1991.141,https://openaccess-cdn.clevelandart.org/1991.141/1991.141_web.jpg,CC0,True,chancay; peru,camelid; cotton; fiber; tunic,candidate,Pendiente de revision visual.,Chancay textile; Peru textile
Cleveland Museum of Art,155934,1991.223,Tapestry Fragment,"Peru, North Coast, Lambayeque (Sicán) people",700–1370s,Tapestry,"camelid fiber and cotton, tapestry weave",,Textiles,"The prominent figure with an elaborate headdress duplicated on this brightly colored fragment is known today as a “Lord,” a term that reveals uncertainty about his identity but confidence in his prestige. Whether a king or a deity, he was crucially important to the north coast Lambayeque (lahm-buy-YEK-kay) (Sicán) people, who often portrayed him in a wide range of media. The geometric motif that repeats in the nine central squares is unidentified.",https://clevelandart.org/art/1991.223,https://openaccess-cdn.clevelandart.org/1991.223/1991.223_web.jpg,CC0,True,north coast; peru,camelid; cotton; fiber,candidate,Pendiente de revision visual.,North Coast textile; Peru textile
Cleveland Museum of Art,156237,1992.103,Tapestry Panel,"Peru, Central Coast, Chancay-Chimú style, 11th-15th century",1000–1460s,Tapestry,"camelid fiber and cotton, tapestry weave",,Textiles,"The design of this panel depends on the repetition of a single motif: a small, geometricized head set inside a stepped V, which seems to represent the stylized bodies and wings of two birds. This motif, woven in different color combinations, alternates between up and down to form a sophisticated interlocking pattern that has no proper top and bottom. The panel probably once belonged to a garment.",https://clevelandart.org/art/1992.103,https://openaccess-cdn.clevelandart.org/1992.103/1992.103_web.jpg,CC0,True,chancay; peru,camelid; cotton; fiber; garment; woven,candidate,Pendiente de revision visual.,Chancay textile; Chimu textile; Peru textile
Cleveland Museum of Art,156248,1992.104,Feathered Tabard or Tunic,"Andes, 7th-15th century",600–1500,Textile,black and white feathers sewn to cotton tabby ground,,Textiles,,https://clevelandart.org/art/1992.104,https://openaccess-cdn.clevelandart.org/1992.104/1992.104_web.jpg,CC0,True,andes,cotton; textile; tunic,candidate,Pendiente de revision visual.,Andes textile
Cleveland Museum of Art,156260,1992.105,Feathered Tabard or Tunic,"Andes, 7th-15th century",600–1500,Textile,polychrome feathers sewn to cotton tabby ground,,Textiles,,https://clevelandart.org/art/1992.105,https://openaccess-cdn.clevelandart.org/1992.105/1992.105_web.jpg,CC0,True,andes,cotton; textile; tunic,candidate,Pendiente de revision visual.,Andes textile
Cleveland Museum of Art,156519,1992.231.1,Textile,"Peru, Central Coast, Chancay, 12th-15th century",c. 1100–1400,Textile,tapestry weave,,Textiles,,https://clevelandart.org/art/1992.231.1,https://openaccess-cdn.clevelandart.org/1992.231.1/1992.231.1_web.jpg,CC0,True,chancay; peru,textile,candidate,Pendiente de revision visual.,Chancay textile; Peru textile
Cleveland Museum of Art,156520,1992.231.2,Textile,"Peru, Central Coast, Chancay, 12th-15th century",c. 1100–1400,Textile,double cloth,,Textiles,,https://clevelandart.org/art/1992.231.2,https://openaccess-cdn.clevelandart.org/1992.231.2/1992.231.2_web.jpg,CC0,True,chancay; peru,cloth; textile,candidate,Pendiente de revision visual.,Chancay textile; Peru textile
Cleveland Museum of Art,157111,1993.242,Triple Cloth,"Peru, Recuay",400 BCE–700 CE,Textile,triple cloth: wool,,Textiles,,https://clevelandart.org/art/1993.242,https://openaccess-cdn.clevelandart.org/1993.242/1993.242_web.jpg,CC0,True,peru,cloth; textile; wool,candidate,Pendiente de revision visual.,Peru textile
Cleveland Museum of Art,157112,1993.243,Double Cloth,"Peru, Recuay",400 BCE–700 CE,Textile,wool,,Textiles,,https://clevelandart.org/art/1993.243,https://openaccess-cdn.clevelandart.org/1993.243/1993.243_web.jpg,CC0,True,peru,cloth; textile; wool,candidate,Pendiente de revision visual.,Peru textile
Cleveland Museum of Art,159632,1996.348,Fragments of a Belt,"Peru, South Andes, Tiwanaku style",c. 400,Textile,camelid wool; tapestry,,Textiles,,https://clevelandart.org/art/1996.348,https://openaccess-cdn.clevelandart.org/1996.348/1996.348_web.jpg,CC0,True,andes; peru; tiwanaku,camelid; textile; wool,candidate,Pendiente de revision visual.,Andes textile; Peru textile; Tiwanaku textile
Cleveland Museum of Art,159633,1996.348.a,Fragment of a Belt,"Peru, South Andes, Tiwanaku style",c. 400,Textile,camelid wool; tapestry,,Textiles,,https://clevelandart.org/art/1996.348.a,https://openaccess-cdn.clevelandart.org/1996.348.a/1996.348.a_web.jpg,CC0,True,andes; peru; tiwanaku,camelid; textile; wool,candidate,Pendiente de revision visual.,Andes textile; Peru textile; Tiwanaku textile
Cleveland Museum of Art,159634,1996.348.b,Fragment of a Belt,"Peru, South Andes, Tiwanaku style",c. 400,Textile,camelid wool; tapestry,,Textiles,,https://clevelandart.org/art/1996.348.b,https://openaccess-cdn.clevelandart.org/1996.348.b/1996.348.b_web.jpg,CC0,True,andes; peru; tiwanaku,camelid; textile; wool,candidate,Pendiente de revision visual.,Andes textile; Peru textile; Tiwanaku textile
Cleveland Museum of Art,159839,1997.150,Four-Cornered Hat,"Peru, South Andes or Chile, Northern Andes, Tiwanaku style, 5th-10th Century",c. 400–1000,Textile,alpaca,,Textiles,"A distinctive type of Tiwanaku and Wari headgear was a hat with four ear-like peaks rising from the corners. Depicted on warriors and other men who wear prestigious clothing and ornaments, the hats were made with knots, visible on all sides of this handsome Tiwanaku example. The hat is decorated with a pattern that includes a profile bird head.",https://clevelandart.org/art/1997.150,https://openaccess-cdn.clevelandart.org/1997.150/1997.150_web.jpg,CC0,True,andes; peru; tiwanaku; wari,textile,candidate,Pendiente de revision visual.,Andes textile; Peru textile; Tiwanaku textile; Wari textile
Cleveland Museum of Art,160691,1998.52,Trapezoidal Bag,"Peru, South Coast, Arica culture, or Chile, North Coast, 13th-15th century",1200–1400,Textile,alpaca wool,,Textiles,,https://clevelandart.org/art/1998.52,https://openaccess-cdn.clevelandart.org/1998.52/1998.52_web.jpg,CC0,True,north coast; peru; south coast,textile; wool,candidate,Pendiente de revision visual.,North Coast textile; Peru textile; South Coast textile
Cleveland Museum of Art,160692,1998.53,Trapezoidal Bag,"Peru, South Coast, Arica culture, or Chile, North Coast, 13th-15th century",1200–1400,Textile,alpaca wool,,Textiles,,https://clevelandart.org/art/1998.53,https://openaccess-cdn.clevelandart.org/1998.53/1998.53_web.jpg,CC0,True,north coast; peru; south coast,textile; wool,candidate,Pendiente de revision visual.,North Coast textile; Peru textile; South Coast textile
Cleveland Museum of Art,162398,2002.93,Feathered Panel,"Peru, Far South Coast, Pampa Ocoña, 7th-10th century",600–900,Textile,Papagayo macaw feathers knotted onto strings and stitched to cotton plain-weave cloth; camelid fiber plain-weave cloth upper tape,,Textiles,"Of all the luxury textile types made in the ancient Andes, feathered cloth was one of the most esteemed. This panel may come from a buried offering that contained more than a half-dozen large human-effigy vessels made of ceramic; inside the vessels were 96 rolled panels, all covered with the feathers of the tropical blue-and-yellow macaw. The ties that survive on the upper corners of some panels suggest they served as hangings that transformed a space from mundane to radiant and ceremonial.",https://clevelandart.org/art/2002.93,https://openaccess-cdn.clevelandart.org/2002.93/2002.93_web.jpg,CC0,True,andes; peru; south coast,camelid; cloth; cotton; fiber; textile,candidate,Pendiente de revision visual.,Andes textile; Peru textile; South Coast textile
Cleveland Museum of Art,163622,2005.13,Textile Fragment with Three Frontal Deities and Interlace Pattern,"Peru, South Coast, Paracas (700 BC -AD 1), Yauca Valley?",700–400 BCE,Textile,camelid fiber; double-cloth with structural embroidery,,Textiles,"This textile fragment and (2005.14), belong to a group that represents Andean weavers’ earliest known achievements in double cloth, a technique that allows the creation of identical designs on both faces of the cloth but in reversed colors. They also record the devotion to abstraction typical of the Paracas style. One features three repeats of a highly geometrical standing deity with a fanged mouth. The other includes several stylized deity heads and a blocky, frontally posed feline. The type of garment that these fragments come from remains <br>unknown.",https://clevelandart.org/art/2005.13,https://openaccess-cdn.clevelandart.org/2005.13/2005.13_web.jpg,CC0,True,andean; paracas; peru; south coast,camelid; cloth; fiber; garment; textile,candidate,Pendiente de revision visual.,Andean textile; Paracas textile; Peru textile; South Coast textile
Cleveland Museum of Art,163640,2005.14,"Textile Fragment with Frontal Deity Heads, Felines, and Interlace Pattern","Peru, South Coast, Paracas, Yauca Valley(?)",700–400 BCE,Textile,camelid fiber; double-cloth with structural embroidery,,Textiles,"This textile fragment and (2005.13), belong to a group that represents Andean weavers’ earliest known achievements in double cloth, a technique that allows the creation of identical designs on both faces of the cloth but in reversed colors. They also record the devotion to abstraction typical of the Paracas style. One features three repeats of a highly geometrical standing deity with a fanged mouth. The other includes several stylized deity heads and a blocky, frontally posed feline. The type of garment that these fragments come from remains <br>unknown.",https://clevelandart.org/art/2005.14,https://openaccess-cdn.clevelandart.org/2005.14/2005.14_web.jpg,CC0,True,andean; paracas; peru; south coast,camelid; cloth; fiber; garment; textile,candidate,Pendiente de revision visual.,Andean textile; Paracas textile; Peru textile; South Coast textile
Cleveland Museum of Art,163676,2005.15,Textile Fragment with Interlace Pattern,"Peru, South Coast, Paracas, Yauca Valley(?)",700–400 BCE,Textile,camelid fiber and cotton; brocaded plain-weave,,Textiles,,https://clevelandart.org/art/2005.15,https://openaccess-cdn.clevelandart.org/2005.15/2005.15_web.jpg,CC0,True,paracas; peru; south coast,camelid; cotton; fiber; textile,candidate,Pendiente de revision visual.,Paracas textile; Peru textile; South Coast textile
Cleveland Museum of Art,163708,2005.16,Tunic with Profile Animals and Checkerboards,"Peru, South Coast, Paracas or Nasca?","410–540 CE (radiocarbon date, 93% probability)",Textile,cotton; dye-patterned plain weave,,Textiles,"The imagery in the central field of this unique tunic—animals with long tails and three-toed feet—seems to have been created by painting a slurry-like material on the pale areas to protect them when the fabric was immersed in a bath that turned other areas light brown. Then the slurry was removed, revealing the pattern. The checkerboard areas at the sides, on the other hand, are woven with brown and cream-colored yarns. Specialists puzzle over the origins of the tunic, some attributing it to the Paracas (700 BCE–1 CE) and others to the Nasca (100 BCE–650 CE), who sprang from Paracas roots.",https://clevelandart.org/art/2005.16,https://openaccess-cdn.clevelandart.org/2005.16/2005.16_web.jpg,CC0,True,nasca; paracas; peru; south coast,cotton; textile; tunic; woven,candidate,Pendiente de revision visual.,Nasca textile; Paracas textile; Peru textile; South Coast textile
Cleveland Museum of Art,163724,2005.17,Tunic with Double-headed Serpents,"Peru, South Coast, Ica Valley, Ocucaje site?, Paracas people (700 BCE-1 CE)",400–200 BCE,Textile,cotton; gauze,,Textiles,"Gauze weave was used to pattern this tunic with interlocking, double-headed serpents that may <br>have had mythical or supernatural significance. By manipulating the density of the fabric to create the design, the weaver may have sidestepped a limitation of cotton, which did not readily take dyes.",https://clevelandart.org/art/2005.17,https://openaccess-cdn.clevelandart.org/2005.17/2005.17_web.jpg,CC0,True,paracas; peru; south coast,cotton; textile; tunic,candidate,Pendiente de revision visual.,Paracas textile; Peru textile; South Coast textile
Cleveland Museum of Art,163758,2005.18,Panel from the End of a Sash,"Peru, South Coast, Paracas, Carhua or Chucho?",700–1 BCE,Textile,cotton; camelid fiber; tapestry and plain-weave,,Textiles,,https://clevelandart.org/art/2005.18,https://openaccess-cdn.clevelandart.org/2005.18/2005.18_web.jpg,CC0,True,paracas; peru; south coast,camelid; cotton; fiber; textile,candidate,Pendiente de revision visual.,Paracas textile; Peru textile; South Coast textile
Cleveland Museum of Art,163781,2005.19,Fragment of a Mantle with Oculate Being,"Peru, South Coast, Paracas, Carhua?",200–1 BCE,Textile,cotton; double-cloth,,Textiles,,https://clevelandart.org/art/2005.19,https://openaccess-cdn.clevelandart.org/2005.19/2005.19_web.jpg,CC0,True,paracas; peru; south coast,cloth; cotton; mantle; textile,candidate,Pendiente de revision visual.,Paracas textile; Peru textile; South Coast textile
Cleveland Museum of Art,164419,2005.5,"Peruvian Textiles: Mantle or Hanging, Loincloth, Turban, Padded Hat, Band with Tassels","Peru, North Coast, Chimú style, 1200-1460s",1405–1640,Textile,"cotton; plain weave, brocaded and complex alternating gauze with 3 or 5 shots of plain weave between gauze shots",,Textiles,"Although these textiles are similar in appearance and technical features, it is not clear that they were found or used together. They are said to come from the region of Chan Chan, the capital of the Chimú Empire. To see the record for each, click “see all set records,” above.",https://clevelandart.org/art/2005.5,https://openaccess-cdn.clevelandart.org/2005.5/2005.5_web.jpg,CC0,True,north coast; peru; peruvian,cotton; mantle; textile,candidate,Pendiente de revision visual.,Chimu textile; North Coast textile; Peru textile; Peruvian textile
Cleveland Museum of Art,164420,2005.5.1,Mantle or Hanging,"Peru, North Coast, Chimú style, 1200-1460s","1480–1635 (radiocarbon date, 95.4% probability)",Textile,"cotton; plain weave, brocaded and complex alternating gauze with 3 or 5 shots of plain weave between gauze shots",,Textiles,"This garment embodies an important principle of the Chimú textile aesthetic: a love of combining different textures, some dense and sculptural and others so open and airy they are nearly invisible. (The hand-spun yarns are only .1 to .2 millimeters in diameter.) It also elegantly articulates the simplified, spare visual vocabulary that the Chimú favored, here geometric motifs.",https://clevelandart.org/art/2005.5.1,https://openaccess-cdn.clevelandart.org/2005.5.1/2005.5.1_web.jpg,CC0,True,north coast; peru,cotton; garment; mantle; textile,candidate,Pendiente de revision visual.,Chimu textile; North Coast textile; Peru textile
Cleveland Museum of Art,164421,2005.5.2,Loincloth,"Peru, North Coast, Chimú style, 1200–1460s","1425–1500 (radiocarbon date, 92.3% probability)",Garment,"cotton; plain weave, brocaded and complex alternating gauze with 5 shots of plain weave between gauze shots",,Textiles,"Loincloths were basic men’s wear in ancient Peru. But the extraordinary size of some examples—this one is about eight feet long, unfolded—makes it difficult to know how they were worn, except that they were tied around the waist with the decorated panels hanging at the front and back of the body. The appearance may have been that of a billowing skirt.",https://clevelandart.org/art/2005.5.2,https://openaccess-cdn.clevelandart.org/2005.5.2/2005.5.2_web.jpg,CC0,True,north coast; peru,cotton; garment,candidate,Pendiente de revision visual.,Chimu textile; North Coast textile; Peru textile
Cleveland Museum of Art,164422,2005.5.3,Turban,"Peru, North Coast, Chimú style","1485–1640 (radiocarbon date, 95.4% probability)",Garment,"Cotton; plain weave, brocaded and complex alternating gauze with 5 shots of plain weave between gauze shots",,Textiles,"Chimú garments like this one consist of a large, rectangular central section—here measuring some 65 inches by 50 inches—with decorated tabs stitched to two opposite corners. Such garments probably were worn as turbans but we do not understand exactly how. For the purpose of display, the plain central section of this example has been folded to form a wide band, with the tabs arranged on either side.",https://clevelandart.org/art/2005.5.3,https://openaccess-cdn.clevelandart.org/2005.5.3/2005.5.3_web.jpg,CC0,True,north coast; peru,cotton; garment,candidate,Pendiente de revision visual.,Chimu textile; North Coast textile; Peru textile
Cleveland Museum of Art,164423,2005.5.4,Padded Hat,"Peru, North Coast, Chimú style, 1200-1460s","1460–1625 (radiocarbon date, 95.4% probability)",Garment,"cotton; plain weave, brocaded",,Textiles,"This garment may have been found with others in the collection that formed a matched set worn by a noble of the Chimú, who rose to power on Peru’s north coast after 1000 AD.",https://clevelandart.org/art/2005.5.4,https://openaccess-cdn.clevelandart.org/2005.5.4/2005.5.4_web.jpg,CC0,True,north coast; peru,cotton; garment,candidate,Pendiente de revision visual.,Chimu textile; North Coast textile; Peru textile
Cleveland Museum of Art,164424,2005.5.5,Band with Tassels,"Peru, North Coast, Chimú style, 1200-1460s","1455–1625 (radiocarbon date, 95% probability)",Garment,cotton; weft-faced plain weave,,Textiles,"This garment may have been found with others in the collection that formed a matched set worn by a noble of the Chimú, who rose to power on Peru’s north coast after the year 1000.",https://clevelandart.org/art/2005.5.5,https://openaccess-cdn.clevelandart.org/2005.5.5/2005.5.5_web.jpg,CC0,True,north coast; peru,cotton; garment,candidate,Pendiente de revision visual.,Chimu textile; North Coast textile; Peru textile
Cleveland Museum of Art,164428,2005.53,Tunic Fragments with Bird-Headed Creature,"Central Andes, Middle Horizon, Wari, 6th-11th century",600–1000,Textile,"Camelid fiber, cotton; tapestry weave",,Textiles,"The bird-headed creature in profile that repeats in each of this tunic's design fields gazes upward, holds a staff of authority in front of its body, and wears an ornate headdress behind which a three-feathered wing can be seen. The extremely high technical quality of such tunics suggests that the Wari reserved bird imagery for their most exalted rulers. Here, the original incorporated more than twice as much yarn as the routine--some 19 miles, all handmade and much dyed an inky, dark blue, the most prestigious of Wari colors.",https://clevelandart.org/art/2005.53,https://openaccess-cdn.clevelandart.org/2005.53/2005.53_web.jpg,CC0,True,andes; wari,camelid; cotton; fiber; textile; tunic,candidate,Pendiente de revision visual.,Andes textile; Wari textile
Cleveland Museum of Art,164429,2005.53.a,Half of a Sleeved Tunic,"Central Andes, Middle Horizon, Wari, 6th-11th century",c. 500–1000,Textile,single-interlocked tapestry; cotton warp; camelid fiber weft,,Textiles,"The bird-headed creature in profile that repeats in each of this tunic's design fields gazes upward, holds a staff of authority in front of its body, and wears an ornate headdress behind which a three-feathered wing can be seen. The extremely high technical quality of such tunics suggests that the Wari reserved bird imagery for their most exalted rulers. Here, the original incorporated more than twice as much yarn as the routine--some 19 miles, all handmade and much dyed an inky, dark blue, the most prestigious of Wari colors.",https://clevelandart.org/art/2005.53.a,https://openaccess-cdn.clevelandart.org/2005.53.a/2005.53.a_web.jpg,CC0,True,andes; wari,camelid; cotton; fiber; textile; tunic,candidate,Pendiente de revision visual.,Andes textile; Wari textile
Cleveland Museum of Art,164430,2005.53.b,Half of a Sleeved Tunic,"Central Andes, Middle Horizon, Wari, 6th-11th century",c. 500–1000,Textile,single-interlocked tapestry; cotton warp; camelid fiber weft,,Textiles,"The bird-headed creature in profile that repeats in each of this tunic's design fields gazes upward, holds a staff of authority in front of its body, and wears an ornate headdress behind which a three-feathered wing can be seen. The extremely high technical quality of such tunics suggests that the Wari reserved bird imagery for their most exalted rulers. Here, the original incorporated more than twice as much yarn as the routine--some 19 miles, all handmade and much dyed an inky, dark blue, the most prestigious of Wari colors.",https://clevelandart.org/art/2005.53.b,https://openaccess-cdn.clevelandart.org/2005.53.b/2005.53.b_web.jpg,CC0,True,andes; wari,camelid; cotton; fiber; textile; tunic,candidate,Pendiente de revision visual.,Andes textile; Wari textile
Cleveland Museum of Art,165184,2007.179,Tunic with Sacrificer,"South America, Peru, Central Andes, Middle Horizon, Wari people, 7th-11th century",600–1000,Textile,"camelid-fiber, cotton; tapestry weave",,Textiles,"An extremely abstract supernatural sacrifice repeats in different colors and orientations across the body of this tunic, which was shortened on one side in antiquity. Look for the toothy black-and-white mouth in the sacrificer's upward-gazing head; other facial features include a button nose and a vertically divided eye. The figure holds the L-shaped haft of an axe behind its back and, at the front of its body, a short staff with a severed, upside-down human head on the top.",https://clevelandart.org/art/2007.179,https://openaccess-cdn.clevelandart.org/2007.179/2007.179_web.jpg,CC0,True,andes; peru; wari,camelid; cotton; fiber; textile; tunic,candidate,Pendiente de revision visual.,Andes textile; Peru textile; Wari textile
Cleveland Museum of Art,165266,2007.2,Textile Fragments,"Peru, Moche, north coast",c. 50–650 CE,Textile,cotton and camelid fiber,,Textiles,"These fragments are rare survivors of catastrophic rains that destroyed much of the Moche textile legacy and may have helped to bring about the decline of Moche culture. Each depicts a serpent and a snail beneath a hovering raptorial bird—perhaps a snail kite, a type of hawk named after its favored food. The size of the motifs implies that the original textile was large; a mantle (a shawl-like garment) or a hanging are among the possibilities.",https://clevelandart.org/art/2007.2,https://openaccess-cdn.clevelandart.org/2007.2/2007.2_web.jpg,CC0,True,moche; north coast; peru,camelid; cotton; fiber; garment; mantle; textile,candidate,Pendiente de revision visual.,Moche textile; North Coast textile; Peru textile
Cleveland Museum of Art,165267,2007.2.1,Textile Fragment,"Peru, Moche, north coast",c. 50–650 CE,Textile,cotton and camelid fiber,,Textiles,"This fragment, one of several in the collection, is a rare survivor of catastrophic rains that destroyed much of the Moche textile legacy and may have helped to bring about the decline of Moche culture. It depicts a serpent and a snail beneath a hovering raptorial bird—perhaps a snail kite, a type of hawk named after its favored food. The size of the motifs implies that the original textile was large; a mantle (a shawl-like garment) or a hanging are among the possibilities.",https://clevelandart.org/art/2007.2.1,https://openaccess-cdn.clevelandart.org/2007.2.1/2007.2.1_web.jpg,CC0,True,moche; north coast; peru,camelid; cotton; fiber; garment; mantle; textile,candidate,Pendiente de revision visual.,Moche textile; North Coast textile; Peru textile
Cleveland Museum of Art,165268,2007.2.2,Textile Fragment,"Peru, Moche, north coast",c. 50–650 CE,Textile,cotton and camelid fiber,,Textiles,"This fragment, one of several in the collection, is a rare survivor of catastrophic rains that destroyed much of the Moche textile legacy and may have helped to bring about the decline of Moche culture. It depicts a serpent and a snail beneath a hovering raptorial bird—perhaps a snail kite, a type of hawk named after its favored food. The size of the motifs implies that the original textile was large; a mantle (a shawl-like garment) or a hanging are among the possibilities.",https://clevelandart.org/art/2007.2.2,https://openaccess-cdn.clevelandart.org/2007.2.2/2007.2.2_web.jpg,CC0,True,moche; north coast; peru,camelid; cotton; fiber; garment; mantle; textile,candidate,Pendiente de revision visual.,Moche textile; North Coast textile; Peru textile
Cleveland Museum of Art,165269,2007.2.3,Textile Fragment,"Peru, Moche, north coast",c. 50–650 CE,Textile,cotton and camelid fiber,,Textiles,"This fragment, one of several in the collection, is a rare survivor of catastrophic rains that destroyed much of the Moche textile legacy and may have helped to bring about the decline of Moche culture. It depicts a serpent and a snail beneath a hovering raptorial bird—perhaps a snail kite, a type of hawk named after its favored food. The size of the motifs implies that the original textile was large; a mantle (a shawl-like garment) or a hanging are among the possibilities.",https://clevelandart.org/art/2007.2.3,https://openaccess-cdn.clevelandart.org/2007.2.3/2007.2.3_web.jpg,CC0,True,moche; north coast; peru,camelid; cotton; fiber; garment; mantle; textile,candidate,Pendiente de revision visual.,Moche textile; North Coast textile; Peru textile
Cleveland Museum of Art,165270,2007.2.4,Textile Fragment,"Peru, Moche, north coast",c. 50–650 CE,Textile,cotton and camelid fiber,,Textiles,"This fragment, one of several in the collection, is a rare survivor of catastrophic rains that destroyed much of the Moche textile legacy and may have helped to bring about the decline of Moche culture. It depicts a serpent and a snail beneath a hovering raptorial bird—perhaps a snail kite, a type of hawk named after its favored food. The size of the motifs implies that the original textile was large; a mantle (a shawl-like garment) or a hanging are among the possibilities.",https://clevelandart.org/art/2007.2.4,https://openaccess-cdn.clevelandart.org/2007.2.4/2007.2.4_web.jpg,CC0,True,moche; north coast; peru,camelid; cotton; fiber; garment; mantle; textile,candidate,Pendiente de revision visual.,Moche textile; North Coast textile; Peru textile
Cleveland Museum of Art,165271,2007.2.5,Textile Fragment,"Peru, Moche, north coast",c. 50–650 CE,Textile,cotton and camelid fiber,,Textiles,"This fragment, one of several in the collection, is a rare survivor of catastrophic rains that destroyed much of the Moche textile legacy and may have helped to bring about the decline of Moche culture. It depicts a serpent and a snail beneath a hovering raptorial bird—perhaps a snail kite, a type of hawk named after its favored food. The size of the motifs implies that the original textile was large; a mantle (a shawl-like garment) or a hanging are among the possibilities.",https://clevelandart.org/art/2007.2.5,https://openaccess-cdn.clevelandart.org/2007.2.5/2007.2.5_web.jpg,CC0,True,moche; north coast; peru,camelid; cotton; fiber; garment; mantle; textile,candidate,Pendiente de revision visual.,Moche textile; North Coast textile; Peru textile
Cleveland Museum of Art,165272,2007.2.6,Textile Fragment,"Peru, Moche, north coast",c. 50–650 CE,Textile,cotton and camelid fiber,,Textiles,"This fragment, one of several in the collection, is a rare survivor of catastrophic rains that destroyed much of the Moche textile legacy and may have helped to bring about the decline of Moche culture. It depicts a serpent and a snail beneath a hovering raptorial bird—perhaps a snail kite, a type of hawk named after its favored food. The size of the motifs implies that the original textile was large; a mantle (a shawl-like garment) or a hanging are among the possibilities.",https://clevelandart.org/art/2007.2.6,https://openaccess-cdn.clevelandart.org/2007.2.6/2007.2.6_web.jpg,CC0,True,moche; north coast; peru,camelid; cotton; fiber; garment; mantle; textile,candidate,Pendiente de revision visual.,Moche textile; North Coast textile; Peru textile
Cleveland Museum of Art,165273,2007.2.7,Loose Textile Fragments,"Peru, Moche, north coast",c. 50–650 CE,Textile,cotton and camelid fiber,,Textiles,,https://clevelandart.org/art/2007.2.7,https://openaccess-cdn.clevelandart.org/2007.2.7/2007.2.7_web.jpg,CC0,True,moche; north coast; peru,camelid; cotton; fiber; textile,candidate,Pendiente de revision visual.,Moche textile; North Coast textile; Peru textile
Cleveland Museum of Art,166766,2008.58,Loincloth with Feather(?) Motifs,"Peru, Central Andes, Chimú or Chimú-Inka, 11th-16th century",1000–1532,Textile,"plain weave, tapestry weave; cotton, camelid fiber",,Textiles,,https://clevelandart.org/art/2008.58,https://openaccess-cdn.clevelandart.org/2008.58/2008.58_web.jpg,CC0,True,andes; peru,camelid; cotton; fiber; textile,candidate,Pendiente de revision visual.,Andes textile; Chimu textile; Peru textile
Cleveland Museum of Art,169188,2011.111,Tunic and Band,"Peru, Chimú or Chimú-Inka, 12th-16th century",1100–1532,Textile,white cotton; plain weave with supplementary weft brocading,,Textiles,"Although these garments are similar in appearance and technical features, it is not clear that they were found or used together. To see the record for each, click “see all set records,” above.",https://clevelandart.org/art/2011.111,https://openaccess-cdn.clevelandart.org/2011.111/2011.111_web.jpg,CC0,True,peru,cotton; textile; tunic,candidate,Pendiente de revision visual.,Chimu textile; Peru textile
Cleveland Museum of Art,169189,2011.111.1,Tunic,"Peru, Chimú or Chimú-Inka, 12th-16th century",1100–1532,Textile,white cotton; plain weave with supplementary weft brocading,,Textiles,"This garment embodies an important principle of the Chimú textile aesthetic: a love of combining different textures, some dense and sculptural and others so open and airy they are nearly invisible. (The hand-spun yarns are only .1 to .2 millimeters in diameter.) It also elegantly articulates the simplified, spare visual vocabulary that the Chimú favored, here geometric motifs.",https://clevelandart.org/art/2011.111.1,https://openaccess-cdn.clevelandart.org/2011.111.1/2011.111.1_web.jpg,CC0,True,peru,cotton; garment; textile; tunic,candidate,Pendiente de revision visual.,Chimu textile; Peru textile
Cleveland Museum of Art,169190,2011.111.2,Band,"Peru, Chimú or Chimú-Inka, 12th-16th century",1100–1532,Textile,white cotton; plain weave,,Textiles,,https://clevelandart.org/art/2011.111.2,https://openaccess-cdn.clevelandart.org/2011.111.2/2011.111.2_web.jpg,CC0,True,peru,cotton; textile,candidate,Pendiente de revision visual.,Chimu textile; Peru textile
Cleveland Museum of Art,171611,2014.389,Band (Headband?),"Central Andes, Moche-Wari Style, mid-7th to mid-9th century",c. 650–850,Textile,Camelid fiber (alpaca; weft) and cotton (warp); tapestry weave,,Textiles,"This jewel-like textile, perhaps the only one of its kind, is made from a single band accordion-folded to form tabs, each edged with lush red tassels. Repeated in different colors down its length is the image of a warrior who holds an axe in one hand and a jagged, club-like object in the other. The reversed orientation of several of the warriors may be the result of the weaving method.",https://clevelandart.org/art/2014.389,https://openaccess-cdn.clevelandart.org/2014.389/2014.389_web.jpg,CC0,True,andes; moche; wari,camelid; cotton; fiber; textile; weaving,candidate,Pendiente de revision visual.,Andes textile; Moche textile; Wari textile
Cleveland Museum of Art,292530,2016.267,Tunic with Frontal Figures,"Central Andes, Central Coast, Ychsma (Pachacamac) people",1400–1532,Textile,Cotton; slit tapestry weave,,Textiles,"This tunic was made by weavers of the Ychsma (<strong><em>yeach</em></strong><em>-mah</em>) people, who were affiliated with Pachacamac, a vast religious center that housed an oracle. The figures repeated across its composition may represent important ancestors or high-ranking members of society. The tunic likely dates to the period after the Inka Empire conquered Ychsma coastal territory, eventually becoming the largest Indigenous empire to have existed in the ancient Americas.",https://clevelandart.org/art/2016.267,https://openaccess-cdn.clevelandart.org/2016.267/2016.267_web.jpg,CC0,True,andes,cotton; textile; tunic,candidate,Pendiente de revision visual.,Andes textile
Cleveland Museum of Art,294034,2017.56,Textile Fragment with Cotton Goddess,"Andes, south coast, Ica Valley?, Chavín style",800–500 BCE,Textile,"Cotton, pigments",,Textiles,"The figure painted on this fragment represents a female deity with a large, fanged mouth. Further fanged heads occur on the chest, legs, feet, waist, and staffs of authority she holds. Edging both the staffs and the top of the head are white cotton bolls that have caused the deity to be dubbed the Cotton Goddess and associated with nature’s fertility.",https://clevelandart.org/art/2017.56,https://openaccess-cdn.clevelandart.org/2017.56/2017.56_web.jpg,CC0,True,andes; south coast,cotton; textile,candidate,Pendiente de revision visual.,Andes textile; South Coast textile
Cleveland Museum of Art,294068,2017.60,Head Cloth,"Central Andes, central coast, Chancay people",1000–1460s,Textile,Cotton,,Textiles,"This tie-dyed panel was probably worn as a head cloth, a common article of women’s wear among the Chancay people of Peru’s central coast. Its colors are reminiscent of a deep twilight, when the sky turns a luminous, dark blue and a shimmer of orange light appears on the horizon. It is not known whether the repeated squares have symbolic significance.",https://clevelandart.org/art/2017.60,https://openaccess-cdn.clevelandart.org/2017.60/2017.60_web.jpg,CC0,True,andes; chancay; peru,cloth; cotton; textile,candidate,Pendiente de revision visual.,Andes textile; Chancay textile; Peru textile
Cleveland Museum of Art,302272,2017.193,Sleeved Tunic,"Central Andes, central coast, Chancay people",1460s–1532,Textile,"Cotton, camelid fiber",,Textiles,"The Chancay (<strong><em>chan</em></strong><em>-kai</em>) people of Peru’s central coast created one of the ancient Andes’s best-known textile legacies through artistically elaborate men’s tunics and loin cloths, women’s dresses and headcloths, and shawl-like mantles. Two traits indicate that this tunic is a high-prestige garment: its labor-intensive tapestry-woven technique and its substantial use of alpaca fiber imported from the adjacent highlands.",https://clevelandart.org/art/2017.193,https://openaccess-cdn.clevelandart.org/2017.193/2017.193_web.jpg,CC0,True,andes; chancay; peru,camelid; cotton; fiber; garment; textile; tunic; woven,candidate,Pendiente de revision visual.,Andes textile; Chancay textile; Peru textile
Cleveland Museum of Art,95651,1916.1361,Curtain,"Africa, North Africa, Tunisia, Djerba, Tunisian weaver(s) and embroiderer(s)",1600s–1700s,Embroidery,"Silk, linen, metal, and dye",,Textiles,"This pair of curtains displays colorful silk bands with woven geometric motifs, and cream bands with gold-embroidered plants, birds, six-pointed stars, and the <em>khamsah</em> (خمسة), an open five-fingered hand. Birds and the tree of life were popular good luck or fertility symbols linked to marriage. The cosmopolitan motifs would have resonated with Jews, Muslims, and Christians alike, reflecting its creation on multiethnic and multireligious Djerba, an island off the Tunisian coast. There, both goldsmithing and gold thread embroidery were done by Jewish artisans (male and female, respectively). The fine materials suggest they once hung in a wealthy home or for special occasions; interior wall hangings were typically made from rough wool.",https://clevelandart.org/art/1916.1361,https://openaccess-cdn.clevelandart.org/1916.1361/1916.1361_web.jpg,CC0,True,,wool; woven,excluded_no_andean_evidence,Sin evidencia andina suficiente en metadatos.,North Coast textile
Cleveland Museum of Art,95652,1916.1361.a,Curtain (one of a pair),"Africa, North Africa, Tunisia, Djerba, Tunisian weaver(s) and embroiderer(s)",1600s–1700s,Embroidery,"Silk, linen, metal, and dye",,Textiles,"One of a pair, this curtain displays colorful silk bands with woven geometric motifs, and cream bands with gold-embroidered plants, birds, six-pointed stars, and the <em>khamsah</em> (خمسة), an open five-fingered hand. Birds and the tree of life were popular good luck or fertility symbols linked to marriage. This curtain’s cosmopolitan motifs would have resonated with Jews, Muslims, and Christians alike, reflecting its creation on multiethnic and multireligious Djerba, an island off the Tunisian coast. There, both goldsmithing and gold thread embroidery were done by Jewish artisans (male and female, respectively). The fine materials suggest this curtain once hung in a wealthy home or for special occasions; interior wall hangings were typically made from rough wool.",https://clevelandart.org/art/1916.1361.a,https://openaccess-cdn.clevelandart.org/1916.1361.a/1916.1361.a_web.jpg,CC0,True,,wool; woven,excluded_no_andean_evidence,Sin evidencia andina suficiente en metadatos.,North Coast textile
Cleveland Museum of Art,95653,1916.1361.b,Curtain (one of a pair),"Africa, North Africa, Tunisia, Djerba, Tunisian weaver(s) and embroiderer(s)",1600s–1700s,Embroidery,"Silk, linen, metal, and dye",,Textiles,"One of a pair, this curtain displays colorful silk bands with woven geometric motifs, and cream bands with gold-embroidered plants, birds, six-pointed stars, and the <em>khamsah</em> (خمسة), an open five-fingered hand. Birds and the tree of life were popular good luck or fertility symbols linked to marriage. This curtain’s cosmopolitan motifs would have resonated with Jews, Muslims, and Christians alike, reflecting its creation on multiethnic and multireligious Djerba, an island off the Tunisian coast. There, both goldsmithing and gold thread embroidery were done by Jewish artisans (male and female, respectively). The fine materials suggest this curtain once hung in a wealthy home or for special occasions; interior wall hangings were typically made from rough wool.",https://clevelandart.org/art/1916.1361.b,https://openaccess-cdn.clevelandart.org/1916.1361.b/1916.1361.b_web.jpg,CC0,True,,wool; woven,excluded_no_andean_evidence,Sin evidencia andina suficiente en metadatos.,North Coast textile
Cleveland Museum of Art,97613,1917.26,Sarong,"Indonesia, Java, North Coast, mid-19th century",mid-1800s,Textile,"Cotton: plain weave, wax-resist dyed (batik)",,Textiles,"Batiks made in the North Coast region of Java, specifically in Pekalongan, were influenced by both Indian and European motifs due to the Dutch presence in Indonesia. In this sarong we see a mixture of Indian and European flowers including jasmine, lilac, and daffodil. Batik is a wax-resist dyeing technique used throughout Java. Hot wax is applied with a tool known as a canting and a design is hand drawn with incredible skill. This sarong was then dyed with indigo, a well sought after and culturally important natural dye. Areas on the fabric with wax will not accept the indigo dye, hence the term wax-resist.",https://clevelandart.org/art/1917.26,https://openaccess-cdn.clevelandart.org/1917.26/1917.26_web.jpg,CC0,True,north coast,cotton; textile,candidate,Pendiente de revision visual.,North Coast textile
Cleveland Museum of Art,97626,1917.27,Sarong,"Indonesia, Java, North Coast, Indramaju ?, early 20th century",early 1900s,Textile,batik; cotton,,Textiles,"Batiks made along the northern coast of Java were influenced not only by Chinese motifs and designs but also European, as a result of the Dutch presence in Indonesia from the sixteenth to the twentieth centuries. In this sarong, European influence is clearly evident in the sprays of flowers and types of birds represented. Batiks dyed only in indigo were a specialty of Indramaju. Shading and contrast are skillfully achieved through different intensities of blue, through the character and thickness of line, and by the use of tiny dots.",https://clevelandart.org/art/1917.27,https://openaccess-cdn.clevelandart.org/1917.27/1917.27_web.jpg,CC0,True,north coast,cotton; textile,candidate,Pendiente de revision visual.,North Coast textile
Cleveland Museum of Art,97809,1917.428,Berry Basket,"Northwest Coast, coastal, Salish, late 19th century",1890,Basketry,"woven, imbricated",,Art of the Americas,,https://clevelandart.org/art/1917.428,https://openaccess-cdn.clevelandart.org/1917.428/1917.428_web.jpg,CC0,True,,woven,excluded_no_andean_evidence,Sin evidencia andina suficiente en metadatos.,North Coast textile
