id_registro,id_objeto,fuente,institucion,url,imagen_url,imagen_url_miniatura,imagen_local,titulo_original,titulo_es_sugerido,descripcion_oficial,cultura,periodo,fecha_objeto,procedencia,tipo_objeto,tipo_superficie,corpus_analisis,motivo_superficie,material,material_normalizado,tecnica,colores,color_dominante,contraste,densidad_visual,motivos,familia_iconografica,simetria,composicion,descripcion,licencia,estado_metadata,estado_anotacion,observaciones,decision_filtro,puntaje_filtro,motivo_filtrado,fecha_descarga,fecha_anotacion
MET-675980,675980,met,The Metropolitan Museum of Art,https://www.metmuseum.org/art/collection/search/675980,https://images.metmuseum.org/CRDImages/ao/original/DP-21885-001.jpg,https://images.metmuseum.org/CRDImages/ao/web-large/DP-21885-001.jpg,outputs/samples/met_textiles_pilot_clean/met_textil_675980.jpg,Tunic,Túnica textil,"Título oficial: Tunic. Cultura registrada: Wari. Fecha del objeto: 650–1000 CE. Material registrado: Cotton, camelid hair. Clasificación museográfica: Textiles-Woven. Dimensiones: L. 40 3/4 x W. 39 3/4 in. (103.5 x 101 cm) approximately.",Wari,,650–1000 CE,Andean region,tunica,superficie_amplia,corpus_principal_superficie_amplia,superficie amplia o plana detectada: ['tunic'],"Cotton, camelid hair",algodón; fibra de camélido,tejido,,,,,,,,,"Título oficial: Tunic. Cultura registrada: Wari. Fecha del objeto: 650–1000 CE. Material registrado: Cotton, camelid hair. Clasificación museográfica: Textiles-Woven. Dimensiones: L. 40 3/4 x W. 39 3/4 in. (103.5 x 101 cm) approximately.",Dominio público / Open Access según metadata de The Met,parcial,sin_anotar,,aceptar,17,"clasificación contiene evidencia textil: ['textile', 'textiles'] | nombre de objeto contiene términos textiles: ['tunic'] | material contiene fibras o soporte textil: ['cotton', 'camelid'] | título contiene términos textiles: ['tunic'] | evidencia cultural/geográfica andina: ['andean', 'wari']",2026-06-15,
MET-320054,320054,met,The Metropolitan Museum of Art,https://www.metmuseum.org/art/collection/search/320054,https://images.metmuseum.org/CRDImages/ao/original/DP107700.jpg,https://images.metmuseum.org/CRDImages/ao/web-large/DP107700.jpg,outputs/samples/met_textiles_pilot_clean/met_textil_320054.jpg,Miniature tabard,Objeto textil,"Título oficial: Miniature tabard. Cultura registrada: Inca and Spanish. Fecha del objeto: 1600–1700. Material registrado: Cotton, camelid hair, silk, metal. Clasificación museográfica: Textiles-Woven. Dimensiones: H. 14 1/2 x W. 11 in. (36.8 x 27.9 cm).",Inca and Spanish,,1600–1700,Bolivia or Peru,tunica,superficie_amplia,corpus_principal_superficie_amplia,superficie amplia o plana detectada: ['tunic'],"Cotton, camelid hair, silk, metal",algodón; fibra de camélido,tejido,,,,,,,,,"Título oficial: Miniature tabard. Cultura registrada: Inca and Spanish. Fecha del objeto: 1600–1700. Material registrado: Cotton, camelid hair, silk, metal. Clasificación museográfica: Textiles-Woven. Dimensiones: H. 14 1/2 x W. 11 in. (36.8 x 27.9 cm).",Dominio público / Open Access según metadata de The Met,parcial,sin_anotar,,aceptar,10,"clasificación contiene evidencia textil: ['textile', 'textiles'] | nombre de objeto contiene términos textiles: ['tunic'] | material contiene fibras o soporte textil: ['cotton', 'camelid'] | evidencia cultural/geográfica andina: ['peru', 'inca'] | material sugiere objeto no textil: ['metal']",2026-06-15,
MET-313153,313153,met,The Metropolitan Museum of Art,https://www.metmuseum.org/art/collection/search/313153,https://images.metmuseum.org/CRDImages/ao/original/DP-39316-001.jpg,https://images.metmuseum.org/CRDImages/ao/web-large/DP-39316-001.jpg,outputs/samples/met_textiles_pilot_clean/met_textil_313153.jpg,Tunic with Felines,Túnica textil,"Título oficial: Tunic with Felines. Cultura registrada: Chimú. Fecha del objeto: 1450–1550. Material registrado: Cotton, camelid hair. Clasificación museográfica: Textiles-Woven. Dimensiones: H. 25 x  W. 70  in. (63.5 x 177.8 cm).",Chimú,,1450–1550,Peru,tunica,superficie_amplia,corpus_principal_superficie_amplia,superficie amplia o plana detectada: ['tunic'],"Cotton, camelid hair",algodón; fibra de camélido,tejido,,,,,,,,,"Título oficial: Tunic with Felines. Cultura registrada: Chimú. Fecha del objeto: 1450–1550. Material registrado: Cotton, camelid hair. Clasificación museográfica: Textiles-Woven. Dimensiones: H. 25 x  W. 70  in. (63.5 x 177.8 cm).",Dominio público / Open Access según metadata de The Met,parcial,sin_anotar,,aceptar,17,"clasificación contiene evidencia textil: ['textile', 'textiles'] | nombre de objeto contiene términos textiles: ['tunic'] | material contiene fibras o soporte textil: ['cotton', 'camelid'] | título contiene términos textiles: ['tunic'] | evidencia cultural/geográfica andina: ['peru', 'chimú', 'chimu']",2026-06-15,
MET-307991,307991,met,The Metropolitan Museum of Art,https://www.metmuseum.org/art/collection/search/307991,https://images.metmuseum.org/CRDImages/ao/original/77991.jpg,https://images.metmuseum.org/CRDImages/ao/web-large/77991.jpg,outputs/samples/met_textiles_pilot_clean/met_textil_307991.jpg,Tunic fragment,Túnica textil,"Título oficial: Tunic fragment. Cultura registrada: Wari. Fecha del objeto: 650–1000 CE. Material registrado: Camelid hair, cotton. Clasificación museográfica: Textiles-Woven. Dimensiones: Overall: 20 7/8 x 27 1/4 in. (53.01 x 69.22 cm)
Other: 20 7/8 in. (53.01 cm).",Wari,,650–1000 CE,Peru,tunica,superficie_amplia,corpus_principal_superficie_amplia,"superficie amplia o plana detectada: ['tunic', 'fragment']","Camelid hair, cotton",algodón; fibra de camélido,tejido,,,,,,,,,"Título oficial: Tunic fragment. Cultura registrada: Wari. Fecha del objeto: 650–1000 CE. Material registrado: Camelid hair, cotton. Clasificación museográfica: Textiles-Woven. Dimensiones: Overall: 20 7/8 x 27 1/4 in. (53.01 x 69.22 cm)
Other: 20 7/8 in. (53.01 cm).",Dominio público / Open Access según metadata de The Met,parcial,sin_anotar,,aceptar,18,"clasificación contiene evidencia textil: ['textile', 'textiles'] | nombre de objeto contiene términos textiles: ['tunic'] | material contiene fibras o soporte textil: ['cotton', 'camelid'] | título contiene términos textiles: ['tunic'] | título contiene términos débiles asociados a fragmentos o paneles: ['fragment'] | evidencia cultural/geográfica andina: ['peru', 'wari']",2026-06-15,
MET-312615,312615,met,The Metropolitan Museum of Art,https://www.metmuseum.org/art/collection/search/312615,https://images.metmuseum.org/CRDImages/ao/original/TP412.jpg,https://images.metmuseum.org/CRDImages/ao/web-large/TP412.jpg,outputs/samples/met_textiles_pilot_clean/met_textil_312615.jpg,Tunic Fragment,Túnica textil,"Título oficial: Tunic Fragment. Cultura registrada: Wari. Fecha del objeto: 7th–9th century. Material registrado: Camelid hair, cotton. Clasificación museográfica: Textiles-Woven. Dimensiones: H. 12 7/8  x  W. 21in. (32.7 x 53.3cm).",Wari,,7th–9th century,Peru,tunica,superficie_amplia,corpus_principal_superficie_amplia,"superficie amplia o plana detectada: ['tunic', 'fragment']","Camelid hair, cotton",algodón; fibra de camélido,tejido,,,,,,,,,"Título oficial: Tunic Fragment. Cultura registrada: Wari. Fecha del objeto: 7th–9th century. Material registrado: Camelid hair, cotton. Clasificación museográfica: Textiles-Woven. Dimensiones: H. 12 7/8  x  W. 21in. (32.7 x 53.3cm).",Dominio público / Open Access según metadata de The Met,parcial,sin_anotar,,aceptar,18,"clasificación contiene evidencia textil: ['textile', 'textiles'] | nombre de objeto contiene términos textiles: ['tunic'] | material contiene fibras o soporte textil: ['cotton', 'camelid'] | título contiene términos textiles: ['tunic'] | título contiene términos débiles asociados a fragmentos o paneles: ['fragment'] | evidencia cultural/geográfica andina: ['peru', 'wari']",2026-06-15,
MET-307975,307975,met,The Metropolitan Museum of Art,https://www.metmuseum.org/art/collection/search/307975,https://images.metmuseum.org/CRDImages/ao/original/DT829.jpg,https://images.metmuseum.org/CRDImages/ao/web-large/DT829.jpg,outputs/samples/met_textiles_pilot_clean/met_textil_307975.jpg,Tunic with Confronting Catfish,Túnica textil,"Título oficial: Tunic with Confronting Catfish. Cultura registrada: Nasca-Wari. Fecha del objeto: 800–850 CE. Material registrado: Camelid hair, tapestry-weave. Clasificación museográfica: Textiles-Woven. Dimensiones: H. 21 1/2 × W. 43 1/4 in. (54.6 × 109.9 cm).",Nasca-Wari,,800–850 CE,Peru,tunica,superficie_amplia,corpus_principal_superficie_amplia,"superficie amplia o plana detectada: ['tunic', 'tapestry']","Camelid hair, tapestry-weave",fibra de camélido,tapiz; tejido,,,,,,,,,"Título oficial: Tunic with Confronting Catfish. Cultura registrada: Nasca-Wari. Fecha del objeto: 800–850 CE. Material registrado: Camelid hair, tapestry-weave. Clasificación museográfica: Textiles-Woven. Dimensiones: H. 21 1/2 × W. 43 1/4 in. (54.6 × 109.9 cm).",Dominio público / Open Access según metadata de The Met,parcial,sin_anotar,,aceptar,17,"clasificación contiene evidencia textil: ['textile', 'textiles'] | nombre de objeto contiene términos textiles: ['tunic'] | material contiene fibras o soporte textil: ['camelid'] | título contiene términos textiles: ['tunic'] | evidencia cultural/geográfica andina: ['peru', 'nasca', 'wari']",2026-06-15,
MET-312677,312677,met,The Metropolitan Museum of Art,https://www.metmuseum.org/art/collection/search/312677,https://images.metmuseum.org/CRDImages/ao/original/DP-15008-008.jpg,https://images.metmuseum.org/CRDImages/ao/web-large/DP-15008-008.jpg,outputs/samples/met_textiles_pilot_clean/met_textil_312677.jpg,Feathered panel,Panel textil,"Título oficial: Feathered panel. Cultura registrada: Wari. Fecha del objeto: 650–1000 CE. Material registrado: Feathers, cotton, camelid fiber. Clasificación museográfica: Textiles-Featherwork. Dimensiones: H. 29 × W. 83 7/8 in. (73.66 × 213.04 cm).",Wari,,650–1000 CE,Peru; South Coast,panel_textil,superficie_amplia,corpus_principal_superficie_amplia,superficie amplia o plana detectada: ['panel'],"Feathers, cotton, camelid fiber",algodón; fibra de camélido; fibra textil; plumas,trabajo con plumas,,,,,,,,,"Título oficial: Feathered panel. Cultura registrada: Wari. Fecha del objeto: 650–1000 CE. Material registrado: Feathers, cotton, camelid fiber. Clasificación museográfica: Textiles-Featherwork. Dimensiones: H. 29 × W. 83 7/8 in. (73.66 × 213.04 cm).",Dominio público / Open Access según metadata de The Met,parcial,sin_anotar,,aceptar,11,"clasificación contiene evidencia textil: ['textile', 'textiles'] | material contiene fibras o soporte textil: ['cotton', 'camelid', 'fiber'] | título contiene términos débiles asociados a fragmentos o paneles: ['panel'] | evidencia cultural/geográfica andina: ['peru', 'wari']",2026-06-15,
MET-751900,751900,met,The Metropolitan Museum of Art,https://www.metmuseum.org/art/collection/search/751900,https://images.metmuseum.org/CRDImages/ao/original/DP-14285-001.jpg,https://images.metmuseum.org/CRDImages/ao/web-large/DP-14285-001.jpg,outputs/samples/met_textiles_pilot_clean/met_textil_751900.jpg,Votive checkerboard tunic,Túnica textil,Título oficial: Votive checkerboard tunic. Cultura registrada: Inca. Fecha del objeto: 1460–1626. Material registrado: Camelid fiber. Clasificación museográfica: Textiles-Costumes. Dimensiones: H. 20 5/8 × W. 16 1/2 in. (52.4 × 41.9 cm).,Inca,,1460–1626,"Argentina, Bolivia, Chile, or Peru",tunica,superficie_amplia,corpus_principal_superficie_amplia,superficie amplia o plana detectada: ['tunic'],Camelid fiber,fibra de camélido; fibra textil,,,,,,,,,,Título oficial: Votive checkerboard tunic. Cultura registrada: Inca. Fecha del objeto: 1460–1626. Material registrado: Camelid fiber. Clasificación museográfica: Textiles-Costumes. Dimensiones: H. 20 5/8 × W. 16 1/2 in. (52.4 × 41.9 cm).,Dominio público / Open Access según metadata de The Met,parcial,sin_anotar,,aceptar,17,"clasificación contiene evidencia textil: ['textile', 'textiles'] | nombre de objeto contiene términos textiles: ['tunic'] | material contiene fibras o soporte textil: ['camelid', 'fiber'] | título contiene términos textiles: ['tunic'] | evidencia cultural/geográfica andina: ['peru', 'inca']",2026-06-15,
MET-307977,307977,met,The Metropolitan Museum of Art,https://www.metmuseum.org/art/collection/search/307977,https://images.metmuseum.org/CRDImages/ao/original/DP158699.jpg,https://images.metmuseum.org/CRDImages/ao/web-large/DP158699.jpg,outputs/samples/met_textiles_pilot_clean/met_textil_307977.jpg,Feathered Tunic,Túnica textil,"Título oficial: Feathered Tunic. Cultura registrada: Chimú. Fecha del objeto: 1200 – 1400 CE. Material registrado: Cotton, feathers. Clasificación museográfica: Feathers-Costumes. Dimensiones: W. 30 x H. 35 in. (76.2 x 88.9 cm).",Chimú,,1200 – 1400 CE,Peru,tunica,superficie_amplia,corpus_principal_superficie_amplia,superficie amplia o plana detectada: ['tunic'],"Cotton, feathers",algodón; plumas,trabajo con plumas,,,,,,,,,"Título oficial: Feathered Tunic. Cultura registrada: Chimú. Fecha del objeto: 1200 – 1400 CE. Material registrado: Cotton, feathers. Clasificación museográfica: Feathers-Costumes. Dimensiones: W. 30 x H. 35 in. (76.2 x 88.9 cm).",Dominio público / Open Access según metadata de The Met,parcial,sin_anotar,,aceptar,12,"nombre de objeto contiene términos textiles: ['tunic'] | material contiene fibras o soporte textil: ['cotton'] | título contiene términos textiles: ['tunic'] | evidencia cultural/geográfica andina: ['peru', 'chimú', 'chimu']",2026-06-15,
MET-751901,751901,met,The Metropolitan Museum of Art,https://www.metmuseum.org/art/collection/search/751901,https://images.metmuseum.org/CRDImages/ao/original/DP-14281-001.jpg,https://images.metmuseum.org/CRDImages/ao/web-large/DP-14281-001.jpg,outputs/samples/met_textiles_pilot_clean/met_textil_751901.jpg,Tunic,Túnica textil,Título oficial: Tunic. Cultura registrada: Inca. Fecha del objeto: 1400–1535 CE. Material registrado: Camelid fiber. Clasificación museográfica: Textiles-Costumes. Dimensiones: H. 34 1/4 x W. 30 1/8 in. (87 x 76.5 cm).,Inca,,1400–1535 CE,"Argentina, Bolivia, Chile, or Peru",tunica,superficie_amplia,corpus_principal_superficie_amplia,superficie amplia o plana detectada: ['tunic'],Camelid fiber,fibra de camélido; fibra textil,,,,,,,,,,Título oficial: Tunic. Cultura registrada: Inca. Fecha del objeto: 1400–1535 CE. Material registrado: Camelid fiber. Clasificación museográfica: Textiles-Costumes. Dimensiones: H. 34 1/4 x W. 30 1/8 in. (87 x 76.5 cm).,Dominio público / Open Access según metadata de The Met,parcial,sin_anotar,,aceptar,17,"clasificación contiene evidencia textil: ['textile', 'textiles'] | nombre de objeto contiene términos textiles: ['tunic'] | material contiene fibras o soporte textil: ['camelid', 'fiber'] | título contiene términos textiles: ['tunic'] | evidencia cultural/geográfica andina: ['peru', 'inca']",2026-06-15,
MET-316962,316962,met,The Metropolitan Museum of Art,https://www.metmuseum.org/art/collection/search/316962,https://images.metmuseum.org/CRDImages/ao/original/DP-29609-001.jpg,https://images.metmuseum.org/CRDImages/ao/web-large/DP-29609-001.jpg,outputs/samples/met_textiles_pilot_clean/met_textil_316962.jpg,Four-Cornered Hat,Objeto textil,Título oficial: Four-Cornered Hat. Cultura registrada: Wari. Fecha del objeto: 7th–9th century. Material registrado: Camelid hair. Clasificación museográfica: Textiles-Costumes. Dimensiones: H. 4 1/2 × Circum. 19 7/8 in. (11.4 × 50.5 cm).,Wari,,7th–9th century,Peru,objeto_textil,revision_morfologica,revision_morfologica,no se detectó con claridad si el objeto tiene superficie amplia o formato estrecho,Camelid hair,fibra de camélido,,,,,,,,,,Título oficial: Four-Cornered Hat. Cultura registrada: Wari. Fecha del objeto: 7th–9th century. Material registrado: Camelid hair. Clasificación museográfica: Textiles-Costumes. Dimensiones: H. 4 1/2 × Circum. 19 7/8 in. (11.4 × 50.5 cm).,Dominio público / Open Access según metadata de The Met,parcial,sin_anotar,,aceptar,10,"clasificación contiene evidencia textil: ['textile', 'textiles'] | material contiene fibras o soporte textil: ['camelid'] | evidencia cultural/geográfica andina: ['peru', 'wari']",2026-06-15,
MET-316983,316983,met,The Metropolitan Museum of Art,https://www.metmuseum.org/art/collection/search/316983,https://images.metmuseum.org/CRDImages/ao/original/DP-29592-001.jpg,https://images.metmuseum.org/CRDImages/ao/web-large/DP-29592-001.jpg,outputs/samples/met_textiles_pilot_clean/met_textil_316983.jpg,Four-Cornered Hat,Objeto textil,Título oficial: Four-Cornered Hat. Cultura registrada: Tiwanaku. Fecha del objeto: 4th–8th century. Material registrado: Camelid hair. Clasificación museográfica: Textiles-Costumes. Dimensiones: H. 6 × Circum. 16 in. (15.2 × 40.6 cm).,Tiwanaku,,4th–8th century,Bolivia (?),objeto_textil,revision_morfologica,revision_morfologica,no se detectó con claridad si el objeto tiene superficie amplia o formato estrecho,Camelid hair,fibra de camélido,,,,,,,,,,Título oficial: Four-Cornered Hat. Cultura registrada: Tiwanaku. Fecha del objeto: 4th–8th century. Material registrado: Camelid hair. Clasificación museográfica: Textiles-Costumes. Dimensiones: H. 6 × Circum. 16 in. (15.2 × 40.6 cm).,Dominio público / Open Access según metadata de The Met,parcial,sin_anotar,,aceptar,10,"clasificación contiene evidencia textil: ['textile', 'textiles'] | material contiene fibras o soporte textil: ['camelid'] | evidencia cultural/geográfica andina: ['tiwanaku']",2026-06-15,
MET-316981,316981,met,The Metropolitan Museum of Art,https://www.metmuseum.org/art/collection/search/316981,https://images.metmuseum.org/CRDImages/ao/original/DP-29590-001.jpg,https://images.metmuseum.org/CRDImages/ao/web-large/DP-29590-001.jpg,outputs/samples/met_textiles_pilot_clean/met_textil_316981.jpg,Four-Cornered Hat,Objeto textil,Título oficial: Four-Cornered Hat. Cultura registrada: Tiwanaku. Fecha del objeto: 7th–9th century. Material registrado: Camelid hair. Clasificación museográfica: Textiles-Costumes. Dimensiones: H. 5 × Circum. 17 1/4 in. (12.7 × 43.8 cm).,Tiwanaku,,7th–9th century,Bolivia (?),objeto_textil,revision_morfologica,revision_morfologica,no se detectó con claridad si el objeto tiene superficie amplia o formato estrecho,Camelid hair,fibra de camélido,,,,,,,,,,Título oficial: Four-Cornered Hat. Cultura registrada: Tiwanaku. Fecha del objeto: 7th–9th century. Material registrado: Camelid hair. Clasificación museográfica: Textiles-Costumes. Dimensiones: H. 5 × Circum. 17 1/4 in. (12.7 × 43.8 cm).,Dominio público / Open Access según metadata de The Met,parcial,sin_anotar,,aceptar,10,"clasificación contiene evidencia textil: ['textile', 'textiles'] | material contiene fibras o soporte textil: ['camelid'] | evidencia cultural/geográfica andina: ['tiwanaku']",2026-06-15,
MET-317736,317736,met,The Metropolitan Museum of Art,https://www.metmuseum.org/art/collection/search/317736,https://images.metmuseum.org/CRDImages/ao/original/DT1275.jpg,https://images.metmuseum.org/CRDImages/ao/web-large/DT1275.jpg,outputs/samples/met_textiles_pilot_clean/met_textil_317736.jpg,Woman's Dress,Objeto textil,Título oficial: Woman's Dress. Cultura registrada: Chuquibamba. Fecha del objeto: 14th–early 16th century. Material registrado: Camelid hair. Clasificación museográfica: Textiles-Woven. Dimensiones: H. 51 1/2  x  W. 60 1/2 in. (130.8 x 153.7 cm).,Chuquibamba,,14th–early 16th century,Peru,objeto_textil,revision_morfologica,revision_morfologica,no se detectó con claridad si el objeto tiene superficie amplia o formato estrecho,Camelid hair,fibra de camélido,tejido,,,,,,,,,Título oficial: Woman's Dress. Cultura registrada: Chuquibamba. Fecha del objeto: 14th–early 16th century. Material registrado: Camelid hair. Clasificación museográfica: Textiles-Woven. Dimensiones: H. 51 1/2  x  W. 60 1/2 in. (130.8 x 153.7 cm).,Dominio público / Open Access según metadata de The Met,parcial,sin_anotar,,aceptar,10,"clasificación contiene evidencia textil: ['textile', 'textiles'] | material contiene fibras o soporte textil: ['camelid'] | evidencia cultural/geográfica andina: ['peru']",2026-06-15,
MET-833953,833953,met,The Metropolitan Museum of Art,https://www.metmuseum.org/art/collection/search/833953,https://images.metmuseum.org/CRDImages/ao/original/DP-18736-001.jpg,https://images.metmuseum.org/CRDImages/ao/web-large/DP-18736-001.jpg,outputs/samples/met_textiles_pilot_clean/met_textil_833953.jpg,Tapestry Tunic,Túnica textil,Título oficial: Tapestry Tunic. Cultura registrada: Wari. Fecha del objeto: 7th–9th century. Material registrado: Camelid wool. Clasificación museográfica: Textiles-Woven. Dimensiones: H. 42 11/16 × W. 42 15/16 in. (108.5 × 109 cm).,Wari,,7th–9th century,Peru,tunica,superficie_amplia,corpus_principal_superficie_amplia,"superficie amplia o plana detectada: ['tunic', 'tapestry']",Camelid wool,fibra de camélido; lana,tapiz; tejido,,,,,,,,,Título oficial: Tapestry Tunic. Cultura registrada: Wari. Fecha del objeto: 7th–9th century. Material registrado: Camelid wool. Clasificación museográfica: Textiles-Woven. Dimensiones: H. 42 11/16 × W. 42 15/16 in. (108.5 × 109 cm).,Dominio público / Open Access según metadata de The Met,parcial,sin_anotar,,aceptar,17,"clasificación contiene evidencia textil: ['textile', 'textiles'] | nombre de objeto contiene términos textiles: ['tunic'] | material contiene fibras o soporte textil: ['wool', 'camelid'] | título contiene términos textiles: ['tapestry', 'tunic'] | evidencia cultural/geográfica andina: ['peru', 'wari']",2026-06-15,
MET-316978,316978,met,The Metropolitan Museum of Art,https://www.metmuseum.org/art/collection/search/316978,https://images.metmuseum.org/CRDImages/ao/original/DP-29598-001.jpg,https://images.metmuseum.org/CRDImages/ao/web-large/DP-29598-001.jpg,outputs/samples/met_textiles_pilot_clean/met_textil_316978.jpg,Four-Cornered Hat,Objeto textil,Título oficial: Four-Cornered Hat. Cultura registrada: Tiwanaku or Wari. Fecha del objeto: 500–900 CE. Material registrado: Camelid fiber. Clasificación museográfica: Textiles-Costumes. Dimensiones: H. 7 in.  × Circum. 22 3/4 in. (17.8 × 57.8 cm).,Tiwanaku or Wari,,500–900 CE,Bolivia or Peru,objeto_textil,revision_morfologica,revision_morfologica,no se detectó con claridad si el objeto tiene superficie amplia o formato estrecho,Camelid fiber,fibra de camélido; fibra textil,,,,,,,,,,Título oficial: Four-Cornered Hat. Cultura registrada: Tiwanaku or Wari. Fecha del objeto: 500–900 CE. Material registrado: Camelid fiber. Clasificación museográfica: Textiles-Costumes. Dimensiones: H. 7 in.  × Circum. 22 3/4 in. (17.8 × 57.8 cm).,Dominio público / Open Access según metadata de The Met,parcial,sin_anotar,,aceptar,10,"clasificación contiene evidencia textil: ['textile', 'textiles'] | material contiene fibras o soporte textil: ['camelid', 'fiber'] | evidencia cultural/geográfica andina: ['peru', 'wari', 'tiwanaku']",2026-06-15,
MET-312676,312676,met,The Metropolitan Museum of Art,https://www.metmuseum.org/art/collection/search/312676,https://images.metmuseum.org/CRDImages/ao/original/DP-15008-005.jpg,https://images.metmuseum.org/CRDImages/ao/web-large/DP-15008-005.jpg,outputs/samples/met_textiles_pilot_clean/met_textil_312676.jpg,Feathered Panel,Panel textil,"Título oficial: Feathered Panel. Cultura registrada: Wari. Fecha del objeto: 600–900 CE. Material registrado: Feathers, cotton, camelid hair. Clasificación museográfica: Textiles-Featherwork. Dimensiones: H. 27 1/2 x W. 83 1/2 x D. 3 1/4 in. (69.9 x 212.1 x 8.3 cm).",Wari,,600–900 CE,Peru; South Coast,panel_textil,superficie_amplia,corpus_principal_superficie_amplia,superficie amplia o plana detectada: ['panel'],"Feathers, cotton, camelid hair",algodón; fibra de camélido; plumas,trabajo con plumas,,,,,,,,,"Título oficial: Feathered Panel. Cultura registrada: Wari. Fecha del objeto: 600–900 CE. Material registrado: Feathers, cotton, camelid hair. Clasificación museográfica: Textiles-Featherwork. Dimensiones: H. 27 1/2 x W. 83 1/2 x D. 3 1/4 in. (69.9 x 212.1 x 8.3 cm).",Dominio público / Open Access según metadata de The Met,parcial,sin_anotar,,aceptar,11,"clasificación contiene evidencia textil: ['textile', 'textiles'] | material contiene fibras o soporte textil: ['cotton', 'camelid'] | título contiene términos débiles asociados a fragmentos o paneles: ['panel'] | evidencia cultural/geográfica andina: ['peru', 'wari']",2026-06-15,
MET-314623,314623,met,The Metropolitan Museum of Art,https://www.metmuseum.org/art/collection/search/314623,https://images.metmuseum.org/CRDImages/ao/original/DP-29604-001.jpg,https://images.metmuseum.org/CRDImages/ao/web-large/DP-29604-001.jpg,outputs/samples/met_textiles_pilot_clean/met_textil_314623.jpg,Four-Cornered Hat,Objeto textil,Título oficial: Four-Cornered Hat. Cultura registrada: Wari. Fecha del objeto: 500–900 CE. Material registrado: Camelid fiber. Clasificación museográfica: Textiles-Costumes. Dimensiones: H. 4 7/8 x W. 6 7/8 in. (12.4 x 17.5 cm).,Wari,,500–900 CE,Peru,objeto_textil,revision_morfologica,revision_morfologica,no se detectó con claridad si el objeto tiene superficie amplia o formato estrecho,Camelid fiber,fibra de camélido; fibra textil,,,,,,,,,,Título oficial: Four-Cornered Hat. Cultura registrada: Wari. Fecha del objeto: 500–900 CE. Material registrado: Camelid fiber. Clasificación museográfica: Textiles-Costumes. Dimensiones: H. 4 7/8 x W. 6 7/8 in. (12.4 x 17.5 cm).,Dominio público / Open Access según metadata de The Met,parcial,sin_anotar,,aceptar,10,"clasificación contiene evidencia textil: ['textile', 'textiles'] | material contiene fibras o soporte textil: ['camelid', 'fiber'] | evidencia cultural/geográfica andina: ['peru', 'wari']",2026-06-15,
MET-312683,312683,met,The Metropolitan Museum of Art,https://www.metmuseum.org/art/collection/search/312683,https://images.metmuseum.org/CRDImages/ao/original/DP-15008-009.jpg,https://images.metmuseum.org/CRDImages/ao/web-large/DP-15008-009.jpg,outputs/samples/met_textiles_pilot_clean/met_textil_312683.jpg,Feathered Panel,Panel textil,"Título oficial: Feathered Panel. Cultura registrada: Wari. Fecha del objeto: 600–900 CE. Material registrado: Feathers on cotton, camelid hair. Clasificación museográfica: Textiles-Featherwork. Dimensiones: H. 29 × W. 84 in. (73.66 × 213.36 cm).",Wari,,600–900 CE,Peru; South Coast,panel_textil,superficie_amplia,corpus_principal_superficie_amplia,superficie amplia o plana detectada: ['panel'],"Feathers on cotton, camelid hair",algodón; fibra de camélido; plumas,trabajo con plumas,,,,,,,,,"Título oficial: Feathered Panel. Cultura registrada: Wari. Fecha del objeto: 600–900 CE. Material registrado: Feathers on cotton, camelid hair. Clasificación museográfica: Textiles-Featherwork. Dimensiones: H. 29 × W. 84 in. (73.66 × 213.36 cm).",Dominio público / Open Access según metadata de The Met,parcial,sin_anotar,,aceptar,11,"clasificación contiene evidencia textil: ['textile', 'textiles'] | material contiene fibras o soporte textil: ['cotton', 'camelid'] | título contiene términos débiles asociados a fragmentos o paneles: ['panel'] | evidencia cultural/geográfica andina: ['peru', 'wari']",2026-06-15,
MET-312678,312678,met,The Metropolitan Museum of Art,https://www.metmuseum.org/art/collection/search/312678,https://images.metmuseum.org/CRDImages/ao/original/DP-15008-013.jpg,https://images.metmuseum.org/CRDImages/ao/web-large/DP-15008-013.jpg,outputs/samples/met_textiles_pilot_clean/met_textil_312678.jpg,Feathered Panel,Panel textil,"Título oficial: Feathered Panel. Cultura registrada: Wari. Fecha del objeto: 600–900 CE. Material registrado: Feathers on cotton, camelid hair. Clasificación museográfica: Textiles-Featherwork. Dimensiones: H. 33 1/8 × W. 87 1/2 in. (84.14 × 222.25 cm).",Wari,,600–900 CE,Peru; South Coast,panel_textil,superficie_amplia,corpus_principal_superficie_amplia,superficie amplia o plana detectada: ['panel'],"Feathers on cotton, camelid hair",algodón; fibra de camélido; plumas,trabajo con plumas,,,,,,,,,"Título oficial: Feathered Panel. Cultura registrada: Wari. Fecha del objeto: 600–900 CE. Material registrado: Feathers on cotton, camelid hair. Clasificación museográfica: Textiles-Featherwork. Dimensiones: H. 33 1/8 × W. 87 1/2 in. (84.14 × 222.25 cm).",Dominio público / Open Access según metadata de The Met,parcial,sin_anotar,,aceptar,11,"clasificación contiene evidencia textil: ['textile', 'textiles'] | material contiene fibras o soporte textil: ['cotton', 'camelid'] | título contiene términos débiles asociados a fragmentos o paneles: ['panel'] | evidencia cultural/geográfica andina: ['peru', 'wari']",2026-06-15,
MET-312680,312680,met,The Metropolitan Museum of Art,https://www.metmuseum.org/art/collection/search/312680,https://images.metmuseum.org/CRDImages/ao/original/DP-15008-006.jpg,https://images.metmuseum.org/CRDImages/ao/web-large/DP-15008-006.jpg,outputs/samples/met_textiles_pilot_clean/met_textil_312680.jpg,Feathered Panel,Panel textil,"Título oficial: Feathered Panel. Cultura registrada: Wari. Fecha del objeto: 600–900 CE. Material registrado: Feathers on cotton, camelid hair. Clasificación museográfica: Textiles-Featherwork. Dimensiones: H. 29 1/4 × W. 83 5/8 in. (74.3 × 212.41 cm).",Wari,,600–900 CE,Peru; South Coast,panel_textil,superficie_amplia,corpus_principal_superficie_amplia,superficie amplia o plana detectada: ['panel'],"Feathers on cotton, camelid hair",algodón; fibra de camélido; plumas,trabajo con plumas,,,,,,,,,"Título oficial: Feathered Panel. Cultura registrada: Wari. Fecha del objeto: 600–900 CE. Material registrado: Feathers on cotton, camelid hair. Clasificación museográfica: Textiles-Featherwork. Dimensiones: H. 29 1/4 × W. 83 5/8 in. (74.3 × 212.41 cm).",Dominio público / Open Access según metadata de The Met,parcial,sin_anotar,,aceptar,11,"clasificación contiene evidencia textil: ['textile', 'textiles'] | material contiene fibras o soporte textil: ['cotton', 'camelid'] | título contiene términos débiles asociados a fragmentos o paneles: ['panel'] | evidencia cultural/geográfica andina: ['peru', 'wari']",2026-06-15,
MET-312681,312681,met,The Metropolitan Museum of Art,https://www.metmuseum.org/art/collection/search/312681,https://images.metmuseum.org/CRDImages/ao/original/DP-15008-007.jpg,https://images.metmuseum.org/CRDImages/ao/web-large/DP-15008-007.jpg,outputs/samples/met_textiles_pilot_clean/met_textil_312681.jpg,Feathered Panel,Panel textil,"Título oficial: Feathered Panel. Cultura registrada: Wari. Fecha del objeto: 600–900 CE. Material registrado: Feathers on cotton, camelid hair. Clasificación museográfica: Textiles-Featherwork. Dimensiones: H. 28 3/4 × W. 83 1/2 in. (73.03 × 212.09 cm).",Wari,,600–900 CE,Peru; South Coast,panel_textil,superficie_amplia,corpus_principal_superficie_amplia,superficie amplia o plana detectada: ['panel'],"Feathers on cotton, camelid hair",algodón; fibra de camélido; plumas,trabajo con plumas,,,,,,,,,"Título oficial: Feathered Panel. Cultura registrada: Wari. Fecha del objeto: 600–900 CE. Material registrado: Feathers on cotton, camelid hair. Clasificación museográfica: Textiles-Featherwork. Dimensiones: H. 28 3/4 × W. 83 1/2 in. (73.03 × 212.09 cm).",Dominio público / Open Access según metadata de The Met,parcial,sin_anotar,,aceptar,11,"clasificación contiene evidencia textil: ['textile', 'textiles'] | material contiene fibras o soporte textil: ['cotton', 'camelid'] | título contiene términos débiles asociados a fragmentos o paneles: ['panel'] | evidencia cultural/geográfica andina: ['peru', 'wari']",2026-06-15,
MET-312679,312679,met,The Metropolitan Museum of Art,https://www.metmuseum.org/art/collection/search/312679,https://images.metmuseum.org/CRDImages/ao/original/DP-15008-012.jpg,https://images.metmuseum.org/CRDImages/ao/web-large/DP-15008-012.jpg,outputs/samples/met_textiles_pilot_clean/met_textil_312679.jpg,Feathered Panel,Panel textil,"Título oficial: Feathered Panel. Cultura registrada: Wari. Fecha del objeto: 600–900 CE. Material registrado: Feathers on cotton, camelid hair. Clasificación museográfica: Textiles-Featherwork. Dimensiones: H. 31 1/2 x W. 85 1/4 in. (80 x 216.5 cm).",Wari,,600–900 CE,Peru; South Coast,panel_textil,superficie_amplia,corpus_principal_superficie_amplia,superficie amplia o plana detectada: ['panel'],"Feathers on cotton, camelid hair",algodón; fibra de camélido; plumas,trabajo con plumas,,,,,,,,,"Título oficial: Feathered Panel. Cultura registrada: Wari. Fecha del objeto: 600–900 CE. Material registrado: Feathers on cotton, camelid hair. Clasificación museográfica: Textiles-Featherwork. Dimensiones: H. 31 1/2 x W. 85 1/4 in. (80 x 216.5 cm).",Dominio público / Open Access según metadata de The Met,parcial,sin_anotar,,aceptar,11,"clasificación contiene evidencia textil: ['textile', 'textiles'] | material contiene fibras o soporte textil: ['cotton', 'camelid'] | título contiene términos débiles asociados a fragmentos o paneles: ['panel'] | evidencia cultural/geográfica andina: ['peru', 'wari']",2026-06-15,
MET-312674,312674,met,The Metropolitan Museum of Art,https://www.metmuseum.org/art/collection/search/312674,https://images.metmuseum.org/CRDImages/ao/original/DP-15008-011.jpg,https://images.metmuseum.org/CRDImages/ao/web-large/DP-15008-011.jpg,outputs/samples/met_textiles_pilot_clean/met_textil_312674.jpg,Feathered Panel,Panel textil,"Título oficial: Feathered Panel. Cultura registrada: Wari. Fecha del objeto: 600–900 CE. Material registrado: Feathers on cotton, camelid fiber. Clasificación museográfica: Textiles-Featherwork. Dimensiones: H. 33 3/4 × W. 6 in. (85.73 × 218.44 cm).",Wari,,600–900 CE,Peru; South Coast,panel_textil,superficie_amplia,corpus_principal_superficie_amplia,superficie amplia o plana detectada: ['panel'],"Feathers on cotton, camelid fiber",algodón; fibra de camélido; fibra textil; plumas,trabajo con plumas,,,,,,,,,"Título oficial: Feathered Panel. Cultura registrada: Wari. Fecha del objeto: 600–900 CE. Material registrado: Feathers on cotton, camelid fiber. Clasificación museográfica: Textiles-Featherwork. Dimensiones: H. 33 3/4 × W. 6 in. (85.73 × 218.44 cm).",Dominio público / Open Access según metadata de The Met,parcial,sin_anotar,,aceptar,11,"clasificación contiene evidencia textil: ['textile', 'textiles'] | material contiene fibras o soporte textil: ['cotton', 'camelid', 'fiber'] | título contiene términos débiles asociados a fragmentos o paneles: ['panel'] | evidencia cultural/geográfica andina: ['peru', 'wari']",2026-06-15,
MET-312682,312682,met,The Metropolitan Museum of Art,https://www.metmuseum.org/art/collection/search/312682,https://images.metmuseum.org/CRDImages/ao/original/DP-15008-010.jpg,https://images.metmuseum.org/CRDImages/ao/web-large/DP-15008-010.jpg,outputs/samples/met_textiles_pilot_clean/met_textil_312682.jpg,Feathered Panel,Panel textil,"Título oficial: Feathered Panel. Cultura registrada: Wari. Fecha del objeto: 600–900 CE. Material registrado: Feathers on cotton, camelid hair. Clasificación museográfica: Textiles-Featherwork. Dimensiones: H. 28 1/2 × W. 83 1/4 in. (72.39 × 211.46 cm).",Wari,,600–900 CE,Peru; South Coast,panel_textil,superficie_amplia,corpus_principal_superficie_amplia,superficie amplia o plana detectada: ['panel'],"Feathers on cotton, camelid hair",algodón; fibra de camélido; plumas,trabajo con plumas,,,,,,,,,"Título oficial: Feathered Panel. Cultura registrada: Wari. Fecha del objeto: 600–900 CE. Material registrado: Feathers on cotton, camelid hair. Clasificación museográfica: Textiles-Featherwork. Dimensiones: H. 28 1/2 × W. 83 1/4 in. (72.39 × 211.46 cm).",Dominio público / Open Access según metadata de The Met,parcial,sin_anotar,,aceptar,11,"clasificación contiene evidencia textil: ['textile', 'textiles'] | material contiene fibras o soporte textil: ['cotton', 'camelid'] | título contiene términos débiles asociados a fragmentos o paneles: ['panel'] | evidencia cultural/geográfica andina: ['peru', 'wari']",2026-06-15,
MET-308121,308121,met,The Metropolitan Museum of Art,https://www.metmuseum.org/art/collection/search/308121,https://images.metmuseum.org/CRDImages/ao/original/DP-29599-001.jpg,https://images.metmuseum.org/CRDImages/ao/web-large/DP-29599-001.jpg,outputs/samples/met_textiles_pilot_clean/met_textil_308121.jpg,Four-Cornered Hat,Objeto textil,"Título oficial: Four-Cornered Hat. Cultura registrada: Wari. Fecha del objeto: 7th–9th century. Material registrado: Camelid hair, cotton. Clasificación museográfica: Textiles-Woven. Dimensiones: H. 7 in. × Circum. 22 1/2 in. (17.8 × 57.2 cm).",Wari,,7th–9th century,Peru,objeto_textil,revision_morfologica,revision_morfologica,no se detectó con claridad si el objeto tiene superficie amplia o formato estrecho,"Camelid hair, cotton",algodón; fibra de camélido,tejido,,,,,,,,,"Título oficial: Four-Cornered Hat. Cultura registrada: Wari. Fecha del objeto: 7th–9th century. Material registrado: Camelid hair, cotton. Clasificación museográfica: Textiles-Woven. Dimensiones: H. 7 in. × Circum. 22 1/2 in. (17.8 × 57.2 cm).",Dominio público / Open Access según metadata de The Met,parcial,sin_anotar,,aceptar,10,"clasificación contiene evidencia textil: ['textile', 'textiles'] | material contiene fibras o soporte textil: ['cotton', 'camelid'] | evidencia cultural/geográfica andina: ['peru', 'wari']",2026-06-15,
MET-316913,316913,met,The Metropolitan Museum of Art,https://www.metmuseum.org/art/collection/search/316913,https://images.metmuseum.org/CRDImages/ao/original/DP-41567-001.jpg,https://images.metmuseum.org/CRDImages/ao/web-large/DP-41567-001.jpg,outputs/samples/met_textiles_pilot_clean/met_textil_316913.jpg,Chuspa (coca bag),Bolsa textil,"Título oficial: Chuspa (coca bag). Cultura registrada: Moche. Fecha del objeto: 650-850 CE. Material registrado: Cotton, camelid hair, and dye. Clasificación museográfica: Textiles-Woven. Dimensiones: H. 5 x W. 6 in. (12.7 x 15.2 cm).",Moche,,650-850 CE,Peru,bolso_textil,superficie_amplia,corpus_principal_superficie_amplia,superficie amplia o plana detectada: ['bag'],"Cotton, camelid hair, and dye",algodón; fibra de camélido,tejido,,,,,,,,,"Título oficial: Chuspa (coca bag). Cultura registrada: Moche. Fecha del objeto: 650-850 CE. Material registrado: Cotton, camelid hair, and dye. Clasificación museográfica: Textiles-Woven. Dimensiones: H. 5 x W. 6 in. (12.7 x 15.2 cm).",Dominio público / Open Access según metadata de The Met,parcial,sin_anotar,,aceptar,17,"clasificación contiene evidencia textil: ['textile', 'textiles'] | nombre de objeto contiene términos textiles: ['bag'] | material contiene fibras o soporte textil: ['cotton', 'camelid'] | título contiene términos textiles: ['bag'] | evidencia cultural/geográfica andina: ['peru', 'moche']",2026-06-15,
MET-313148,313148,met,The Metropolitan Museum of Art,https://www.metmuseum.org/art/collection/search/313148,https://images.metmuseum.org/CRDImages/ao/original/1979.206.950.1_a.JPG,https://images.metmuseum.org/CRDImages/ao/web-large/1979.206.950.1_a.JPG,outputs/samples/met_textiles_pilot_clean/met_textil_313148.jpg,Weaving Basket,Objeto textil,"Título oficial: Weaving Basket. Cultura registrada: Chancay. Fecha del objeto: 12th–14th century. Material registrado: Cane, shell, bone, fiber, camelid hair, wood, pigment, metal, stone. Clasificación museográfica: Textiles-Implements. Dimensiones: H. 22 1/2 x W. 7 1/2 x D. 4 5/8 in. (57.2 x 19.1 x 11.8 cm).",Chancay,,12th–14th century,Peru,objeto_textil,revision_morfologica,revision_morfologica,no se detectó con claridad si el objeto tiene superficie amplia o formato estrecho,"Cane, shell, bone, fiber, camelid hair, wood, pigment, metal, stone",fibra de camélido; fibra textil,tejido,,,,,,,,,"Título oficial: Weaving Basket. Cultura registrada: Chancay. Fecha del objeto: 12th–14th century. Material registrado: Cane, shell, bone, fiber, camelid hair, wood, pigment, metal, stone. Clasificación museográfica: Textiles-Implements. Dimensiones: H. 22 1/2 x W. 7 1/2 x D. 4 5/8 in. (57.2 x 19.1 x 11.8 cm).",Dominio público / Open Access según metadata de The Met,parcial,sin_anotar,,aceptar,13,"clasificación contiene evidencia textil: ['textile', 'textiles'] | nombre de objeto contiene términos textiles: ['weaving'] | material contiene fibras o soporte textil: ['camelid', 'fiber'] | título contiene términos textiles: ['weaving'] | evidencia cultural/geográfica andina: ['peru', 'chancay'] | material sugiere objeto no textil: ['metal', 'stone', 'wood', 'bone', 'shell']",2026-06-15,
MET-308024,308024,met,The Metropolitan Museum of Art,https://www.metmuseum.org/art/collection/search/308024,https://images.metmuseum.org/CRDImages/ao/original/DP-26535-001.jpg,https://images.metmuseum.org/CRDImages/ao/web-large/DP-26535-001.jpg,outputs/samples/met_textiles_pilot_clean/met_textil_308024.jpg,Embroidered bag with fringe,Bolsa textil,Título oficial: Embroidered bag with fringe. Cultura registrada: Nasca. Fecha del objeto: 7th century. Material registrado: Camelid hair. Clasificación museográfica: Textiles-Woven. Dimensiones: W. 8 3/8 × L. 16 1/2 in. (21.26 × 41.91 cm).,Nasca,,7th century,Peru,bolso_textil,superficie_amplia,corpus_principal_superficie_amplia,superficie amplia o plana detectada: ['bag'],Camelid hair,fibra de camélido,bordado; tejido,,,,,,,,,Título oficial: Embroidered bag with fringe. Cultura registrada: Nasca. Fecha del objeto: 7th century. Material registrado: Camelid hair. Clasificación museográfica: Textiles-Woven. Dimensiones: W. 8 3/8 × L. 16 1/2 in. (21.26 × 41.91 cm).,Dominio público / Open Access según metadata de The Met,parcial,sin_anotar,,aceptar,17,"clasificación contiene evidencia textil: ['textile', 'textiles'] | nombre de objeto contiene términos textiles: ['bag'] | material contiene fibras o soporte textil: ['camelid'] | título contiene términos textiles: ['embroidered', 'bag'] | evidencia cultural/geográfica andina: ['peru', 'nasca']",2026-06-15,
MET-308022,308022,met,The Metropolitan Museum of Art,https://www.metmuseum.org/art/collection/search/308022,https://images.metmuseum.org/CRDImages/ao/original/DP-26534-001.jpg,https://images.metmuseum.org/CRDImages/ao/web-large/DP-26534-001.jpg,outputs/samples/met_textiles_pilot_clean/met_textil_308022.jpg,Embroidered bag with fringe,Bolsa textil,Título oficial: Embroidered bag with fringe. Cultura registrada: Nasca. Fecha del objeto: 7th century. Material registrado: Camelid hair. Clasificación museográfica: Textiles-Woven. Dimensiones: W. 7 1/4 x D.12 1/2 in. (18.42 x 31.75 cm).,Nasca,,7th century,Peru,bolso_textil,superficie_amplia,corpus_principal_superficie_amplia,superficie amplia o plana detectada: ['bag'],Camelid hair,fibra de camélido,bordado; tejido,,,,,,,,,Título oficial: Embroidered bag with fringe. Cultura registrada: Nasca. Fecha del objeto: 7th century. Material registrado: Camelid hair. Clasificación museográfica: Textiles-Woven. Dimensiones: W. 7 1/4 x D.12 1/2 in. (18.42 x 31.75 cm).,Dominio público / Open Access según metadata de The Met,parcial,sin_anotar,,aceptar,17,"clasificación contiene evidencia textil: ['textile', 'textiles'] | nombre de objeto contiene términos textiles: ['bag'] | material contiene fibras o soporte textil: ['camelid'] | título contiene términos textiles: ['embroidered', 'bag'] | evidencia cultural/geográfica andina: ['peru', 'nasca']",2026-06-15,
MET-315700,315700,met,The Metropolitan Museum of Art,https://www.metmuseum.org/art/collection/search/315700,https://images.metmuseum.org/CRDImages/ao/original/DP-26541-001.jpg,https://images.metmuseum.org/CRDImages/ao/web-large/DP-26541-001.jpg,outputs/samples/met_textiles_pilot_clean/met_textil_315700.jpg,Embroidered bag with fringe,Bolsa textil,Título oficial: Embroidered bag with fringe. Cultura registrada: Nasca. Fecha del objeto: 7th century. Material registrado: Camelid hair. Clasificación museográfica: Textiles-Woven. Dimensiones: W. 6 in. × D. 14 1/4 in. (15.2 × 36.2 cm).,Nasca,,7th century,Peru,bolso_textil,superficie_amplia,corpus_principal_superficie_amplia,superficie amplia o plana detectada: ['bag'],Camelid hair,fibra de camélido,bordado; tejido,,,,,,,,,Título oficial: Embroidered bag with fringe. Cultura registrada: Nasca. Fecha del objeto: 7th century. Material registrado: Camelid hair. Clasificación museográfica: Textiles-Woven. Dimensiones: W. 6 in. × D. 14 1/4 in. (15.2 × 36.2 cm).,Dominio público / Open Access según metadata de The Met,parcial,sin_anotar,,aceptar,17,"clasificación contiene evidencia textil: ['textile', 'textiles'] | nombre de objeto contiene términos textiles: ['bag'] | material contiene fibras o soporte textil: ['camelid'] | título contiene términos textiles: ['embroidered', 'bag'] | evidencia cultural/geográfica andina: ['peru', 'nasca']",2026-06-15,
MET-318529,318529,met,The Metropolitan Museum of Art,https://www.metmuseum.org/art/collection/search/318529,https://images.metmuseum.org/CRDImages/ao/original/DP-28476-001.jpg,https://images.metmuseum.org/CRDImages/ao/web-large/DP-28476-001.jpg,outputs/samples/met_textiles_pilot_clean/met_textil_318529.jpg,Tunic,Túnica textil,"Título oficial: Tunic. Cultura registrada: Arica(?). Fecha del objeto: 15th–early 16th century. Material registrado: Camelid hair, feathers. Clasificación museográfica: Textiles-Woven. Dimensiones: H. 35-1/4 x W. 54 1/2 in..",Arica(?),,15th–early 16th century,Chile,tunica,superficie_amplia,corpus_principal_superficie_amplia,superficie amplia o plana detectada: ['tunic'],"Camelid hair, feathers",fibra de camélido; plumas,tejido; trabajo con plumas,,,,,,,,,"Título oficial: Tunic. Cultura registrada: Arica(?). Fecha del objeto: 15th–early 16th century. Material registrado: Camelid hair, feathers. Clasificación museográfica: Textiles-Woven. Dimensiones: H. 35-1/4 x W. 54 1/2 in..",Dominio público / Open Access según metadata de The Met,parcial,sin_anotar,,aceptar,16,"clasificación contiene evidencia textil: ['textile', 'textiles'] | nombre de objeto contiene términos textiles: ['tunic'] | material contiene fibras o soporte textil: ['camelid'] | título contiene términos textiles: ['tunic']",2026-06-15,
MET-312826,312826,met,The Metropolitan Museum of Art,https://www.metmuseum.org/art/collection/search/312826,https://images.metmuseum.org/CRDImages/ao/original/DP-28477-001.jpg,https://images.metmuseum.org/CRDImages/ao/web-large/DP-28477-001.jpg,outputs/samples/met_textiles_pilot_clean/met_textil_312826.jpg,Miniature Dress,Objeto textil,"Título oficial: Miniature Dress. Cultura registrada: Ica. Fecha del objeto: 12th–13th century. Material registrado: Cotton, feathers. Clasificación museográfica: Textiles-Featherwork. Dimensiones: H. 8 3/4 × W. 8 5/8 in. (22.2 × 21.9 cm).",Ica,,12th–13th century,Peru; Ica Valley,objeto_textil,revision_morfologica,revision_morfologica,no se detectó con claridad si el objeto tiene superficie amplia o formato estrecho,"Cotton, feathers",algodón; plumas,trabajo con plumas,,,,,,,,,"Título oficial: Miniature Dress. Cultura registrada: Ica. Fecha del objeto: 12th–13th century. Material registrado: Cotton, feathers. Clasificación museográfica: Textiles-Featherwork. Dimensiones: H. 8 3/4 × W. 8 5/8 in. (22.2 × 21.9 cm).",Dominio público / Open Access según metadata de The Met,parcial,sin_anotar,,aceptar,10,"clasificación contiene evidencia textil: ['textile', 'textiles'] | material contiene fibras o soporte textil: ['cotton'] | evidencia cultural/geográfica andina: ['peru']",2026-06-15,
MET-316892,316892,met,The Metropolitan Museum of Art,https://www.metmuseum.org/art/collection/search/316892,https://images.metmuseum.org/CRDImages/ao/original/DT3832rev.jpg,https://images.metmuseum.org/CRDImages/ao/web-large/DT3832rev.jpg,outputs/samples/met_textiles_pilot_clean/met_textil_316892.jpg,Woman's Mantle (lliclla),Manto textil,Título oficial: Woman's Mantle (lliclla). Cultura registrada: Peruvian. Fecha del objeto: 17th–18th century. Material registrado: Camelid hair. Clasificación museográfica: Textiles-Woven. Dimensiones: H. 35 1/2 x W. 43 3/8 in. (90.2 x 110.2 cm).,Peruvian,,17th–18th century,Peru,manto,superficie_amplia,corpus_principal_superficie_amplia,superficie amplia o plana detectada: ['mantle'],Camelid hair,fibra de camélido,tejido,,,,,,,,,Título oficial: Woman's Mantle (lliclla). Cultura registrada: Peruvian. Fecha del objeto: 17th–18th century. Material registrado: Camelid hair. Clasificación museográfica: Textiles-Woven. Dimensiones: H. 35 1/2 x W. 43 3/8 in. (90.2 x 110.2 cm).,Dominio público / Open Access según metadata de The Met,parcial,sin_anotar,,aceptar,17,"clasificación contiene evidencia textil: ['textile', 'textiles'] | nombre de objeto contiene términos textiles: ['mantle'] | material contiene fibras o soporte textil: ['camelid'] | título contiene términos textiles: ['mantle'] | evidencia cultural/geográfica andina: ['peru', 'peruvian']",2026-06-15,
MET-315786,315786,met,The Metropolitan Museum of Art,https://www.metmuseum.org/art/collection/search/315786,https://images.metmuseum.org/CRDImages/ao/original/DT1269.jpg,https://images.metmuseum.org/CRDImages/ao/web-large/DT1269.jpg,outputs/samples/met_textiles_pilot_clean/met_textil_315786.jpg,Shirt,Objeto textil,"Título oficial: Shirt. Cultura registrada: Moche. Fecha del objeto: 500–850 CE. Material registrado: Camelid hair, cotton. Clasificación museográfica: Textiles-Woven. Dimensiones: H. 34 1/4 x W. 58 in. (87 x 147.3 cm).",Moche,,500–850 CE,Peru; Huarmey Valley(?),tunica,superficie_amplia,corpus_principal_superficie_amplia,superficie amplia o plana detectada: ['shirt'],"Camelid hair, cotton",algodón; fibra de camélido,tejido,,,,,,,,,"Título oficial: Shirt. Cultura registrada: Moche. Fecha del objeto: 500–850 CE. Material registrado: Camelid hair, cotton. Clasificación museográfica: Textiles-Woven. Dimensiones: H. 34 1/4 x W. 58 in. (87 x 147.3 cm).",Dominio público / Open Access según metadata de The Met,parcial,sin_anotar,,aceptar,17,"clasificación contiene evidencia textil: ['textile', 'textiles'] | nombre de objeto contiene términos textiles: ['shirt'] | material contiene fibras o soporte textil: ['cotton', 'camelid'] | título contiene términos textiles: ['shirt'] | evidencia cultural/geográfica andina: ['peru', 'moche']",2026-06-15,
MET-308402,308402,met,The Metropolitan Museum of Art,https://www.metmuseum.org/art/collection/search/308402,https://images.metmuseum.org/CRDImages/ao/original/DP214978.jpg,https://images.metmuseum.org/CRDImages/ao/web-large/DP214978.jpg,outputs/samples/met_textiles_pilot_clean/met_textil_308402.jpg,Feathered Tunic,Túnica textil,"Título oficial: Feathered Tunic. Cultura registrada: Chimú. Fecha del objeto: 1400 - 1700 CE. Material registrado: Cotton, feathers. Clasificación museográfica: Feathers-Containers. Dimensiones: H. 27 1/2 × W. 27 in. (69.9 × 68.6 cm).",Chimú,,1400 - 1700 CE,Peru,tunica,superficie_amplia,corpus_principal_superficie_amplia,superficie amplia o plana detectada: ['tunic'],"Cotton, feathers",algodón; plumas,trabajo con plumas,,,,,,,,,"Título oficial: Feathered Tunic. Cultura registrada: Chimú. Fecha del objeto: 1400 - 1700 CE. Material registrado: Cotton, feathers. Clasificación museográfica: Feathers-Containers. Dimensiones: H. 27 1/2 × W. 27 in. (69.9 × 68.6 cm).",Dominio público / Open Access según metadata de The Met,parcial,sin_anotar,,aceptar,12,"nombre de objeto contiene términos textiles: ['tunic'] | material contiene fibras o soporte textil: ['cotton'] | título contiene términos textiles: ['tunic'] | evidencia cultural/geográfica andina: ['peru', 'chimú', 'chimu']",2026-06-15,
MET-308131,308131,met,The Metropolitan Museum of Art,https://www.metmuseum.org/art/collection/search/308131,https://images.metmuseum.org/CRDImages/ao/original/97523.jpg,https://images.metmuseum.org/CRDImages/ao/web-large/97523.jpg,outputs/samples/met_textiles_pilot_clean/met_textil_308131.jpg,Skein of Camelid Hair,Objeto textil,Título oficial: Skein of Camelid Hair. Cultura registrada: Peruvian. Fecha del objeto: 10th–16th century (?). Material registrado: Camelid hair. Clasificación museográfica: Textiles. Dimensiones: W. 1/2 × L. 12 1/2 in. (1.3 × 31.8 cm).,Peruvian,,10th–16th century (?),Peru,objeto_textil,revision_morfologica,revision_morfologica,no se detectó con claridad si el objeto tiene superficie amplia o formato estrecho,Camelid hair,fibra de camélido,,,,,,,,,,Título oficial: Skein of Camelid Hair. Cultura registrada: Peruvian. Fecha del objeto: 10th–16th century (?). Material registrado: Camelid hair. Clasificación museográfica: Textiles. Dimensiones: W. 1/2 × L. 12 1/2 in. (1.3 × 31.8 cm).,Dominio público / Open Access según metadata de The Met,parcial,sin_anotar,,aceptar,13,"clasificación contiene evidencia textil: ['textile', 'textiles'] | material contiene fibras o soporte textil: ['camelid'] | título contiene términos textiles: ['camelid'] | evidencia cultural/geográfica andina: ['peru', 'peruvian']",2026-06-15,
MET-316948,316948,met,The Metropolitan Museum of Art,https://www.metmuseum.org/art/collection/search/316948,https://images.metmuseum.org/CRDImages/ao/original/hz1994_35_123.jpg,https://images.metmuseum.org/CRDImages/ao/web-large/hz1994_35_123.jpg,outputs/samples/met_textiles_pilot_clean/met_textil_316948.jpg,Openweave Cap,Objeto textil,Título oficial: Openweave Cap. Cultura registrada: Peruvian. Fecha del objeto: 14th–early 16th century. Material registrado: Cotton. Clasificación museográfica: Textiles-Costumes. Dimensiones: Height (w/tassel) 4 in..,Peruvian,,14th–early 16th century,Peru,objeto_textil,revision_morfologica,revision_morfologica,no se detectó con claridad si el objeto tiene superficie amplia o formato estrecho,Cotton,algodón,,,,,,,,,,Título oficial: Openweave Cap. Cultura registrada: Peruvian. Fecha del objeto: 14th–early 16th century. Material registrado: Cotton. Clasificación museográfica: Textiles-Costumes. Dimensiones: Height (w/tassel) 4 in..,Dominio público / Open Access según metadata de The Met,parcial,sin_anotar,,aceptar,10,"clasificación contiene evidencia textil: ['textile', 'textiles'] | material contiene fibras o soporte textil: ['cotton'] | evidencia cultural/geográfica andina: ['peru', 'peruvian']",2026-06-15,
MET-316949,316949,met,The Metropolitan Museum of Art,https://www.metmuseum.org/art/collection/search/316949,https://images.metmuseum.org/CRDImages/ao/original/DP101292.jpg,https://images.metmuseum.org/CRDImages/ao/web-large/DP101292.jpg,outputs/samples/met_textiles_pilot_clean/met_textil_316949.jpg,Openweave Cap with Tassels,Objeto textil,Título oficial: Openweave Cap with Tassels. Cultura registrada: Peruvian. Fecha del objeto: 11th–14th century. Material registrado: Cotton. Clasificación museográfica: Textiles-Costumes. Dimensiones: Height 6-1/4 in..,Peruvian,,11th–14th century,Peru,objeto_textil,revision_morfologica,revision_morfologica,no se detectó con claridad si el objeto tiene superficie amplia o formato estrecho,Cotton,algodón,,,,,,,,,,Título oficial: Openweave Cap with Tassels. Cultura registrada: Peruvian. Fecha del objeto: 11th–14th century. Material registrado: Cotton. Clasificación museográfica: Textiles-Costumes. Dimensiones: Height 6-1/4 in..,Dominio público / Open Access según metadata de The Met,parcial,sin_anotar,,aceptar,10,"clasificación contiene evidencia textil: ['textile', 'textiles'] | material contiene fibras o soporte textil: ['cotton'] | evidencia cultural/geográfica andina: ['peru', 'peruvian']",2026-06-15,
MET-308125,308125,met,The Metropolitan Museum of Art,https://www.metmuseum.org/art/collection/search/308125,https://images.metmuseum.org/CRDImages/ao/original/97523.jpg,https://images.metmuseum.org/CRDImages/ao/web-large/97523.jpg,outputs/samples/met_textiles_pilot_clean/met_textil_308125.jpg,Skein of Camelid Hair,Objeto textil,"Título oficial: Skein of Camelid Hair. Cultura registrada: Peruvian. Fecha del objeto: 10th–16th century (?). Material registrado: Camelid hair. Clasificación museográfica: Textiles. Dimensiones: Overall: 1/2 x 16 1/4 in. (1.27 x 41.28 cm)
Other: 1/2 in. (1.27 cm).",Peruvian,,10th–16th century (?),Peru,objeto_textil,revision_morfologica,revision_morfologica,no se detectó con claridad si el objeto tiene superficie amplia o formato estrecho,Camelid hair,fibra de camélido,,,,,,,,,,"Título oficial: Skein of Camelid Hair. Cultura registrada: Peruvian. Fecha del objeto: 10th–16th century (?). Material registrado: Camelid hair. Clasificación museográfica: Textiles. Dimensiones: Overall: 1/2 x 16 1/4 in. (1.27 x 41.28 cm)
Other: 1/2 in. (1.27 cm).",Dominio público / Open Access según metadata de The Met,parcial,sin_anotar,,aceptar,13,"clasificación contiene evidencia textil: ['textile', 'textiles'] | material contiene fibras o soporte textil: ['camelid'] | título contiene términos textiles: ['camelid'] | evidencia cultural/geográfica andina: ['peru', 'peruvian']",2026-06-15,
MET-308126,308126,met,The Metropolitan Museum of Art,https://www.metmuseum.org/art/collection/search/308126,https://images.metmuseum.org/CRDImages/ao/original/97523.jpg,https://images.metmuseum.org/CRDImages/ao/web-large/97523.jpg,outputs/samples/met_textiles_pilot_clean/met_textil_308126.jpg,Skein of Camelid Hair,Objeto textil,"Título oficial: Skein of Camelid Hair. Cultura registrada: Peruvian. Fecha del objeto: 10th–16th century (?). Material registrado: Camelid hair. Clasificación museográfica: Textiles. Dimensiones: Overall: 1/2 x 14 1/2 in. (1.27 x 36.83 cm)
Other: 1/2 in. (1.27 cm).",Peruvian,,10th–16th century (?),Peru,objeto_textil,revision_morfologica,revision_morfologica,no se detectó con claridad si el objeto tiene superficie amplia o formato estrecho,Camelid hair,fibra de camélido,,,,,,,,,,"Título oficial: Skein of Camelid Hair. Cultura registrada: Peruvian. Fecha del objeto: 10th–16th century (?). Material registrado: Camelid hair. Clasificación museográfica: Textiles. Dimensiones: Overall: 1/2 x 14 1/2 in. (1.27 x 36.83 cm)
Other: 1/2 in. (1.27 cm).",Dominio público / Open Access según metadata de The Met,parcial,sin_anotar,,aceptar,13,"clasificación contiene evidencia textil: ['textile', 'textiles'] | material contiene fibras o soporte textil: ['camelid'] | título contiene términos textiles: ['camelid'] | evidencia cultural/geográfica andina: ['peru', 'peruvian']",2026-06-15,
MET-308127,308127,met,The Metropolitan Museum of Art,https://www.metmuseum.org/art/collection/search/308127,https://images.metmuseum.org/CRDImages/ao/original/97523.jpg,https://images.metmuseum.org/CRDImages/ao/web-large/97523.jpg,outputs/samples/met_textiles_pilot_clean/met_textil_308127.jpg,Skein of Camelid Hair,Objeto textil,"Título oficial: Skein of Camelid Hair. Cultura registrada: Peruvian. Fecha del objeto: 10th–16th century (?). Material registrado: Camelid hair. Clasificación museográfica: Textiles. Dimensiones: Overall: 1/2 x 14 3/4 in. (1.27 x 37.47 cm)
Other: 1/2 in. (1.27 cm).",Peruvian,,10th–16th century (?),Peru,objeto_textil,revision_morfologica,revision_morfologica,no se detectó con claridad si el objeto tiene superficie amplia o formato estrecho,Camelid hair,fibra de camélido,,,,,,,,,,"Título oficial: Skein of Camelid Hair. Cultura registrada: Peruvian. Fecha del objeto: 10th–16th century (?). Material registrado: Camelid hair. Clasificación museográfica: Textiles. Dimensiones: Overall: 1/2 x 14 3/4 in. (1.27 x 37.47 cm)
Other: 1/2 in. (1.27 cm).",Dominio público / Open Access según metadata de The Met,parcial,sin_anotar,,aceptar,13,"clasificación contiene evidencia textil: ['textile', 'textiles'] | material contiene fibras o soporte textil: ['camelid'] | título contiene términos textiles: ['camelid'] | evidencia cultural/geográfica andina: ['peru', 'peruvian']",2026-06-15,
MET-308128,308128,met,The Metropolitan Museum of Art,https://www.metmuseum.org/art/collection/search/308128,https://images.metmuseum.org/CRDImages/ao/original/97523.jpg,https://images.metmuseum.org/CRDImages/ao/web-large/97523.jpg,outputs/samples/met_textiles_pilot_clean/met_textil_308128.jpg,Skein of Camelid Hair,Objeto textil,"Título oficial: Skein of Camelid Hair. Cultura registrada: Peruvian. Fecha del objeto: 10th–16th century (?). Material registrado: Camelid hair. Clasificación museográfica: Textiles. Dimensiones: Overall: 1/2 x 10 in. (1.27 x 25.4 cm)
Other: 1/2 in. (1.27 cm).",Peruvian,,10th–16th century (?),Peru,objeto_textil,revision_morfologica,revision_morfologica,no se detectó con claridad si el objeto tiene superficie amplia o formato estrecho,Camelid hair,fibra de camélido,,,,,,,,,,"Título oficial: Skein of Camelid Hair. Cultura registrada: Peruvian. Fecha del objeto: 10th–16th century (?). Material registrado: Camelid hair. Clasificación museográfica: Textiles. Dimensiones: Overall: 1/2 x 10 in. (1.27 x 25.4 cm)
Other: 1/2 in. (1.27 cm).",Dominio público / Open Access según metadata de The Met,parcial,sin_anotar,,aceptar,13,"clasificación contiene evidencia textil: ['textile', 'textiles'] | material contiene fibras o soporte textil: ['camelid'] | título contiene términos textiles: ['camelid'] | evidencia cultural/geográfica andina: ['peru', 'peruvian']",2026-06-15,
MET-308124,308124,met,The Metropolitan Museum of Art,https://www.metmuseum.org/art/collection/search/308124,https://images.metmuseum.org/CRDImages/ao/original/97523.jpg,https://images.metmuseum.org/CRDImages/ao/web-large/97523.jpg,outputs/samples/met_textiles_pilot_clean/met_textil_308124.jpg,Skein of Camelid Hair,Objeto textil,"Título oficial: Skein of Camelid Hair. Cultura registrada: Peruvian. Fecha del objeto: 10th–16th century (?). Material registrado: Camelid hair. Clasificación museográfica: Textiles. Dimensiones: Overall: 3/4 x 16 in. (1.91 x 40.64 cm)
Other: 3/4 in. (1.91 cm).",Peruvian,,10th–16th century (?),Peru,objeto_textil,revision_morfologica,revision_morfologica,no se detectó con claridad si el objeto tiene superficie amplia o formato estrecho,Camelid hair,fibra de camélido,,,,,,,,,,"Título oficial: Skein of Camelid Hair. Cultura registrada: Peruvian. Fecha del objeto: 10th–16th century (?). Material registrado: Camelid hair. Clasificación museográfica: Textiles. Dimensiones: Overall: 3/4 x 16 in. (1.91 x 40.64 cm)
Other: 3/4 in. (1.91 cm).",Dominio público / Open Access según metadata de The Met,parcial,sin_anotar,,aceptar,13,"clasificación contiene evidencia textil: ['textile', 'textiles'] | material contiene fibras o soporte textil: ['camelid'] | título contiene términos textiles: ['camelid'] | evidencia cultural/geográfica andina: ['peru', 'peruvian']",2026-06-15,
MET-308130,308130,met,The Metropolitan Museum of Art,https://www.metmuseum.org/art/collection/search/308130,https://images.metmuseum.org/CRDImages/ao/original/97523.jpg,https://images.metmuseum.org/CRDImages/ao/web-large/97523.jpg,outputs/samples/met_textiles_pilot_clean/met_textil_308130.jpg,Skein of Camelid Hair,Objeto textil,"Título oficial: Skein of Camelid Hair. Cultura registrada: Peruvian. Fecha del objeto: 10th–16th century (?). Material registrado: Camelid hair. Clasificación museográfica: Textiles. Dimensiones: Overall: 1/2 x 12 in. (1.27 x 30.48 cm)
Other: 1/2 in. (1.27 cm).",Peruvian,,10th–16th century (?),Peru,objeto_textil,revision_morfologica,revision_morfologica,no se detectó con claridad si el objeto tiene superficie amplia o formato estrecho,Camelid hair,fibra de camélido,,,,,,,,,,"Título oficial: Skein of Camelid Hair. Cultura registrada: Peruvian. Fecha del objeto: 10th–16th century (?). Material registrado: Camelid hair. Clasificación museográfica: Textiles. Dimensiones: Overall: 1/2 x 12 in. (1.27 x 30.48 cm)
Other: 1/2 in. (1.27 cm).",Dominio público / Open Access según metadata de The Met,parcial,sin_anotar,,aceptar,13,"clasificación contiene evidencia textil: ['textile', 'textiles'] | material contiene fibras o soporte textil: ['camelid'] | título contiene términos textiles: ['camelid'] | evidencia cultural/geográfica andina: ['peru', 'peruvian']",2026-06-15,
MET-308133,308133,met,The Metropolitan Museum of Art,https://www.metmuseum.org/art/collection/search/308133,https://images.metmuseum.org/CRDImages/ao/original/97523.jpg,https://images.metmuseum.org/CRDImages/ao/web-large/97523.jpg,outputs/samples/met_textiles_pilot_clean/met_textil_308133.jpg,Skein of Camelid Hair,Objeto textil,"Título oficial: Skein of Camelid Hair. Cultura registrada: Peruvian. Fecha del objeto: 10th–16th century (?). Material registrado: Camelid hair. Clasificación museográfica: Textiles. Dimensiones: Overall: 1 x 28 1/4 in. (2.54 x 71.76 cm)
Other: 1 in. (2.54 cm).",Peruvian,,10th–16th century (?),Peru,objeto_textil,revision_morfologica,revision_morfologica,no se detectó con claridad si el objeto tiene superficie amplia o formato estrecho,Camelid hair,fibra de camélido,,,,,,,,,,"Título oficial: Skein of Camelid Hair. Cultura registrada: Peruvian. Fecha del objeto: 10th–16th century (?). Material registrado: Camelid hair. Clasificación museográfica: Textiles. Dimensiones: Overall: 1 x 28 1/4 in. (2.54 x 71.76 cm)
Other: 1 in. (2.54 cm).",Dominio público / Open Access según metadata de The Met,parcial,sin_anotar,,aceptar,13,"clasificación contiene evidencia textil: ['textile', 'textiles'] | material contiene fibras o soporte textil: ['camelid'] | título contiene términos textiles: ['camelid'] | evidencia cultural/geográfica andina: ['peru', 'peruvian']",2026-06-15,
MET-308132,308132,met,The Metropolitan Museum of Art,https://www.metmuseum.org/art/collection/search/308132,https://images.metmuseum.org/CRDImages/ao/original/97523.jpg,https://images.metmuseum.org/CRDImages/ao/web-large/97523.jpg,outputs/samples/met_textiles_pilot_clean/met_textil_308132.jpg,Skein of Camelid Hair,Objeto textil,"Título oficial: Skein of Camelid Hair. Cultura registrada: Peruvian. Fecha del objeto: 10th–16th century (?). Material registrado: Camelid hair. Clasificación museográfica: Textiles. Dimensiones: Overall: 1/2 x 13 in. (1.27 x 33.02 cm)
Other: 1/2 in. (1.27 cm).",Peruvian,,10th–16th century (?),Peru,objeto_textil,revision_morfologica,revision_morfologica,no se detectó con claridad si el objeto tiene superficie amplia o formato estrecho,Camelid hair,fibra de camélido,,,,,,,,,,"Título oficial: Skein of Camelid Hair. Cultura registrada: Peruvian. Fecha del objeto: 10th–16th century (?). Material registrado: Camelid hair. Clasificación museográfica: Textiles. Dimensiones: Overall: 1/2 x 13 in. (1.27 x 33.02 cm)
Other: 1/2 in. (1.27 cm).",Dominio público / Open Access según metadata de The Met,parcial,sin_anotar,,aceptar,13,"clasificación contiene evidencia textil: ['textile', 'textiles'] | material contiene fibras o soporte textil: ['camelid'] | título contiene términos textiles: ['camelid'] | evidencia cultural/geográfica andina: ['peru', 'peruvian']",2026-06-15,
MET-308134,308134,met,The Metropolitan Museum of Art,https://www.metmuseum.org/art/collection/search/308134,https://images.metmuseum.org/CRDImages/ao/original/97523.jpg,https://images.metmuseum.org/CRDImages/ao/web-large/97523.jpg,outputs/samples/met_textiles_pilot_clean/met_textil_308134.jpg,Skein of Camelid Hair,Objeto textil,"Título oficial: Skein of Camelid Hair. Cultura registrada: Peruvian. Fecha del objeto: 10th–16th century (?). Material registrado: Camelid hair. Clasificación museográfica: Textiles. Dimensiones: Overall: 1 x 15 1/4 in. (2.54 x 38.74 cm)
Other: 1 in. (2.54 cm).",Peruvian,,10th–16th century (?),Peru,objeto_textil,revision_morfologica,revision_morfologica,no se detectó con claridad si el objeto tiene superficie amplia o formato estrecho,Camelid hair,fibra de camélido,,,,,,,,,,"Título oficial: Skein of Camelid Hair. Cultura registrada: Peruvian. Fecha del objeto: 10th–16th century (?). Material registrado: Camelid hair. Clasificación museográfica: Textiles. Dimensiones: Overall: 1 x 15 1/4 in. (2.54 x 38.74 cm)
Other: 1 in. (2.54 cm).",Dominio público / Open Access según metadata de The Met,parcial,sin_anotar,,aceptar,13,"clasificación contiene evidencia textil: ['textile', 'textiles'] | material contiene fibras o soporte textil: ['camelid'] | título contiene términos textiles: ['camelid'] | evidencia cultural/geográfica andina: ['peru', 'peruvian']",2026-06-15,
MET-308129,308129,met,The Metropolitan Museum of Art,https://www.metmuseum.org/art/collection/search/308129,https://images.metmuseum.org/CRDImages/ao/original/97523.jpg,https://images.metmuseum.org/CRDImages/ao/web-large/97523.jpg,outputs/samples/met_textiles_pilot_clean/met_textil_308129.jpg,Skein of Camelid Hair,Objeto textil,"Título oficial: Skein of Camelid Hair. Cultura registrada: Peruvian. Fecha del objeto: 10th–16th century (?). Material registrado: Camelid hair. Clasificación museográfica: Textiles. Dimensiones: Overall: 1/2 x 13 in. (1.27 x 33.02 cm)
Other: 1/2 in. (1.27 cm).",Peruvian,,10th–16th century (?),Peru,objeto_textil,revision_morfologica,revision_morfologica,no se detectó con claridad si el objeto tiene superficie amplia o formato estrecho,Camelid hair,fibra de camélido,,,,,,,,,,"Título oficial: Skein of Camelid Hair. Cultura registrada: Peruvian. Fecha del objeto: 10th–16th century (?). Material registrado: Camelid hair. Clasificación museográfica: Textiles. Dimensiones: Overall: 1/2 x 13 in. (1.27 x 33.02 cm)
Other: 1/2 in. (1.27 cm).",Dominio público / Open Access según metadata de The Met,parcial,sin_anotar,,aceptar,13,"clasificación contiene evidencia textil: ['textile', 'textiles'] | material contiene fibras o soporte textil: ['camelid'] | título contiene términos textiles: ['camelid'] | evidencia cultural/geográfica andina: ['peru', 'peruvian']",2026-06-15,
MET-315785,315785,met,The Metropolitan Museum of Art,https://www.metmuseum.org/art/collection/search/315785,https://images.metmuseum.org/CRDImages/ao/original/vs1987_394_705.jpg,https://images.metmuseum.org/CRDImages/ao/web-large/vs1987_394_705.jpg,outputs/samples/met_textiles_pilot_clean/met_textil_315785.jpg,Hat,Objeto textil,Título oficial: Hat. Cultura registrada: Peruvian. Fecha del objeto: 10th–16th century. Material registrado: Cotton. Clasificación museográfica: Textiles-Woven. Dimensiones: Length 7-3/32 in..,Peruvian,,10th–16th century,Peru,objeto_textil,revision_morfologica,revision_morfologica,no se detectó con claridad si el objeto tiene superficie amplia o formato estrecho,Cotton,algodón,tejido,,,,,,,,,Título oficial: Hat. Cultura registrada: Peruvian. Fecha del objeto: 10th–16th century. Material registrado: Cotton. Clasificación museográfica: Textiles-Woven. Dimensiones: Length 7-3/32 in..,Dominio público / Open Access según metadata de The Met,parcial,sin_anotar,,aceptar,10,"clasificación contiene evidencia textil: ['textile', 'textiles'] | material contiene fibras o soporte textil: ['cotton'] | evidencia cultural/geográfica andina: ['peru', 'peruvian']",2026-06-15,
