fuente,id_fuente,id_registro,institucion,titulo_original,titulo_es_sugerido,cultura,periodo,fecha_objeto,procedencia,clasificacion_original,tipo_objeto,tipo_superficie,material,material_normalizado,tecnica,descripcion,url_objeto,url_imagen,ruta_imagen_local,licencia,estado_curacion,destino_curacion,origen_curacion,motivo_curacion,decision_filtro,puntaje_filtro,motivo_filtrado,decision_auditoria,motivo_auditoria,observacion_auditoria,posible_duplicado_suave,estado_metadata,estado_anotacion
met,675980,MET-675980,The Metropolitan Museum of Art,Tunic,Túnica textil,Wari,,650–1000 CE,Andean region,,tunica,superficie_amplia,"Cotton, camelid hair",algodón; fibra de camélido,tejido,"Título oficial: Tunic. Cultura registrada: Wari. Fecha del objeto: 650–1000 CE. Material registrado: Cotton, camelid hair. Clasificación museográfica: Textiles-Woven. Dimensiones: L. 40 3/4 x W. 39 3/4 in. (103.5 x 101 cm) approximately.",https://www.metmuseum.org/art/collection/search/675980,https://images.metmuseum.org/CRDImages/ao/original/DP-21885-001.jpg,outputs/samples/met_textiles_aceptados_preliminar/met_textil_675980.jpg,Dominio público / Open Access según metadata de The Met,corpus_principal,principal,corpus_principal_preliminar,superficie amplia o composición visual útil detectada: ['tunic'],aceptar,17.0,"clasificación contiene evidencia textil: ['textile', 'textiles'] | nombre de objeto contiene términos textiles: ['tunic'] | material contiene fibras o soporte textil: ['cotton', 'camelid'] | título contiene términos textiles: ['tunic'] | evidencia cultural/geográfica andina: ['andean', 'wari']",,,,False,parcial,sin_anotar
met,320054,MET-320054,The Metropolitan Museum of Art,Miniature tabard,Objeto textil,Inca and Spanish,,1600–1700,Bolivia or Peru,,tunica,superficie_amplia,"Cotton, camelid hair, silk, metal",algodón; fibra de camélido,tejido,"Título oficial: Miniature tabard. Cultura registrada: Inca and Spanish. Fecha del objeto: 1600–1700. Material registrado: Cotton, camelid hair, silk, metal. Clasificación museográfica: Textiles-Woven. Dimensiones: H. 14 1/2 x W. 11 in. (36.8 x 27.9 cm).",https://www.metmuseum.org/art/collection/search/320054,https://images.metmuseum.org/CRDImages/ao/original/DP107700.jpg,outputs/samples/met_textiles_aceptados_preliminar/met_textil_320054.jpg,Dominio público / Open Access según metadata de The Met,corpus_principal,principal,corpus_principal_preliminar,superficie amplia o composición visual útil detectada: ['tunic'],aceptar,10.0,"clasificación contiene evidencia textil: ['textile', 'textiles'] | nombre de objeto contiene términos textiles: ['tunic'] | material contiene fibras o soporte textil: ['cotton', 'camelid'] | evidencia cultural/geográfica andina: ['peru', 'inca'] | material sugiere objeto no textil: ['metal']",,,,False,parcial,sin_anotar
met,313153,MET-313153,The Metropolitan Museum of Art,Tunic with Felines,Túnica textil,Chimú,,1450–1550,Peru,,tunica,superficie_amplia,"Cotton, camelid hair",algodón; fibra de camélido,tejido,"Título oficial: Tunic with Felines. Cultura registrada: Chimú. Fecha del objeto: 1450–1550. Material registrado: Cotton, camelid hair. Clasificación museográfica: Textiles-Woven. Dimensiones: H. 25 x  W. 70  in. (63.5 x 177.8 cm).",https://www.metmuseum.org/art/collection/search/313153,https://images.metmuseum.org/CRDImages/ao/original/DP-39316-001.jpg,outputs/samples/met_textiles_aceptados_preliminar/met_textil_313153.jpg,Dominio público / Open Access según metadata de The Met,corpus_principal,principal,corpus_principal_preliminar,superficie amplia o composición visual útil detectada: ['tunic'],aceptar,17.0,"clasificación contiene evidencia textil: ['textile', 'textiles'] | nombre de objeto contiene términos textiles: ['tunic'] | material contiene fibras o soporte textil: ['cotton', 'camelid'] | título contiene términos textiles: ['tunic'] | evidencia cultural/geográfica andina: ['peru', 'chimú', 'chimu']",,,,False,parcial,sin_anotar
met,307991,MET-307991,The Metropolitan Museum of Art,Tunic fragment,Túnica textil,Wari,,650–1000 CE,Peru,,tunica,superficie_amplia,"Camelid hair, cotton",algodón; fibra de camélido,tejido,"Título oficial: Tunic fragment. Cultura registrada: Wari. Fecha del objeto: 650–1000 CE. Material registrado: Camelid hair, cotton. Clasificación museográfica: Textiles-Woven. Dimensiones: Overall: 20 7/8 x 27 1/4 in. (53.01 x 69.22 cm)
Other: 20 7/8 in. (53.01 cm).",https://www.metmuseum.org/art/collection/search/307991,https://images.metmuseum.org/CRDImages/ao/original/77991.jpg,outputs/samples/met_textiles_aceptados_preliminar/met_textil_307991.jpg,Dominio público / Open Access según metadata de The Met,corpus_principal,principal,corpus_principal_preliminar,superficie amplia o composición visual útil detectada: ['tunic'],aceptar,18.0,"clasificación contiene evidencia textil: ['textile', 'textiles'] | nombre de objeto contiene términos textiles: ['tunic'] | material contiene fibras o soporte textil: ['cotton', 'camelid'] | título contiene términos textiles: ['tunic'] | título contiene términos débiles asociados a fragmentos o paneles: ['fragment'] | evidencia cultural/geográfica andina: ['peru', 'wari']",,,,False,parcial,sin_anotar
met,312615,MET-312615,The Metropolitan Museum of Art,Tunic Fragment,Túnica textil,Wari,,7th–9th century,Peru,,tunica,superficie_amplia,"Camelid hair, cotton",algodón; fibra de camélido,tejido,"Título oficial: Tunic Fragment. Cultura registrada: Wari. Fecha del objeto: 7th–9th century. Material registrado: Camelid hair, cotton. Clasificación museográfica: Textiles-Woven. Dimensiones: H. 12 7/8  x  W. 21in. (32.7 x 53.3cm).",https://www.metmuseum.org/art/collection/search/312615,https://images.metmuseum.org/CRDImages/ao/original/TP412.jpg,outputs/samples/met_textiles_aceptados_preliminar/met_textil_312615.jpg,Dominio público / Open Access según metadata de The Met,corpus_principal,principal,corpus_principal_preliminar,superficie amplia o composición visual útil detectada: ['tunic'],aceptar,18.0,"clasificación contiene evidencia textil: ['textile', 'textiles'] | nombre de objeto contiene términos textiles: ['tunic'] | material contiene fibras o soporte textil: ['cotton', 'camelid'] | título contiene términos textiles: ['tunic'] | título contiene términos débiles asociados a fragmentos o paneles: ['fragment'] | evidencia cultural/geográfica andina: ['peru', 'wari']",,,,False,parcial,sin_anotar
met,307975,MET-307975,The Metropolitan Museum of Art,Tunic with Confronting Catfish,Túnica textil,Nasca-Wari,,800–850 CE,Peru,,tunica,superficie_amplia,"Camelid hair, tapestry-weave",fibra de camélido,tapiz; tejido,"Título oficial: Tunic with Confronting Catfish. Cultura registrada: Nasca-Wari. Fecha del objeto: 800–850 CE. Material registrado: Camelid hair, tapestry-weave. Clasificación museográfica: Textiles-Woven. Dimensiones: H. 21 1/2 × W. 43 1/4 in. (54.6 × 109.9 cm).",https://www.metmuseum.org/art/collection/search/307975,https://images.metmuseum.org/CRDImages/ao/original/DT829.jpg,outputs/samples/met_textiles_aceptados_preliminar/met_textil_307975.jpg,Dominio público / Open Access según metadata de The Met,corpus_principal,principal,corpus_principal_preliminar,"superficie amplia o composición visual útil detectada: ['tunic', 'tapestry']",aceptar,17.0,"clasificación contiene evidencia textil: ['textile', 'textiles'] | nombre de objeto contiene términos textiles: ['tunic'] | material contiene fibras o soporte textil: ['camelid'] | título contiene términos textiles: ['tunic'] | evidencia cultural/geográfica andina: ['peru', 'nasca', 'wari']",,,,False,parcial,sin_anotar
met,751900,MET-751900,The Metropolitan Museum of Art,Votive checkerboard tunic,Túnica textil,Inca,,1460–1626,"Argentina, Bolivia, Chile, or Peru",,tunica,superficie_amplia,Camelid fiber,fibra de camélido; fibra textil,,Título oficial: Votive checkerboard tunic. Cultura registrada: Inca. Fecha del objeto: 1460–1626. Material registrado: Camelid fiber. Clasificación museográfica: Textiles-Costumes. Dimensiones: H. 20 5/8 × W. 16 1/2 in. (52.4 × 41.9 cm).,https://www.metmuseum.org/art/collection/search/751900,https://images.metmuseum.org/CRDImages/ao/original/DP-14285-001.jpg,outputs/samples/met_textiles_aceptados_preliminar/met_textil_751900.jpg,Dominio público / Open Access según metadata de The Met,corpus_principal,principal,corpus_principal_preliminar,superficie amplia o composición visual útil detectada: ['tunic'],aceptar,17.0,"clasificación contiene evidencia textil: ['textile', 'textiles'] | nombre de objeto contiene términos textiles: ['tunic'] | material contiene fibras o soporte textil: ['camelid', 'fiber'] | título contiene términos textiles: ['tunic'] | evidencia cultural/geográfica andina: ['peru', 'inca']",,,,False,parcial,sin_anotar
met,751901,MET-751901,The Metropolitan Museum of Art,Tunic,Túnica textil,Inca,,1400–1535 CE,"Argentina, Bolivia, Chile, or Peru",,tunica,superficie_amplia,Camelid fiber,fibra de camélido; fibra textil,,Título oficial: Tunic. Cultura registrada: Inca. Fecha del objeto: 1400–1535 CE. Material registrado: Camelid fiber. Clasificación museográfica: Textiles-Costumes. Dimensiones: H. 34 1/4 x W. 30 1/8 in. (87 x 76.5 cm).,https://www.metmuseum.org/art/collection/search/751901,https://images.metmuseum.org/CRDImages/ao/original/DP-14281-001.jpg,outputs/samples/met_textiles_aceptados_preliminar/met_textil_751901.jpg,Dominio público / Open Access según metadata de The Met,corpus_principal,principal,corpus_principal_preliminar,superficie amplia o composición visual útil detectada: ['tunic'],aceptar,17.0,"clasificación contiene evidencia textil: ['textile', 'textiles'] | nombre de objeto contiene términos textiles: ['tunic'] | material contiene fibras o soporte textil: ['camelid', 'fiber'] | título contiene términos textiles: ['tunic'] | evidencia cultural/geográfica andina: ['peru', 'inca']",,,,True,parcial,sin_anotar
met,316962,MET-316962,The Metropolitan Museum of Art,Four-Cornered Hat,Objeto textil,Wari,,7th–9th century,Peru,,sombrero_wari_iconografico,objeto_tridimensional_iconografico,Camelid hair,fibra de camélido,,Título oficial: Four-Cornered Hat. Cultura registrada: Wari. Fecha del objeto: 7th–9th century. Material registrado: Camelid hair. Clasificación museográfica: Textiles-Costumes. Dimensiones: H. 4 1/2 × Circum. 19 7/8 in. (11.4 × 50.5 cm).,https://www.metmuseum.org/art/collection/search/316962,https://images.metmuseum.org/CRDImages/ao/original/DP-29609-001.jpg,outputs/samples/met_textiles_aceptados_preliminar/met_textil_316962.jpg,Dominio público / Open Access según metadata de The Met,corpus_principal,principal,corpus_principal_preliminar,"sombrero/cap Wari-Huari conservado por potencial iconográfico: ['hat', 'four-cornered hat']",aceptar,10.0,"clasificación contiene evidencia textil: ['textile', 'textiles'] | material contiene fibras o soporte textil: ['camelid'] | evidencia cultural/geográfica andina: ['peru', 'wari']",,,,False,parcial,sin_anotar
met,317736,MET-317736,The Metropolitan Museum of Art,Woman's Dress,Objeto textil,Chuquibamba,,14th–early 16th century,Peru,,vestimenta_textil,superficie_amplia,Camelid hair,fibra de camélido,tejido,Título oficial: Woman's Dress. Cultura registrada: Chuquibamba. Fecha del objeto: 14th–early 16th century. Material registrado: Camelid hair. Clasificación museográfica: Textiles-Woven. Dimensiones: H. 51 1/2  x  W. 60 1/2 in. (130.8 x 153.7 cm).,https://www.metmuseum.org/art/collection/search/317736,https://images.metmuseum.org/CRDImages/ao/original/DT1275.jpg,outputs/samples/met_textiles_aceptados_preliminar/met_textil_317736.jpg,Dominio público / Open Access según metadata de The Met,corpus_principal,principal,corpus_principal_preliminar,superficie amplia o composición visual útil detectada: ['dress'],aceptar,10.0,"clasificación contiene evidencia textil: ['textile', 'textiles'] | material contiene fibras o soporte textil: ['camelid'] | evidencia cultural/geográfica andina: ['peru']",,,,False,parcial,sin_anotar
met,833953,MET-833953,The Metropolitan Museum of Art,Tapestry Tunic,Túnica textil,Wari,,7th–9th century,Peru,,tunica,superficie_amplia,Camelid wool,fibra de camélido; lana,tapiz; tejido,Título oficial: Tapestry Tunic. Cultura registrada: Wari. Fecha del objeto: 7th–9th century. Material registrado: Camelid wool. Clasificación museográfica: Textiles-Woven. Dimensiones: H. 42 11/16 × W. 42 15/16 in. (108.5 × 109 cm).,https://www.metmuseum.org/art/collection/search/833953,https://images.metmuseum.org/CRDImages/ao/original/DP-18736-001.jpg,outputs/samples/met_textiles_aceptados_preliminar/met_textil_833953.jpg,Dominio público / Open Access según metadata de The Met,corpus_principal,principal,corpus_principal_preliminar,"superficie amplia o composición visual útil detectada: ['tunic', 'tapestry']",aceptar,17.0,"clasificación contiene evidencia textil: ['textile', 'textiles'] | nombre de objeto contiene términos textiles: ['tunic'] | material contiene fibras o soporte textil: ['wool', 'camelid'] | título contiene términos textiles: ['tapestry', 'tunic'] | evidencia cultural/geográfica andina: ['peru', 'wari']",,,,False,parcial,sin_anotar
met,316978,MET-316978,The Metropolitan Museum of Art,Four-Cornered Hat,Objeto textil,Tiwanaku or Wari,,500–900 CE,Bolivia or Peru,,sombrero_wari_iconografico,objeto_tridimensional_iconografico,Camelid fiber,fibra de camélido; fibra textil,,Título oficial: Four-Cornered Hat. Cultura registrada: Tiwanaku or Wari. Fecha del objeto: 500–900 CE. Material registrado: Camelid fiber. Clasificación museográfica: Textiles-Costumes. Dimensiones: H. 7 in.  × Circum. 22 3/4 in. (17.8 × 57.8 cm).,https://www.metmuseum.org/art/collection/search/316978,https://images.metmuseum.org/CRDImages/ao/original/DP-29598-001.jpg,outputs/samples/met_textiles_aceptados_preliminar/met_textil_316978.jpg,Dominio público / Open Access según metadata de The Met,corpus_principal,principal,corpus_principal_preliminar,"sombrero/cap Wari-Huari conservado por potencial iconográfico: ['hat', 'four-cornered hat']",aceptar,10.0,"clasificación contiene evidencia textil: ['textile', 'textiles'] | material contiene fibras o soporte textil: ['camelid', 'fiber'] | evidencia cultural/geográfica andina: ['peru', 'wari', 'tiwanaku']",,,,False,parcial,sin_anotar
met,314623,MET-314623,The Metropolitan Museum of Art,Four-Cornered Hat,Objeto textil,Wari,,500–900 CE,Peru,,sombrero_wari_iconografico,objeto_tridimensional_iconografico,Camelid fiber,fibra de camélido; fibra textil,,Título oficial: Four-Cornered Hat. Cultura registrada: Wari. Fecha del objeto: 500–900 CE. Material registrado: Camelid fiber. Clasificación museográfica: Textiles-Costumes. Dimensiones: H. 4 7/8 x W. 6 7/8 in. (12.4 x 17.5 cm).,https://www.metmuseum.org/art/collection/search/314623,https://images.metmuseum.org/CRDImages/ao/original/DP-29604-001.jpg,outputs/samples/met_textiles_aceptados_preliminar/met_textil_314623.jpg,Dominio público / Open Access según metadata de The Met,corpus_principal,principal,corpus_principal_preliminar,"sombrero/cap Wari-Huari conservado por potencial iconográfico: ['hat', 'four-cornered hat']",aceptar,10.0,"clasificación contiene evidencia textil: ['textile', 'textiles'] | material contiene fibras o soporte textil: ['camelid', 'fiber'] | evidencia cultural/geográfica andina: ['peru', 'wari']",,,,False,parcial,sin_anotar
met,308121,MET-308121,The Metropolitan Museum of Art,Four-Cornered Hat,Objeto textil,Wari,,7th–9th century,Peru,,sombrero_wari_iconografico,objeto_tridimensional_iconografico,"Camelid hair, cotton",algodón; fibra de camélido,tejido,"Título oficial: Four-Cornered Hat. Cultura registrada: Wari. Fecha del objeto: 7th–9th century. Material registrado: Camelid hair, cotton. Clasificación museográfica: Textiles-Woven. Dimensiones: H. 7 in. × Circum. 22 1/2 in. (17.8 × 57.2 cm).",https://www.metmuseum.org/art/collection/search/308121,https://images.metmuseum.org/CRDImages/ao/original/DP-29599-001.jpg,outputs/samples/met_textiles_aceptados_preliminar/met_textil_308121.jpg,Dominio público / Open Access según metadata de The Met,corpus_principal,principal,corpus_principal_preliminar,"sombrero/cap Wari-Huari conservado por potencial iconográfico: ['hat', 'four-cornered hat']",aceptar,10.0,"clasificación contiene evidencia textil: ['textile', 'textiles'] | material contiene fibras o soporte textil: ['cotton', 'camelid'] | evidencia cultural/geográfica andina: ['peru', 'wari']",,,,False,parcial,sin_anotar
met,316913,MET-316913,The Metropolitan Museum of Art,Chuspa (coca bag),Bolsa textil,Moche,,650-850 CE,Peru,,bolso_textil,superficie_amplia,"Cotton, camelid hair, and dye",algodón; fibra de camélido,tejido,"Título oficial: Chuspa (coca bag). Cultura registrada: Moche. Fecha del objeto: 650-850 CE. Material registrado: Cotton, camelid hair, and dye. Clasificación museográfica: Textiles-Woven. Dimensiones: H. 5 x W. 6 in. (12.7 x 15.2 cm).",https://www.metmuseum.org/art/collection/search/316913,https://images.metmuseum.org/CRDImages/ao/original/DP-41567-001.jpg,outputs/samples/met_textiles_aceptados_preliminar/met_textil_316913.jpg,Dominio público / Open Access según metadata de The Met,corpus_principal,principal,corpus_principal_preliminar,superficie amplia o composición visual útil detectada: ['bag'],aceptar,17.0,"clasificación contiene evidencia textil: ['textile', 'textiles'] | nombre de objeto contiene términos textiles: ['bag'] | material contiene fibras o soporte textil: ['cotton', 'camelid'] | título contiene términos textiles: ['bag'] | evidencia cultural/geográfica andina: ['peru', 'moche']",,,,False,parcial,sin_anotar
met,308024,MET-308024,The Metropolitan Museum of Art,Embroidered bag with fringe,Bolsa textil,Nasca,,7th century,Peru,,bolso_textil,superficie_amplia,Camelid hair,fibra de camélido,bordado; tejido,Título oficial: Embroidered bag with fringe. Cultura registrada: Nasca. Fecha del objeto: 7th century. Material registrado: Camelid hair. Clasificación museográfica: Textiles-Woven. Dimensiones: W. 8 3/8 × L. 16 1/2 in. (21.26 × 41.91 cm).,https://www.metmuseum.org/art/collection/search/308024,https://images.metmuseum.org/CRDImages/ao/original/DP-26535-001.jpg,outputs/samples/met_textiles_aceptados_preliminar/met_textil_308024.jpg,Dominio público / Open Access según metadata de The Met,corpus_principal,principal,corpus_principal_preliminar,superficie amplia o composición visual útil detectada: ['bag'],aceptar,17.0,"clasificación contiene evidencia textil: ['textile', 'textiles'] | nombre de objeto contiene términos textiles: ['bag'] | material contiene fibras o soporte textil: ['camelid'] | título contiene términos textiles: ['embroidered', 'bag'] | evidencia cultural/geográfica andina: ['peru', 'nasca']",,,,True,parcial,sin_anotar
met,308022,MET-308022,The Metropolitan Museum of Art,Embroidered bag with fringe,Bolsa textil,Nasca,,7th century,Peru,,bolso_textil,superficie_amplia,Camelid hair,fibra de camélido,bordado; tejido,Título oficial: Embroidered bag with fringe. Cultura registrada: Nasca. Fecha del objeto: 7th century. Material registrado: Camelid hair. Clasificación museográfica: Textiles-Woven. Dimensiones: W. 7 1/4 x D.12 1/2 in. (18.42 x 31.75 cm).,https://www.metmuseum.org/art/collection/search/308022,https://images.metmuseum.org/CRDImages/ao/original/DP-26534-001.jpg,outputs/samples/met_textiles_aceptados_preliminar/met_textil_308022.jpg,Dominio público / Open Access según metadata de The Met,corpus_principal,principal,corpus_principal_preliminar,superficie amplia o composición visual útil detectada: ['bag'],aceptar,17.0,"clasificación contiene evidencia textil: ['textile', 'textiles'] | nombre de objeto contiene términos textiles: ['bag'] | material contiene fibras o soporte textil: ['camelid'] | título contiene términos textiles: ['embroidered', 'bag'] | evidencia cultural/geográfica andina: ['peru', 'nasca']",,,,True,parcial,sin_anotar
met,315700,MET-315700,The Metropolitan Museum of Art,Embroidered bag with fringe,Bolsa textil,Nasca,,7th century,Peru,,bolso_textil,superficie_amplia,Camelid hair,fibra de camélido,bordado; tejido,Título oficial: Embroidered bag with fringe. Cultura registrada: Nasca. Fecha del objeto: 7th century. Material registrado: Camelid hair. Clasificación museográfica: Textiles-Woven. Dimensiones: W. 6 in. × D. 14 1/4 in. (15.2 × 36.2 cm).,https://www.metmuseum.org/art/collection/search/315700,https://images.metmuseum.org/CRDImages/ao/original/DP-26541-001.jpg,outputs/samples/met_textiles_aceptados_preliminar/met_textil_315700.jpg,Dominio público / Open Access según metadata de The Met,corpus_principal,principal,corpus_principal_preliminar,superficie amplia o composición visual útil detectada: ['bag'],aceptar,17.0,"clasificación contiene evidencia textil: ['textile', 'textiles'] | nombre de objeto contiene términos textiles: ['bag'] | material contiene fibras o soporte textil: ['camelid'] | título contiene términos textiles: ['embroidered', 'bag'] | evidencia cultural/geográfica andina: ['peru', 'nasca']",,,,True,parcial,sin_anotar
met,316892,MET-316892,The Metropolitan Museum of Art,Woman's Mantle (lliclla),Manto textil,Peruvian,,17th–18th century,Peru,,manto,superficie_amplia,Camelid hair,fibra de camélido,tejido,Título oficial: Woman's Mantle (lliclla). Cultura registrada: Peruvian. Fecha del objeto: 17th–18th century. Material registrado: Camelid hair. Clasificación museográfica: Textiles-Woven. Dimensiones: H. 35 1/2 x W. 43 3/8 in. (90.2 x 110.2 cm).,https://www.metmuseum.org/art/collection/search/316892,https://images.metmuseum.org/CRDImages/ao/original/DT3832rev.jpg,outputs/samples/met_textiles_aceptados_preliminar/met_textil_316892.jpg,Dominio público / Open Access según metadata de The Met,corpus_principal,principal,corpus_principal_preliminar,superficie amplia o composición visual útil detectada: ['mantle'],aceptar,17.0,"clasificación contiene evidencia textil: ['textile', 'textiles'] | nombre de objeto contiene términos textiles: ['mantle'] | material contiene fibras o soporte textil: ['camelid'] | título contiene términos textiles: ['mantle'] | evidencia cultural/geográfica andina: ['peru', 'peruvian']",,,,False,parcial,sin_anotar
met,315786,MET-315786,The Metropolitan Museum of Art,Shirt,Objeto textil,Moche,,500–850 CE,Peru; Huarmey Valley(?),,tunica,superficie_amplia,"Camelid hair, cotton",algodón; fibra de camélido,tejido,"Título oficial: Shirt. Cultura registrada: Moche. Fecha del objeto: 500–850 CE. Material registrado: Camelid hair, cotton. Clasificación museográfica: Textiles-Woven. Dimensiones: H. 34 1/4 x W. 58 in. (87 x 147.3 cm).",https://www.metmuseum.org/art/collection/search/315786,https://images.metmuseum.org/CRDImages/ao/original/DT1269.jpg,outputs/samples/met_textiles_aceptados_preliminar/met_textil_315786.jpg,Dominio público / Open Access según metadata de The Met,corpus_principal,principal,corpus_principal_preliminar,superficie amplia o composición visual útil detectada: ['shirt'],aceptar,17.0,"clasificación contiene evidencia textil: ['textile', 'textiles'] | nombre de objeto contiene términos textiles: ['shirt'] | material contiene fibras o soporte textil: ['cotton', 'camelid'] | título contiene términos textiles: ['shirt'] | evidencia cultural/geográfica andina: ['peru', 'moche']",,,,False,parcial,sin_anotar
met,307836,MET-307836,The Metropolitan Museum of Art,Bag,Bolsa textil,Peruvian,,19th century,Peru,,bolso_textil,superficie_amplia,Camelid hair,fibra de camélido,tejido,"Título oficial: Bag. Cultura registrada: Peruvian. Fecha del objeto: 19th century. Material registrado: Camelid hair. Clasificación museográfica: Textiles-Woven. Dimensiones: Overall: 4 1/2 x 10 5/8 in. (11.43 x 26.99 cm)
Other: 4 1/2 in. (11.43 cm).",https://www.metmuseum.org/art/collection/search/307836,https://images.metmuseum.org/CRDImages/ao/original/DP101287.jpg,outputs/samples/met_textiles_aceptados_preliminar/met_textil_307836.jpg,Dominio público / Open Access según metadata de The Met,corpus_principal,principal,corpus_principal_preliminar,superficie amplia o composición visual útil detectada: ['bag'],aceptar,17.0,"clasificación contiene evidencia textil: ['textile', 'textiles'] | nombre de objeto contiene términos textiles: ['bag'] | material contiene fibras o soporte textil: ['camelid'] | título contiene términos textiles: ['bag'] | evidencia cultural/geográfica andina: ['peru', 'peruvian']",,,,True,parcial,sin_anotar
met,307842,MET-307842,The Metropolitan Museum of Art,Bag,Bolsa textil,Peruvian,,10th–15th century,Peru,,bolso_textil,superficie_amplia,Camelid hair,fibra de camélido,tejido,"Título oficial: Bag. Cultura registrada: Peruvian. Fecha del objeto: 10th–15th century. Material registrado: Camelid hair. Clasificación museográfica: Textiles-Woven. Dimensiones: Overall: 4 1/8 x 10 1/8 in. (10.46 x 25.72 cm)
Other: 4 1/8 in. (10.46 cm).",https://www.metmuseum.org/art/collection/search/307842,https://images.metmuseum.org/CRDImages/ao/original/DP18689.jpg,outputs/samples/met_textiles_aceptados_preliminar/met_textil_307842.jpg,Dominio público / Open Access según metadata de The Met,corpus_principal,principal,corpus_principal_preliminar,superficie amplia o composición visual útil detectada: ['bag'],aceptar,17.0,"clasificación contiene evidencia textil: ['textile', 'textiles'] | nombre de objeto contiene términos textiles: ['bag'] | material contiene fibras o soporte textil: ['camelid'] | título contiene términos textiles: ['bag'] | evidencia cultural/geográfica andina: ['peru', 'peruvian']",,,,True,parcial,sin_anotar
met,320804,MET-320804,The Metropolitan Museum of Art,Hanging (?) Fragment,Fragmento textil,Peruvian,,late 16th–17th century,Peru,,tapiz_textil,superficie_amplia,"Camelid hair, cotton",algodón; fibra de camélido,tejido,"Título oficial: Hanging (?) Fragment. Cultura registrada: Peruvian. Fecha del objeto: late 16th–17th century. Material registrado: Camelid hair, cotton. Clasificación museográfica: Textiles-Woven. Dimensiones: H. 48 x W. 23 in. (121.9 x 58.4 cm).",https://www.metmuseum.org/art/collection/search/320804,https://images.metmuseum.org/CRDImages/ao/original/TR.489.2010_a.jpg,outputs/samples/met_textiles_aceptados_preliminar/met_textil_320804.jpg,Dominio público / Open Access según metadata de The Met,corpus_principal,principal,corpus_principal_preliminar,"superficie amplia o composición visual útil detectada: ['hanging', 'tapestry']",aceptar,15.0,"clasificación contiene evidencia textil: ['textile', 'textiles'] | nombre de objeto contiene términos textiles: ['tapestry'] | material contiene fibras o soporte textil: ['cotton', 'camelid'] | título contiene términos débiles asociados a fragmentos o paneles: ['fragment'] | evidencia cultural/geográfica andina: ['peru', 'peruvian']",,,,False,parcial,sin_anotar
met,316906,MET-316906,The Metropolitan Museum of Art,Tunic Fragment,Túnica textil,Peruvian,,7th–10th century,Peru,,tunica,superficie_amplia,"Cotton, camelid hair",algodón; fibra de camélido,tejido,"Título oficial: Tunic Fragment. Cultura registrada: Peruvian. Fecha del objeto: 7th–10th century. Material registrado: Cotton, camelid hair. Clasificación museográfica: Textiles-Woven. Dimensiones: Height 45-1/2 in..",https://www.metmuseum.org/art/collection/search/316906,https://images.metmuseum.org/CRDImages/ao/original/1994.35.81.jpg,outputs/samples/met_textiles_aceptados_preliminar/met_textil_316906.jpg,Dominio público / Open Access según metadata de The Met,corpus_principal,principal,corpus_principal_preliminar,superficie amplia o composición visual útil detectada: ['tunic'],aceptar,18.0,"clasificación contiene evidencia textil: ['textile', 'textiles'] | nombre de objeto contiene términos textiles: ['tunic'] | material contiene fibras o soporte textil: ['cotton', 'camelid'] | título contiene términos textiles: ['tunic'] | título contiene términos débiles asociados a fragmentos o paneles: ['fragment'] | evidencia cultural/geográfica andina: ['peru', 'peruvian']",,,,False,parcial,sin_anotar
met,308120,MET-308120,The Metropolitan Museum of Art,Tunic,Túnica textil,Inca,,1460–1540,Peru,,tunica,superficie_amplia,"Camelid hair, cotton",algodón; fibra de camélido,tejido,"Título oficial: Tunic. Cultura registrada: Inca. Fecha del objeto: 1460–1540. Material registrado: Camelid hair, cotton. Clasificación museográfica: Textiles-Woven. Dimensiones: W. 29 3/4 in. × H. 37 in. (75.6 × 94 cm).",https://www.metmuseum.org/art/collection/search/308120,https://images.metmuseum.org/CRDImages/ao/original/DP-26536-001.jpg,outputs/samples/met_textiles_aceptados_preliminar/met_textil_308120.jpg,Dominio público / Open Access según metadata de The Met,corpus_principal,principal,corpus_principal_preliminar,superficie amplia o composición visual útil detectada: ['tunic'],aceptar,17.0,"clasificación contiene evidencia textil: ['textile', 'textiles'] | nombre de objeto contiene términos textiles: ['tunic'] | material contiene fibras o soporte textil: ['cotton', 'camelid'] | título contiene términos textiles: ['tunic'] | evidencia cultural/geográfica andina: ['peru', 'inca']",,,,False,parcial,sin_anotar
met,307449,MET-307449,The Metropolitan Museum of Art,Bag,Bolsa textil,Inca,,15th–16th century,Peru,,bolso_textil,superficie_amplia,Cotton,algodón,tejido,Título oficial: Bag. Cultura registrada: Inca. Fecha del objeto: 15th–16th century. Material registrado: Cotton. Clasificación museográfica: Textiles-Woven. Dimensiones: H. 25 in. × W. 23 1/2 in. (63.5 × 59.7 cm).,https://www.metmuseum.org/art/collection/search/307449,https://images.metmuseum.org/CRDImages/ao/original/50407.jpg,outputs/samples/met_textiles_aceptados_preliminar/met_textil_307449.jpg,Dominio público / Open Access según metadata de The Met,corpus_principal,principal,corpus_principal_preliminar,superficie amplia o composición visual útil detectada: ['bag'],aceptar,17.0,"clasificación contiene evidencia textil: ['textile', 'textiles'] | nombre de objeto contiene términos textiles: ['bag'] | material contiene fibras o soporte textil: ['cotton'] | título contiene términos textiles: ['bag'] | evidencia cultural/geográfica andina: ['peru', 'inca']",,,,False,parcial,sin_anotar
met,319524,MET-319524,The Metropolitan Museum of Art,Fragmentary Woman's Dress,Fragmento textil,Inca,,15th–early 16th century,Peru,,vestimenta_textil,superficie_amplia,Camelid fiber,fibra de camélido; fibra textil,tejido,Título oficial: Fragmentary Woman's Dress. Cultura registrada: Inca. Fecha del objeto: 15th–early 16th century. Material registrado: Camelid fiber. Clasificación museográfica: Textiles-Woven. Dimensiones: H. 47 1/2  x  W. 33 in. (120.7 x 83.8 cm).,https://www.metmuseum.org/art/collection/search/319524,https://images.metmuseum.org/CRDImages/ao/original/2004.406_detail.jpg,outputs/samples/met_textiles_aceptados_preliminar/met_textil_319524.jpg,Dominio público / Open Access según metadata de The Met,corpus_principal,principal,corpus_principal_preliminar,superficie amplia o composición visual útil detectada: ['dress'],aceptar,11.0,"clasificación contiene evidencia textil: ['textile', 'textiles'] | material contiene fibras o soporte textil: ['camelid', 'fiber'] | título contiene términos débiles asociados a fragmentos o paneles: ['fragment'] | evidencia cultural/geográfica andina: ['peru', 'inca']",,,,False,parcial,sin_anotar
met,308083,MET-308083,The Metropolitan Museum of Art,Tapestry Fragment,Fragmento textil,Inca (?),,15th–16th century,Peru,,tapiz_textil,superficie_amplia,Camelid hair,fibra de camélido,tapiz; tejido,"Título oficial: Tapestry Fragment. Cultura registrada: Inca (?). Fecha del objeto: 15th–16th century. Material registrado: Camelid hair. Clasificación museográfica: Textiles-Woven. Dimensiones: Overall: 11 1/2 x 15 1/4 in. (29.21 x 38.74 cm)
Other: 11 1/2 in. (29.21 cm).",https://www.metmuseum.org/art/collection/search/308083,https://images.metmuseum.org/CRDImages/ao/original/DP101353.jpg,outputs/samples/met_textiles_aceptados_preliminar/met_textil_308083.jpg,Dominio público / Open Access según metadata de The Met,corpus_principal,principal,corpus_principal_preliminar,superficie amplia o composición visual útil detectada: ['tapestry'],aceptar,18.0,"clasificación contiene evidencia textil: ['textile', 'textiles'] | nombre de objeto contiene términos textiles: ['textile'] | material contiene fibras o soporte textil: ['camelid'] | título contiene términos textiles: ['tapestry'] | título contiene términos débiles asociados a fragmentos o paneles: ['fragment'] | evidencia cultural/geográfica andina: ['peru', 'inca']",,,,False,parcial,sin_anotar
met,307846,MET-307846,The Metropolitan Museum of Art,Panel with Birds,Panel textil,Inca,,15th–16th century,Peru,,panel_textil,superficie_amplia,Camelid hair,fibra de camélido,tejido,"Título oficial: Panel with Birds. Cultura registrada: Inca. Fecha del objeto: 15th–16th century. Material registrado: Camelid hair. Clasificación museográfica: Textiles-Woven. Dimensiones: Overall: 16 1/2 x 37 in. (41.91 x 93.98 cm)
Other: 16 1/2 in. (41.91 cm).",https://www.metmuseum.org/art/collection/search/307846,https://images.metmuseum.org/CRDImages/ao/original/88392.jpg,outputs/samples/met_textiles_aceptados_preliminar/met_textil_307846.jpg,Dominio público / Open Access según metadata de The Met,corpus_principal,principal,corpus_principal_preliminar,superficie amplia o composición visual útil detectada: ['panel'],aceptar,11.0,"clasificación contiene evidencia textil: ['textile', 'textiles'] | material contiene fibras o soporte textil: ['camelid'] | título contiene términos débiles asociados a fragmentos o paneles: ['panel'] | evidencia cultural/geográfica andina: ['peru', 'inca']",,,,False,parcial,sin_anotar
met,319574,MET-319574,The Metropolitan Museum of Art,Tunic,Túnica textil,Inca,,1400–1530,Peru,,tunica,superficie_amplia,Camelid fiber,fibra de camélido; fibra textil,tejido,Título oficial: Tunic. Cultura registrada: Inca. Fecha del objeto: 1400–1530. Material registrado: Camelid fiber. Clasificación museográfica: Textiles-Woven. Dimensiones: H. 33 x  W. 30 in. (83.8 x 76.2 cm).,https://www.metmuseum.org/art/collection/search/319574,https://images.metmuseum.org/CRDImages/ao/original/DP120795.jpg,outputs/samples/met_textiles_aceptados_preliminar/met_textil_319574.jpg,Dominio público / Open Access según metadata de The Met,corpus_principal,principal,corpus_principal_preliminar,superficie amplia o composición visual útil detectada: ['tunic'],aceptar,17.0,"clasificación contiene evidencia textil: ['textile', 'textiles'] | nombre de objeto contiene términos textiles: ['tunic'] | material contiene fibras o soporte textil: ['camelid', 'fiber'] | título contiene términos textiles: ['tunic'] | evidencia cultural/geográfica andina: ['peru', 'inca']",,,,True,parcial,sin_anotar
met,313152,MET-313152,The Metropolitan Museum of Art,Tunic,Túnica textil,Inca,,1450–1550,Peru,,tunica,superficie_amplia,Camelid hair,fibra de camélido,tejido,Título oficial: Tunic. Cultura registrada: Inca. Fecha del objeto: 1450–1550. Material registrado: Camelid hair. Clasificación museográfica: Textiles-Woven. Dimensiones: H. 22 x W. 34 in. (55.9 x 86.4 cm).,https://www.metmuseum.org/art/collection/search/313152,https://images.metmuseum.org/CRDImages/ao/original/DP244273.jpg,outputs/samples/met_textiles_aceptados_preliminar/met_textil_313152.jpg,Dominio público / Open Access según metadata de The Met,corpus_principal,principal,corpus_principal_preliminar,superficie amplia o composición visual útil detectada: ['tunic'],aceptar,17.0,"clasificación contiene evidencia textil: ['textile', 'textiles'] | nombre de objeto contiene términos textiles: ['tunic'] | material contiene fibras o soporte textil: ['camelid'] | título contiene términos textiles: ['tunic'] | evidencia cultural/geográfica andina: ['peru', 'inca']",,,,False,parcial,sin_anotar
met,307941,MET-307941,The Metropolitan Museum of Art,Bag Tassel,Bolsa textil,Inca,,15th–16th century,Peru,,bolso_textil,superficie_amplia,"Camelid hair, cotton",algodón; fibra de camélido,tejido,"Título oficial: Bag Tassel. Cultura registrada: Inca. Fecha del objeto: 15th–16th century. Material registrado: Camelid hair, cotton. Clasificación museográfica: Textiles-Woven. Dimensiones: Overall: 8 x 15 3/4 in. (20.32 x 40.01 cm)
Other: 8 in. (20.32 cm).",https://www.metmuseum.org/art/collection/search/307941,"https://images.metmuseum.org/CRDImages/ao/original/DP18687_28.171.4,1.jpg",outputs/samples/met_textiles_aceptados_preliminar/met_textil_307941.jpg,Dominio público / Open Access según metadata de The Met,corpus_principal,principal,corpus_principal_preliminar,superficie amplia o composición visual útil detectada: ['bag'],aceptar,17.0,"clasificación contiene evidencia textil: ['textile', 'textiles'] | nombre de objeto contiene términos textiles: ['bag'] | material contiene fibras o soporte textil: ['cotton', 'camelid'] | título contiene términos textiles: ['bag'] | evidencia cultural/geográfica andina: ['peru', 'inca']",,,,False,parcial,sin_anotar
met,308079,MET-308079,The Metropolitan Museum of Art,Tapestry Panel with Stars,Panel textil,Inca,,15th–16th century,Peru,,panel_textil,superficie_amplia,"Camelid hair, cotton",algodón; fibra de camélido,tapiz; tejido,"Título oficial: Tapestry Panel with Stars. Cultura registrada: Inca. Fecha del objeto: 15th–16th century. Material registrado: Camelid hair, cotton. Clasificación museográfica: Textiles-Woven. Dimensiones: Overall: 6 3/4 x 9 3/4 in. (17.15 x 24.77 cm)
Other: 6 3/4 in. (17.15 cm).",https://www.metmuseum.org/art/collection/search/308079,https://images.metmuseum.org/CRDImages/ao/original/DP18702_33.149.44.jpg,outputs/samples/met_textiles_aceptados_preliminar/met_textil_308079.jpg,Dominio público / Open Access según metadata de The Met,corpus_principal,principal,corpus_principal_preliminar,"superficie amplia o composición visual útil detectada: ['panel', 'tapestry']",aceptar,14.0,"clasificación contiene evidencia textil: ['textile', 'textiles'] | material contiene fibras o soporte textil: ['cotton', 'camelid'] | título contiene términos textiles: ['tapestry'] | título contiene términos débiles asociados a fragmentos o paneles: ['panel'] | evidencia cultural/geográfica andina: ['peru', 'inca']",,,,False,parcial,sin_anotar
met,316939,MET-316939,The Metropolitan Museum of Art,Miniature Tunic,Túnica textil,Inca,,14th–early 16th century,Peru,,tunica,superficie_amplia,"Cotton, camelid hair",algodón; fibra de camélido,tejido,"Título oficial: Miniature Tunic. Cultura registrada: Inca. Fecha del objeto: 14th–early 16th century. Material registrado: Cotton, camelid hair. Clasificación museográfica: Textiles-Woven. Dimensiones: Height 4-1/2 in..",https://www.metmuseum.org/art/collection/search/316939,https://images.metmuseum.org/CRDImages/ao/original/DP-13440-003.jpg,outputs/samples/met_textiles_aceptados_preliminar/met_textil_316939.jpg,Dominio público / Open Access según metadata de The Met,corpus_principal,principal,corpus_principal_preliminar,superficie amplia o composición visual útil detectada: ['tunic'],aceptar,17.0,"clasificación contiene evidencia textil: ['textile', 'textiles'] | nombre de objeto contiene términos textiles: ['tunic'] | material contiene fibras o soporte textil: ['cotton', 'camelid'] | título contiene términos textiles: ['tunic'] | evidencia cultural/geográfica andina: ['peru', 'inca']",,,,False,parcial,sin_anotar
met,315690,MET-315690,The Metropolitan Museum of Art,Bag,Bolsa textil,Inca,,15th–16th century,Peru,,bolso_textil,superficie_amplia,"Camelid hair, cotton",algodón; fibra de camélido,tejido,"Título oficial: Bag. Cultura registrada: Inca. Fecha del objeto: 15th–16th century. Material registrado: Camelid hair, cotton. Clasificación museográfica: Textiles-Woven. Dimensiones: W. 8-1/4 in..",https://www.metmuseum.org/art/collection/search/315690,https://images.metmuseum.org/CRDImages/ao/original/DP18706_1987.394.642.jpg,outputs/samples/met_textiles_aceptados_preliminar/met_textil_315690.jpg,Dominio público / Open Access según metadata de The Met,corpus_principal,principal,corpus_principal_preliminar,superficie amplia o composición visual útil detectada: ['bag'],aceptar,17.0,"clasificación contiene evidencia textil: ['textile', 'textiles'] | nombre de objeto contiene términos textiles: ['bag'] | material contiene fibras o soporte textil: ['cotton', 'camelid'] | título contiene términos textiles: ['bag'] | evidencia cultural/geográfica andina: ['peru', 'inca']",,,,False,parcial,sin_anotar
met,308078,MET-308078,The Metropolitan Museum of Art,"Border fragment, figures with staves",,Paracas,,,,Textiles-Woven,,,Camelid hair,,,,https://www.metmuseum.org/art/collection/search/308078,https://images.metmuseum.org/CRDImages/ao/original/DP-27315-001.jpg,,Dominio público / Open Access según metadata de The Met,corpus_principal,principal,auditoria_aceptados_no_piloto,fragmento_textil_util,,,,pasar_a_corpus_principal,fragmento_textil_util,,,,
met,316910,MET-316910,The Metropolitan Museum of Art,Sash Fragment,,Peruvian,,,,Textiles-Woven,,,Cotton,,,,https://www.metmuseum.org/art/collection/search/316910,"https://images.metmuseum.org/CRDImages/ao/original/DP18680_1994.35.85,2.jpg",,Dominio público / Open Access según metadata de The Met,corpus_principal,principal,auditoria_aceptados_no_piloto,fragmento_textil_util,,,,pasar_a_corpus_principal,fragmento_textil_util,,,,
met,316916,MET-316916,The Metropolitan Museum of Art,Sash Fragments,,Peruvian,,,,Textiles-Woven,,,Cotton,,,,https://www.metmuseum.org/art/collection/search/316916,https://images.metmuseum.org/CRDImages/ao/original/DP18678_1994.35.91.jpg,,Dominio público / Open Access según metadata de The Met,corpus_principal,principal,auditoria_aceptados_no_piloto,fragmento_textil_util,,,,pasar_a_corpus_principal,fragmento_textil_util,,,,
met,316915,MET-316915,The Metropolitan Museum of Art,Sash Fragments,,Peruvian,,,,Textiles-Woven,,,Cotton,,,,https://www.metmuseum.org/art/collection/search/316915,"https://images.metmuseum.org/CRDImages/ao/original/DP18677_1994.35.90A,B.jpg",,Dominio público / Open Access según metadata de The Met,corpus_principal,principal,auditoria_aceptados_no_piloto,fragmento_textil_util,,,,pasar_a_corpus_principal,fragmento_textil_util,,,,
met,308084,MET-308084,The Metropolitan Museum of Art,Tapestry Border Fragment,,Peruvian,,,,Textiles-Woven,,,Camelid hair,,,,https://www.metmuseum.org/art/collection/search/308084,https://images.metmuseum.org/CRDImages/ao/original/97502.jpg,,Dominio público / Open Access según metadata de The Met,corpus_principal,principal,auditoria_aceptados_no_piloto,fragmento_textil_util,,,,pasar_a_corpus_principal,fragmento_textil_util,,,,
met,316894,MET-316894,The Metropolitan Museum of Art,Sash Fragment with Fringe,,Peruvian,,,,Textiles-Woven,,,Camelid hair,,,,https://www.metmuseum.org/art/collection/search/316894,https://images.metmuseum.org/CRDImages/ao/original/DP18602.jpg,,Dominio público / Open Access según metadata de The Met,corpus_principal,principal,auditoria_aceptados_no_piloto,fragmento_textil_util,,,,pasar_a_corpus_principal,fragmento_textil_util,,,,
met,316945,MET-316945,The Metropolitan Museum of Art,Border Fragment,,Paracas,,,,Textiles-Woven,,,"Cotton, camelid hair",,,,https://www.metmuseum.org/art/collection/search/316945,https://images.metmuseum.org/CRDImages/ao/original/DP-28474-001.jpg,,Dominio público / Open Access según metadata de The Met,corpus_principal,principal,auditoria_aceptados_no_piloto,fragmento_textil_util,,,,pasar_a_corpus_principal,fragmento_textil_util,,,,
met,314528,MET-314528,The Metropolitan Museum of Art,Tunic with Diamond Band,,Inca,,,,Textiles-Woven,,,"Camelid hair, cotton",,,,https://www.metmuseum.org/art/collection/search/314528,https://images.metmuseum.org/CRDImages/ao/original/DP107698.jpg,,Dominio público / Open Access según metadata de The Met,corpus_principal,principal,auditoria_aceptados_no_piloto,superficie_textil_util,,,,pasar_a_corpus_principal,superficie_textil_util,,,,
met,315708,MET-315708,The Metropolitan Museum of Art,Band Fragment,,Inca,,,,Textiles-Woven,,,"Cotton, camelid hair",,,,https://www.metmuseum.org/art/collection/search/315708,https://images.metmuseum.org/CRDImages/ao/original/DP18703.jpg,,Dominio público / Open Access según metadata de The Met,corpus_principal,principal,auditoria_aceptados_no_piloto,fragmento_textil_util,,,,pasar_a_corpus_principal,fragmento_textil_util,,,,
met,313324,MET-313324,The Metropolitan Museum of Art,Sleeveless Tunic,,Inca,,,,Textiles-Woven,,,"Cotton, camelid hair",,,,https://www.metmuseum.org/art/collection/search/313324,https://images.metmuseum.org/CRDImages/ao/original/1979.206.1131_a.jpg,,Dominio público / Open Access según metadata de The Met,corpus_principal,principal,auditoria_aceptados_no_piloto,superficie_textil_util,,,,pasar_a_corpus_principal,superficie_textil_util,,,,
met,308046,MET-308046,The Metropolitan Museum of Art,Embroidered Border Fragment,,Paracas,,,,Textiles-Velvets,,,Camelid hair,,,,https://www.metmuseum.org/art/collection/search/308046,https://images.metmuseum.org/CRDImages/ao/original/DP18569.jpg,,Dominio público / Open Access según metadata de The Met,corpus_principal,principal,auditoria_aceptados_no_piloto,fragmento_textil_util,,,,pasar_a_corpus_principal,fragmento_textil_util,,,,
met,310511,MET-310511,The Metropolitan Museum of Art,Mantle Fragment,,Paracas,,,,Textiles-Woven,,,"Cotton, pigment",,,,https://www.metmuseum.org/art/collection/search/310511,https://images.metmuseum.org/CRDImages/ao/original/SC207345.jpg,,Dominio público / Open Access según metadata de The Met,corpus_principal,principal,auditoria_aceptados_no_piloto,superficie_textil_util,,,,pasar_a_corpus_principal,superficie_textil_util,,,,
met,307853,MET-307853,The Metropolitan Museum of Art,Embroidered Fragment,,Paracas,,,,Textiles-Woven,,,Camelid hair,,,,https://www.metmuseum.org/art/collection/search/307853,https://images.metmuseum.org/CRDImages/ao/original/DP18565.jpg,,Dominio público / Open Access según metadata de The Met,corpus_principal,principal,auditoria_aceptados_no_piloto,fragmento_textil_util,,,,pasar_a_corpus_principal,fragmento_textil_util,,,,
met,308056,MET-308056,The Metropolitan Museum of Art,Embroidered Fragment,,Paracas,,,,Textiles-Woven,,,Camelid hair,,,,https://www.metmuseum.org/art/collection/search/308056,https://images.metmuseum.org/CRDImages/ao/original/DP18567.jpg,,Dominio público / Open Access según metadata de The Met,corpus_principal,principal,auditoria_aceptados_no_piloto,fragmento_textil_util,,,,pasar_a_corpus_principal,fragmento_textil_util,,,,
met,308106,MET-308106,The Metropolitan Museum of Art,Embroidered Fragment,,Paracas,,,,Textiles-Woven,,,Camelid hair,,,,https://www.metmuseum.org/art/collection/search/308106,https://images.metmuseum.org/CRDImages/ao/original/33.149.1-67-70-76.jpg,,Dominio público / Open Access según metadata de The Met,corpus_principal,principal,auditoria_aceptados_no_piloto,fragmento_textil_util,,,,pasar_a_corpus_principal,fragmento_textil_util,,,,
met,308100,MET-308100,The Metropolitan Museum of Art,Embroidered Fragment,,Paracas,,,,Textiles-Woven,,,Camelid hair,,,,https://www.metmuseum.org/art/collection/search/308100,https://images.metmuseum.org/CRDImages/ao/original/DP18575_33.149.70.jpg,,Dominio público / Open Access según metadata de The Met,corpus_principal,principal,auditoria_aceptados_no_piloto,fragmento_textil_util,,,,pasar_a_corpus_principal,fragmento_textil_util,,,,
met,307682,MET-307682,The Metropolitan Museum of Art,Embroidered Border Fragment,,Paracas,,,,Textiles-Woven,,,Camelid hair,,,,https://www.metmuseum.org/art/collection/search/307682,https://images.metmuseum.org/CRDImages/ao/original/DP170923.jpg,,Dominio público / Open Access según metadata de The Met,corpus_principal,principal,auditoria_aceptados_no_piloto,fragmento_textil_util,,,,pasar_a_corpus_principal,fragmento_textil_util,,,,
met,308057,MET-308057,The Metropolitan Museum of Art,Embroidered Fragment with Figures,,Paracas,,,,Textiles-Woven,,,Camelid hair,,,,https://www.metmuseum.org/art/collection/search/308057,https://images.metmuseum.org/CRDImages/ao/original/DP18568.jpg,,Dominio público / Open Access según metadata de The Met,corpus_principal,principal,auditoria_aceptados_no_piloto,fragmento_textil_util,,,,pasar_a_corpus_principal,fragmento_textil_util,,,,
met,308113,MET-308113,The Metropolitan Museum of Art,Embroidered Fragment with Figure,,Paracas,,,,Textiles-Woven,,,Camelid hair,,,,https://www.metmuseum.org/art/collection/search/308113,https://images.metmuseum.org/CRDImages/ao/original/DP18528.jpg,,Dominio público / Open Access según metadata de The Met,corpus_principal,principal,auditoria_aceptados_no_piloto,fragmento_textil_util,,,,pasar_a_corpus_principal,fragmento_textil_util,,,,
met,308048,MET-308048,The Metropolitan Museum of Art,Embroidered Fragment with Figures,,Paracas,,,,Textiles-Woven,,,Camelid hair,,,,https://www.metmuseum.org/art/collection/search/308048,https://images.metmuseum.org/CRDImages/ao/original/DP18558.jpg,,Dominio público / Open Access según metadata de The Met,corpus_principal,principal,auditoria_aceptados_no_piloto,fragmento_textil_util,,,,pasar_a_corpus_principal,fragmento_textil_util,,,,
met,307852,MET-307852,The Metropolitan Museum of Art,Embroidered Mantle Fragment,,Paracas,,,,Textiles-Woven,,,Camelid hair,,,,https://www.metmuseum.org/art/collection/search/307852,https://images.metmuseum.org/CRDImages/ao/original/DP18481.jpg,,Dominio público / Open Access según metadata de The Met,corpus_principal,principal,auditoria_aceptados_no_piloto,superficie_textil_util,,,,pasar_a_corpus_principal,superficie_textil_util,,,,
met,308034,MET-308034,The Metropolitan Museum of Art,Embroidered Mantle Fragment,,Paracas,,,,Textiles-Woven,,,Camelid hair,,,,https://www.metmuseum.org/art/collection/search/308034,https://images.metmuseum.org/CRDImages/ao/original/DP18571.jpg,,Dominio público / Open Access según metadata de The Met,corpus_principal,principal,auditoria_aceptados_no_piloto,superficie_textil_util,,,,pasar_a_corpus_principal,superficie_textil_util,,,,
met,307679,MET-307679,The Metropolitan Museum of Art,Embroidered Mantle Fragment,,Paracas,,,,Textiles-Woven,,,Camelid hair,,,,https://www.metmuseum.org/art/collection/search/307679,https://images.metmuseum.org/CRDImages/ao/original/DP18487.jpg,,Dominio público / Open Access según metadata de The Met,corpus_principal,principal,auditoria_aceptados_no_piloto,superficie_textil_util,,,,pasar_a_corpus_principal,superficie_textil_util,,,,
met,307851,MET-307851,The Metropolitan Museum of Art,Embroidered Mantle Fragment,,Paracas,,,,Textiles-Woven,,,Camelid hair,,,,https://www.metmuseum.org/art/collection/search/307851,https://images.metmuseum.org/CRDImages/ao/original/DP18456.jpg,,Dominio público / Open Access según metadata de The Met,corpus_principal,principal,auditoria_aceptados_no_piloto,superficie_textil_util,,,,pasar_a_corpus_principal,superficie_textil_util,,,,
met,308036,MET-308036,The Metropolitan Museum of Art,Embroidered Mantle Fragment,,Paracas,,,,Textiles-Woven,,,Camelid hair,,,,https://www.metmuseum.org/art/collection/search/308036,https://images.metmuseum.org/CRDImages/ao/original/33.149.1-67-70-76.jpg,,Dominio público / Open Access según metadata de The Met,corpus_principal,principal,auditoria_aceptados_no_piloto,superficie_textil_util,,,,pasar_a_corpus_principal,superficie_textil_util,,,,
met,307677,MET-307677,The Metropolitan Museum of Art,Embroidered Mantle Fragment,,Paracas,,,,Textiles-Woven,,,Camelid hair,,,,https://www.metmuseum.org/art/collection/search/307677,https://images.metmuseum.org/CRDImages/ao/original/DP18485.jpg,,Dominio público / Open Access según metadata de The Met,corpus_principal,principal,auditoria_aceptados_no_piloto,superficie_textil_util,,,,pasar_a_corpus_principal,superficie_textil_util,,,,
met,308035,MET-308035,The Metropolitan Museum of Art,Embroidered Mantle Fragment,,Paracas,,,,Textiles-Woven,,,Camelid hair,,,,https://www.metmuseum.org/art/collection/search/308035,https://images.metmuseum.org/CRDImages/ao/original/DP18570.jpg,,Dominio público / Open Access según metadata de The Met,corpus_principal,principal,auditoria_aceptados_no_piloto,superficie_textil_util,,,,pasar_a_corpus_principal,superficie_textil_util,,,,
met,308039,MET-308039,The Metropolitan Museum of Art,Embroidered Mantle Fragment,,Paracas,,,,Textiles-Woven,,,Camelid hair,,,,https://www.metmuseum.org/art/collection/search/308039,https://images.metmuseum.org/CRDImages/ao/original/DP18447.jpg,,Dominio público / Open Access según metadata de The Met,corpus_principal,principal,auditoria_aceptados_no_piloto,superficie_textil_util,,,,pasar_a_corpus_principal,superficie_textil_util,,,,
met,308101,MET-308101,The Metropolitan Museum of Art,Embroidered Mantle Fragment,,Paracas,,,,Textiles-Woven,,,Camelid hair,,,,https://www.metmuseum.org/art/collection/search/308101,https://images.metmuseum.org/CRDImages/ao/original/DP18482.jpg,,Dominio público / Open Access según metadata de The Met,corpus_principal,principal,auditoria_aceptados_no_piloto,superficie_textil_util,,,,pasar_a_corpus_principal,superficie_textil_util,,,,
met,308060,MET-308060,The Metropolitan Museum of Art,Embroidered Border Fragment,,Paracas,,,,Textiles-Woven,,,Camelid hair,,,,https://www.metmuseum.org/art/collection/search/308060,https://images.metmuseum.org/CRDImages/ao/original/DP18547.jpg,,Dominio público / Open Access según metadata de The Met,corpus_principal,principal,auditoria_aceptados_no_piloto,fragmento_textil_util,,,,pasar_a_corpus_principal,fragmento_textil_util,,,,
met,308072,MET-308072,The Metropolitan Museum of Art,Embroidered Mantle Fragment,,Paracas,,,,Textiles-Woven,,,Camelid hair,,,,https://www.metmuseum.org/art/collection/search/308072,https://images.metmuseum.org/CRDImages/ao/original/DP18535.jpg,,Dominio público / Open Access según metadata de The Met,corpus_principal,principal,auditoria_aceptados_no_piloto,superficie_textil_util,,,,pasar_a_corpus_principal,superficie_textil_util,,,,
met,308037,MET-308037,The Metropolitan Museum of Art,Embroidered Border Fragment,,Paracas,,,,Textiles-Woven,,,Camelid hair,,,,https://www.metmuseum.org/art/collection/search/308037,https://images.metmuseum.org/CRDImages/ao/original/DP18551.jpg,,Dominio público / Open Access según metadata de The Met,corpus_principal,principal,auditoria_aceptados_no_piloto,fragmento_textil_util,,,,pasar_a_corpus_principal,fragmento_textil_util,,,,
met,308068,MET-308068,The Metropolitan Museum of Art,Embroidered Mantle Fragment,,Paracas,,,,Textiles-Woven,,,Camelid hair,,,,https://www.metmuseum.org/art/collection/search/308068,https://images.metmuseum.org/CRDImages/ao/original/DP18539.jpg,,Dominio público / Open Access según metadata de The Met,corpus_principal,principal,auditoria_aceptados_no_piloto,superficie_textil_util,,,,pasar_a_corpus_principal,superficie_textil_util,,,,
met,308098,MET-308098,The Metropolitan Museum of Art,Embroidered Mantle Fragment,,Paracas,,,,Textiles-Woven,,,Camelid hair,,,,https://www.metmuseum.org/art/collection/search/308098,https://images.metmuseum.org/CRDImages/ao/original/DP18454.jpg,,Dominio público / Open Access según metadata de The Met,corpus_principal,principal,auditoria_aceptados_no_piloto,superficie_textil_util,,,,pasar_a_corpus_principal,superficie_textil_util,,,,
met,308040,MET-308040,The Metropolitan Museum of Art,Embroidered Mantle Fragment,,Paracas,,,,Textiles-Woven,,,Camelid hair,,,,https://www.metmuseum.org/art/collection/search/308040,https://images.metmuseum.org/CRDImages/ao/original/DP18451.jpg,,Dominio público / Open Access según metadata de The Met,corpus_principal,principal,auditoria_aceptados_no_piloto,superficie_textil_util,,,,pasar_a_corpus_principal,superficie_textil_util,,,,
met,308070,MET-308070,The Metropolitan Museum of Art,Embroidered Mantle Fragment,,Paracas,,,,Textiles-Woven,,,Camelid hair,,,,https://www.metmuseum.org/art/collection/search/308070,https://images.metmuseum.org/CRDImages/ao/original/DP18537.jpg,,Dominio público / Open Access según metadata de The Met,corpus_principal,principal,auditoria_aceptados_no_piloto,superficie_textil_util,,,,pasar_a_corpus_principal,superficie_textil_util,,,,
met,308058,MET-308058,The Metropolitan Museum of Art,Embroidered Border Fragment,,Paracas,,,,Textiles-Woven,,,Camelid hair,,,,https://www.metmuseum.org/art/collection/search/308058,https://images.metmuseum.org/CRDImages/ao/original/DP18549.jpg,,Dominio público / Open Access según metadata de The Met,corpus_principal,principal,auditoria_aceptados_no_piloto,fragmento_textil_util,,,,pasar_a_corpus_principal,fragmento_textil_util,,,,
met,308076,MET-308076,The Metropolitan Museum of Art,Embroidered Mantle Fragment,,Paracas,,,,Textiles-Woven,,,Camelid hair,,,,https://www.metmuseum.org/art/collection/search/308076,https://images.metmuseum.org/CRDImages/ao/original/33.149.41.jpg,,Dominio público / Open Access según metadata de The Met,corpus_principal,principal,auditoria_aceptados_no_piloto,superficie_textil_util,,,,pasar_a_corpus_principal,superficie_textil_util,,,,
met,308053,MET-308053,The Metropolitan Museum of Art,Embroidered Border Fragment,,Paracas,,,,Textiles-Woven,,,Camelid hair,,,,https://www.metmuseum.org/art/collection/search/308053,https://images.metmuseum.org/CRDImages/ao/original/DP18553.jpg,,Dominio público / Open Access según metadata de The Met,corpus_principal,principal,auditoria_aceptados_no_piloto,fragmento_textil_util,,,,pasar_a_corpus_principal,fragmento_textil_util,,,,
met,308077,MET-308077,The Metropolitan Museum of Art,Embroidered Mantle Fragment,,Paracas,,,,Textiles-Woven,,,Camelid hair,,,,https://www.metmuseum.org/art/collection/search/308077,https://images.metmuseum.org/CRDImages/ao/original/DP18450.jpg,,Dominio público / Open Access según metadata de The Met,corpus_principal,principal,auditoria_aceptados_no_piloto,superficie_textil_util,,,,pasar_a_corpus_principal,superficie_textil_util,,,,
met,308105,MET-308105,The Metropolitan Museum of Art,Embroidered Mantle Fragment,,Paracas,,,,Textiles-Woven,,,Camelid hair,,,,https://www.metmuseum.org/art/collection/search/308105,https://images.metmuseum.org/CRDImages/ao/original/DP18461.jpg,,Dominio público / Open Access según metadata de The Met,corpus_principal,principal,auditoria_aceptados_no_piloto,superficie_textil_util,,,,pasar_a_corpus_principal,superficie_textil_util,,,,
met,307683,MET-307683,The Metropolitan Museum of Art,Embroidered Mantle Fragment,,Paracas,,,,Textiles-Woven,,,Camelid hair,,,,https://www.metmuseum.org/art/collection/search/307683,https://images.metmuseum.org/CRDImages/ao/original/33.149.76-94.jpg,,Dominio público / Open Access según metadata de The Met,corpus_principal,principal,auditoria_aceptados_no_piloto,superficie_textil_util,,,,pasar_a_corpus_principal,superficie_textil_util,,,,
met,308044,MET-308044,The Metropolitan Museum of Art,Embroidered Border Fragment,,Paracas,,,,Textiles-Woven,,,Camelid hair,,,,https://www.metmuseum.org/art/collection/search/308044,https://images.metmuseum.org/CRDImages/ao/original/DP18526.jpg,,Dominio público / Open Access según metadata de The Met,corpus_principal,principal,auditoria_aceptados_no_piloto,fragmento_textil_util,,,,pasar_a_corpus_principal,fragmento_textil_util,,,,
met,308042,MET-308042,The Metropolitan Museum of Art,Embroidered Border Fragment,,Paracas,,,,Textiles-Woven,,,Camelid hair,,,,https://www.metmuseum.org/art/collection/search/308042,https://images.metmuseum.org/CRDImages/ao/original/TP391.jpg,,Dominio público / Open Access según metadata de The Met,corpus_principal,principal,auditoria_aceptados_no_piloto,fragmento_textil_util,,,,pasar_a_corpus_principal,fragmento_textil_util,,,,
met,307950,MET-307950,The Metropolitan Museum of Art,Tunic,,Nasca,,,,Textiles-Woven,,,Camelid hair,,,,https://www.metmuseum.org/art/collection/search/307950,https://images.metmuseum.org/CRDImages/ao/original/DP233569.jpg,,Dominio público / Open Access según metadata de The Met,corpus_principal,principal,auditoria_aceptados_no_piloto,superficie_textil_util,,,,pasar_a_corpus_principal,superficie_textil_util,,,,
met,308285,MET-308285,The Metropolitan Museum of Art,Panel,,Nasca,,,,Textiles-Woven,,,Camelid hair,,,,https://www.metmuseum.org/art/collection/search/308285,https://images.metmuseum.org/CRDImages/ao/original/169777.jpg,,Dominio público / Open Access según metadata de The Met,corpus_principal,principal,auditoria_aceptados_no_piloto,superficie_textil_util,,,,pasar_a_corpus_principal,superficie_textil_util,,,,
met,308284,MET-308284,The Metropolitan Museum of Art,Panel,,Nasca,,,,Textiles-Woven,,,Camelid hair,,,,https://www.metmuseum.org/art/collection/search/308284,https://images.metmuseum.org/CRDImages/ao/original/169776.jpg,,Dominio público / Open Access según metadata de The Met,corpus_principal,principal,auditoria_aceptados_no_piloto,superficie_textil_util,,,,pasar_a_corpus_principal,superficie_textil_util,,,,
met,307960,MET-307960,The Metropolitan Museum of Art,Band Fragment,,Nasca,,,,Textiles-Woven,,,Camelid hair,,,,https://www.metmuseum.org/art/collection/search/307960,https://images.metmuseum.org/CRDImages/ao/original/29.146.9.jpg,,Dominio público / Open Access según metadata de The Met,corpus_principal,principal,auditoria_aceptados_no_piloto,fragmento_textil_util,,,,pasar_a_corpus_principal,fragmento_textil_util,,,,
met,307972,MET-307972,The Metropolitan Museum of Art,Band Fragment,,Nasca,,,,Textiles-Woven,,,Camelid hair,,,,https://www.metmuseum.org/art/collection/search/307972,https://images.metmuseum.org/CRDImages/ao/original/DP18617.jpg,,Dominio público / Open Access según metadata de The Met,corpus_principal,principal,auditoria_aceptados_no_piloto,fragmento_textil_util,,,,pasar_a_corpus_principal,fragmento_textil_util,,,,
met,308016,MET-308016,The Metropolitan Museum of Art,Fragment with Figures,,Nasca,,,,Textiles-Woven,,,Camelid hair,,,,https://www.metmuseum.org/art/collection/search/308016,https://images.metmuseum.org/CRDImages/ao/original/DP18620.jpg,,Dominio público / Open Access según metadata de The Met,corpus_principal,principal,auditoria_aceptados_no_piloto,fragmento_textil_util,,,,pasar_a_corpus_principal,fragmento_textil_util,,,,
met,308017,MET-308017,The Metropolitan Museum of Art,Embroidered Fragment,,Nasca,,,,Textiles-Woven,,,Camelid hair,,,,https://www.metmuseum.org/art/collection/search/308017,https://images.metmuseum.org/CRDImages/ao/original/DP18640.jpg,,Dominio público / Open Access según metadata de The Met,corpus_principal,principal,auditoria_aceptados_no_piloto,fragmento_textil_util,,,,pasar_a_corpus_principal,fragmento_textil_util,,,,
met,307841,MET-307841,The Metropolitan Museum of Art,Fringed Bag,,Nasca,,,,Textiles-Woven,,,Camelid hair,,,,https://www.metmuseum.org/art/collection/search/307841,https://images.metmuseum.org/CRDImages/ao/original/DP18589.jpg,,Dominio público / Open Access según metadata de The Met,corpus_principal,principal,auditoria_aceptados_no_piloto,superficie_textil_util,,,,pasar_a_corpus_principal,superficie_textil_util,,,,
met,307844,MET-307844,The Metropolitan Museum of Art,Fringed Bag,,Nasca,,,,Textiles-Woven,,,Camelid hair,,,,https://www.metmuseum.org/art/collection/search/307844,https://images.metmuseum.org/CRDImages/ao/original/DP18605.jpg,,Dominio público / Open Access según metadata de The Met,corpus_principal,principal,auditoria_aceptados_no_piloto,superficie_textil_util,,,,pasar_a_corpus_principal,superficie_textil_util,,,,
met,307968,MET-307968,The Metropolitan Museum of Art,Band Fragment,,Nasca,,,,Textiles-Woven,,,Camelid hair,,,,https://www.metmuseum.org/art/collection/search/307968,https://images.metmuseum.org/CRDImages/ao/original/29.146.16.jpg,,Dominio público / Open Access según metadata de The Met,corpus_principal,principal,auditoria_aceptados_no_piloto,fragmento_textil_util,,,,pasar_a_corpus_principal,fragmento_textil_util,,,,
met,307966,MET-307966,The Metropolitan Museum of Art,Band Fragment,,Nasca,,,,Textiles-Woven,,,Camelid hair,,,,https://www.metmuseum.org/art/collection/search/307966,https://images.metmuseum.org/CRDImages/ao/original/29.146.14 -15.jpg,,Dominio público / Open Access según metadata de The Met,corpus_principal,principal,auditoria_aceptados_no_piloto,fragmento_textil_util,,,,pasar_a_corpus_principal,fragmento_textil_util,,,,
met,307965,MET-307965,The Metropolitan Museum of Art,Band Fragment,,Nasca,,,,Textiles-Woven,,,Camelid hair,,,,https://www.metmuseum.org/art/collection/search/307965,https://images.metmuseum.org/CRDImages/ao/original/DP18634.jpg,,Dominio público / Open Access según metadata de The Met,corpus_principal,principal,auditoria_aceptados_no_piloto,fragmento_textil_util,,,,pasar_a_corpus_principal,fragmento_textil_util,,,,
met,307964,MET-307964,The Metropolitan Museum of Art,Band Fragment,,Nasca,,,,Textiles-Woven,,,Camelid hair,,,,https://www.metmuseum.org/art/collection/search/307964,https://images.metmuseum.org/CRDImages/ao/original/DP18634.jpg,,Dominio público / Open Access según metadata de The Met,corpus_principal,principal,auditoria_aceptados_no_piloto,fragmento_textil_util,,,,pasar_a_corpus_principal,fragmento_textil_util,,,,
met,308027,MET-308027,The Metropolitan Museum of Art,Fringed Bag,,Nasca,,,,Textiles-Woven,,,Camelid hair,,,,https://www.metmuseum.org/art/collection/search/308027,https://images.metmuseum.org/CRDImages/ao/original/DP18600.jpg,,Dominio público / Open Access según metadata de The Met,corpus_principal,principal,auditoria_aceptados_no_piloto,superficie_textil_util,,,,pasar_a_corpus_principal,superficie_textil_util,,,,
met,308028,MET-308028,The Metropolitan Museum of Art,Bag,,Nasca,,,,Textiles-Woven,,,Camelid hair,,,,https://www.metmuseum.org/art/collection/search/308028,https://images.metmuseum.org/CRDImages/ao/original/DP18595.jpg,,Dominio público / Open Access según metadata de The Met,corpus_principal,principal,auditoria_aceptados_no_piloto,superficie_textil_util,,,,pasar_a_corpus_principal,superficie_textil_util,,,,
met,308025,MET-308025,The Metropolitan Museum of Art,Bag,,Nasca,,,,Textiles-Woven,,,Camelid hair,,,,https://www.metmuseum.org/art/collection/search/308025,https://images.metmuseum.org/CRDImages/ao/original/DP18593.jpg,,Dominio público / Open Access según metadata de The Met,corpus_principal,principal,auditoria_aceptados_no_piloto,superficie_textil_util,,,,pasar_a_corpus_principal,superficie_textil_util,,,,
met,307967,MET-307967,The Metropolitan Museum of Art,Band Fragment,,Nasca,,,,Textiles-Woven,,,Camelid hair,,,,https://www.metmuseum.org/art/collection/search/307967,https://images.metmuseum.org/CRDImages/ao/original/29.146.14 -15.jpg,,Dominio público / Open Access según metadata de The Met,corpus_principal,principal,auditoria_aceptados_no_piloto,fragmento_textil_util,,,,pasar_a_corpus_principal,fragmento_textil_util,,,,
met,307963,MET-307963,The Metropolitan Museum of Art,Bag,,Nasca,,,,Textiles-Woven,,,Camelid hair,,,,https://www.metmuseum.org/art/collection/search/307963,https://images.metmuseum.org/CRDImages/ao/original/DP18609.jpg,,Dominio público / Open Access según metadata de The Met,corpus_principal,principal,auditoria_aceptados_no_piloto,superficie_textil_util,,,,pasar_a_corpus_principal,superficie_textil_util,,,,
met,308029,MET-308029,The Metropolitan Museum of Art,Fringed Bag,,Nasca,,,,Textiles-Woven,,,Camelid hair,,,,https://www.metmuseum.org/art/collection/search/308029,https://images.metmuseum.org/CRDImages/ao/original/DP18594.jpg,,Dominio público / Open Access según metadata de The Met,corpus_principal,principal,auditoria_aceptados_no_piloto,superficie_textil_util,,,,pasar_a_corpus_principal,superficie_textil_util,,,,
met,308026,MET-308026,The Metropolitan Museum of Art,Fringed Bag,,Nasca,,,,Textiles-Woven,,,Camelid hair,,,,https://www.metmuseum.org/art/collection/search/308026,https://images.metmuseum.org/CRDImages/ao/original/DP18586_32.32.13.jpg,,Dominio público / Open Access según metadata de The Met,corpus_principal,principal,auditoria_aceptados_no_piloto,superficie_textil_util,,,,pasar_a_corpus_principal,superficie_textil_util,,,,
met,308021,MET-308021,The Metropolitan Museum of Art,Bag,,Nasca,,,,Textiles-Woven,,,Camelid hair,,,,https://www.metmuseum.org/art/collection/search/308021,https://images.metmuseum.org/CRDImages/ao/original/DP18587_32.32.8.jpg,,Dominio público / Open Access según metadata de The Met,corpus_principal,principal,auditoria_aceptados_no_piloto,superficie_textil_util,,,,pasar_a_corpus_principal,superficie_textil_util,,,,
met,308023,MET-308023,The Metropolitan Museum of Art,Bag,,Nasca,,,,Textiles-Woven,,,Camelid hair,,,,https://www.metmuseum.org/art/collection/search/308023,https://images.metmuseum.org/CRDImages/ao/original/DP18585_32.32.10.jpg,,Dominio público / Open Access según metadata de The Met,corpus_principal,principal,auditoria_aceptados_no_piloto,superficie_textil_util,,,,pasar_a_corpus_principal,superficie_textil_util,,,,
met,307843,MET-307843,The Metropolitan Museum of Art,Tapestry Bag with Fringes,,Nasca,,,,Textiles-Woven,,,Camelid hair,,,,https://www.metmuseum.org/art/collection/search/307843,https://images.metmuseum.org/CRDImages/ao/original/DP18590.jpg,,Dominio público / Open Access según metadata de The Met,corpus_principal,principal,auditoria_aceptados_no_piloto,superficie_textil_util,,,,pasar_a_corpus_principal,superficie_textil_util,,,,
met,308282,MET-308282,The Metropolitan Museum of Art,Panel with Figures,,Nasca,,,,Textiles-Non-Woven,,,Camelid hair,,,,https://www.metmuseum.org/art/collection/search/308282,https://images.metmuseum.org/CRDImages/ao/original/TP410.jpg,,Dominio público / Open Access según metadata de The Met,corpus_principal,principal,auditoria_aceptados_no_piloto,superficie_textil_util,,,,pasar_a_corpus_principal,superficie_textil_util,,,,
met,314363,MET-314363,The Metropolitan Museum of Art,Tunic,,Nasca,,,,Textiles-Woven,,,Camelid hair,,,,https://www.metmuseum.org/art/collection/search/314363,https://images.metmuseum.org/CRDImages/ao/original/DP221262.jpg,,Dominio público / Open Access según metadata de The Met,corpus_principal,principal,auditoria_aceptados_no_piloto,superficie_textil_util,,,,pasar_a_corpus_principal,superficie_textil_util,,,,
met,316921,MET-316921,The Metropolitan Museum of Art,Bag,,Nasca (?),,,,Textiles-Woven,,,Camelid hair,,,,https://www.metmuseum.org/art/collection/search/316921,https://images.metmuseum.org/CRDImages/ao/original/DP18608.jpg,,Dominio público / Open Access según metadata de The Met,corpus_principal,principal,auditoria_aceptados_no_piloto,superficie_textil_util,,,,pasar_a_corpus_principal,superficie_textil_util,,,,
met,307953,MET-307953,The Metropolitan Museum of Art,Fragmentary Band,,Nasca,,,,Textiles-Woven,,,"Camelid hair, cotton",,,,https://www.metmuseum.org/art/collection/search/307953,https://images.metmuseum.org/CRDImages/ao/original/DP18444.jpg,,Dominio público / Open Access según metadata de The Met,corpus_principal,principal,auditoria_aceptados_no_piloto,fragmento_textil_util,,,,pasar_a_corpus_principal,fragmento_textil_util,,,,
met,307961,MET-307961,The Metropolitan Museum of Art,Band Fragment,,Nasca,,,,Textiles-Woven,,,"Camelid hair, cotton",,,,https://www.metmuseum.org/art/collection/search/307961,https://images.metmuseum.org/CRDImages/ao/original/75153.jpg,,Dominio público / Open Access según metadata de The Met,corpus_principal,principal,auditoria_aceptados_no_piloto,fragmento_textil_util,,,,pasar_a_corpus_principal,fragmento_textil_util,,,,
met,308015,MET-308015,The Metropolitan Museum of Art,Tapestry Panel,,Nasca,,,,Textiles-Woven,,,"Camelid hair, cotton",,,,https://www.metmuseum.org/art/collection/search/308015,https://images.metmuseum.org/CRDImages/ao/original/DP18635.jpg,,Dominio público / Open Access según metadata de The Met,corpus_principal,principal,auditoria_aceptados_no_piloto,superficie_textil_util,,,,pasar_a_corpus_principal,superficie_textil_util,,,,
met,307933,MET-307933,The Metropolitan Museum of Art,Tapestry Fragment with Figures,,Nasca (?),,,,Textiles-Woven,,,"Camelid hair, cotton",,,,https://www.metmuseum.org/art/collection/search/307933,https://images.metmuseum.org/CRDImages/ao/original/LC-28_64_27_TMSa.jpg,,Dominio público / Open Access según metadata de The Met,corpus_principal,principal,auditoria_aceptados_no_piloto,fragmento_textil_util,,,,pasar_a_corpus_principal,fragmento_textil_util,,,,
met,316925,MET-316925,The Metropolitan Museum of Art,Bag,,Nasca (?),,,,Textiles-Woven,,,Camelid hair,,,,https://www.metmuseum.org/art/collection/search/316925,https://images.metmuseum.org/CRDImages/ao/original/DP18612.jpg,,Dominio público / Open Access según metadata de The Met,corpus_principal,principal,auditoria_aceptados_no_piloto,superficie_textil_util,,,,pasar_a_corpus_principal,superficie_textil_util,,,,
met,307962,MET-307962,The Metropolitan Museum of Art,Bag Fragment,,Nasca,,,,Textiles-Woven,,,"Camelid hair, cotton",,,,https://www.metmuseum.org/art/collection/search/307962,https://images.metmuseum.org/CRDImages/ao/original/29.146.11.jpg,,Dominio público / Open Access según metadata de The Met,corpus_principal,principal,auditoria_aceptados_no_piloto,superficie_textil_util,,,,pasar_a_corpus_principal,superficie_textil_util,,,,
met,312614,MET-312614,The Metropolitan Museum of Art,Tunic Section,,Wari,,,,Textiles-Woven,,,"Camelid hair, cotton",,,,https://www.metmuseum.org/art/collection/search/312614,https://images.metmuseum.org/CRDImages/ao/original/TP411.jpg,,Dominio público / Open Access según metadata de The Met,corpus_principal,principal,auditoria_aceptados_no_piloto,superficie_textil_util,,,,pasar_a_corpus_principal,superficie_textil_util,,,,
met,308283,MET-308283,The Metropolitan Museum of Art,Panel with Figures,,Chancay,,,,Textiles-Woven,,,"Cotton, paint",,,,https://www.metmuseum.org/art/collection/search/308283,https://images.metmuseum.org/CRDImages/ao/original/DP221260.jpg,,Dominio público / Open Access según metadata de The Met,corpus_principal,principal,auditoria_aceptados_no_piloto,superficie_textil_util,,,,pasar_a_corpus_principal,superficie_textil_util,,,,
met,312669,MET-312669,The Metropolitan Museum of Art,Panel,,Chancay,,,,Textiles-Woven,,,"Cotton, paint",,,,https://www.metmuseum.org/art/collection/search/312669,https://images.metmuseum.org/CRDImages/ao/original/1979_206_459_EX_01.jpg,,Dominio público / Open Access según metadata de The Met,corpus_principal,principal,auditoria_aceptados_no_piloto,superficie_textil_util,,,,pasar_a_corpus_principal,superficie_textil_util,,,,
met,310059,MET-310059,The Metropolitan Museum of Art,Painted Woven Panel,,Chancay,,,,Textiles-Woven,,,"Cotton, paint",,,,https://www.metmuseum.org/art/collection/search/310059,https://images.metmuseum.org/CRDImages/ao/original/vs1978_412_13.jpg,,Dominio público / Open Access según metadata de The Met,corpus_principal,principal,auditoria_aceptados_no_piloto,superficie_textil_util,,,,pasar_a_corpus_principal,superficie_textil_util,,,,
met,307943,MET-307943,The Metropolitan Museum of Art,Fragment,,Chancay,,,,Textiles-Woven,,,"Camelid hair, cotton",,,,https://www.metmuseum.org/art/collection/search/307943,https://images.metmuseum.org/CRDImages/ao/original/DP101351.jpg,,Dominio público / Open Access según metadata de The Met,corpus_principal,principal,auditoria_aceptados_no_piloto,fragmento_textil_util,,,,pasar_a_corpus_principal,fragmento_textil_util,,,,
met,307940,MET-307940,The Metropolitan Museum of Art,Fragment,,Chancay,,,,Textiles-Woven,,,"Camelid hair, cotton",,,,https://www.metmuseum.org/art/collection/search/307940,https://images.metmuseum.org/CRDImages/ao/original/72153.jpg,,Dominio público / Open Access según metadata de The Met,corpus_principal,principal,auditoria_aceptados_no_piloto,fragmento_textil_util,,,,pasar_a_corpus_principal,fragmento_textil_util,,,,
met,308290,MET-308290,The Metropolitan Museum of Art,Fragment,,Chancay,,,,Textiles-Woven,,,"Cotton, camelid hair",,,,https://www.metmuseum.org/art/collection/search/308290,https://images.metmuseum.org/CRDImages/ao/original/175775.jpg,,Dominio público / Open Access según metadata de The Met,corpus_principal,principal,auditoria_aceptados_no_piloto,superficie_textil_util,,,,pasar_a_corpus_principal,superficie_textil_util,,,,
met,307806,MET-307806,The Metropolitan Museum of Art,Tapestry Border Fragment with Tab Fringes,,Chancay,,,,Textiles-Woven,,,"Camelid hair, cotton",,,,https://www.metmuseum.org/art/collection/search/307806,https://images.metmuseum.org/CRDImages/ao/original/vs09_50_1085.jpg,,Dominio público / Open Access según metadata de The Met,corpus_principal,principal,auditoria_aceptados_no_piloto,fragmento_textil_util,,,,pasar_a_corpus_principal,fragmento_textil_util,,,,
met,313121,MET-313121,The Metropolitan Museum of Art,Panel,,Chancay,,,,Textiles-Woven,,,"Cotton, camelid hair",,,,https://www.metmuseum.org/art/collection/search/313121,https://images.metmuseum.org/CRDImages/ao/original/222448.jpg,,Dominio público / Open Access según metadata de The Met,corpus_principal,principal,auditoria_aceptados_no_piloto,superficie_textil_util,,,,pasar_a_corpus_principal,superficie_textil_util,,,,
met,318460,MET-318460,The Metropolitan Museum of Art,False Face for Funerary Bundle,,Paracas,,,,Textiles-Woven,,,"Cotton, paint",,,,https://www.metmuseum.org/art/collection/search/318460,https://images.metmuseum.org/CRDImages/ao/original/vsl1995_49.jpg,,Dominio público / Open Access según metadata de The Met,corpus_principal,principal,auditoria_aceptados_no_piloto,composicion_visual_util,,,,pasar_a_corpus_principal,composicion_visual_util,,,,
met,315772,MET-315772,The Metropolitan Museum of Art,Headband with ornamental tassels,,Nasca,,,,Textiles-Woven,,,Camelid hair,,,,https://www.metmuseum.org/art/collection/search/315772,https://images.metmuseum.org/CRDImages/ao/original/DP-26542-001.jpg,,Dominio público / Open Access según metadata de The Met,corpus_principal,principal,auditoria_aceptados_no_piloto,composicion_visual_util,,,,pasar_a_corpus_principal,composicion_visual_util,,,,
met,307944,MET-307944,The Metropolitan Museum of Art,Sash,,Chimú,,,,Textiles-Woven,,,Camelid hair,,,,https://www.metmuseum.org/art/collection/search/307944,https://images.metmuseum.org/CRDImages/ao/original/LC-28_171_7_TMSa.jpg,,Dominio público / Open Access según metadata de The Met,corpus_principal,principal,auditoria_aceptados_no_piloto,composicion_visual_util,,,,pasar_a_corpus_principal,composicion_visual_util,,,,
met,316931,MET-316931,The Metropolitan Museum of Art,Headband,,Peruvian,,,,Textiles-Woven,,,Camelid hair,,,,https://www.metmuseum.org/art/collection/search/316931,https://images.metmuseum.org/CRDImages/ao/original/1994.35.106_a.JPG,,Dominio público / Open Access según metadata de The Met,corpus_principal,principal,auditoria_aceptados_no_piloto,composicion_visual_util,,,,pasar_a_corpus_principal,composicion_visual_util,,,,
met,309528,MET-309528,The Metropolitan Museum of Art,Band,,Inca,,,,Textiles-Woven,,,Camelid hair,,,,https://www.metmuseum.org/art/collection/search/309528,https://images.metmuseum.org/CRDImages/ao/original/189514.jpg,,Dominio público / Open Access según metadata de The Met,corpus_principal,principal,auditoria_aceptados_no_piloto,composicion_visual_util,,,,pasar_a_corpus_principal,composicion_visual_util,,,,
met,307959,MET-307959,The Metropolitan Museum of Art,Sash or Headband,,Nasca,,,,Textiles-Woven,,,Camelid hair,,,,https://www.metmuseum.org/art/collection/search/307959,https://images.metmuseum.org/CRDImages/ao/original/29.146.8.jpg,,Dominio público / Open Access según metadata de The Met,corpus_principal,principal,auditoria_aceptados_no_piloto,composicion_visual_util,,,,pasar_a_corpus_principal,composicion_visual_util,,,,
met,316935,MET-316935,The Metropolitan Museum of Art,Headband,,Nasca (?),,,,Textiles-Woven,,,"Cotton, camelid hair",,,,https://www.metmuseum.org/art/collection/search/316935,https://images.metmuseum.org/CRDImages/ao/original/vs1994.35.110.jpg,,Dominio público / Open Access según metadata de The Met,corpus_principal,principal,auditoria_aceptados_no_piloto,composicion_visual_util,,,,pasar_a_corpus_principal,composicion_visual_util,,,,
met,318746,MET-318746,The Metropolitan Museum of Art,Belt,,Recuay,,,,Textiles-Woven,,,Camelid fiber,,,,https://www.metmuseum.org/art/collection/search/318746,https://images.metmuseum.org/CRDImages/ao/original/2001.172_b.jpg,,Dominio público / Open Access según metadata de The Met,corpus_principal,principal,auditoria_aceptados_no_piloto,composicion_visual_util,,,,pasar_a_corpus_principal,composicion_visual_util,,,,
met,310698,MET-310698,The Metropolitan Museum of Art,Headcloth,,Chancay,,,,Textiles-Non-Woven,,,Cotton,,,,https://www.metmuseum.org/art/collection/search/310698,https://images.metmuseum.org/CRDImages/ao/original/DP-26537-001.jpg,,Dominio público / Open Access según metadata de The Met,corpus_principal,principal,auditoria_aceptados_no_piloto,composicion_visual_util,,,,pasar_a_corpus_principal,composicion_visual_util,,,,
met,310695,MET-310695,The Metropolitan Museum of Art,Openwork Headband,,Chancay,,,,Textiles-Non-Woven,,,Cotton,,,,https://www.metmuseum.org/art/collection/search/310695,https://images.metmuseum.org/CRDImages/ao/original/221102.jpg,,Dominio público / Open Access según metadata de The Met,corpus_principal,principal,auditoria_aceptados_no_piloto,composicion_visual_util,,,,pasar_a_corpus_principal,composicion_visual_util,,,,
met,310699,MET-310699,The Metropolitan Museum of Art,Openwork Headband,,Chancay,,,,Textiles-Non-Woven,,,Cotton,,,,https://www.metmuseum.org/art/collection/search/310699,https://images.metmuseum.org/CRDImages/ao/original/221106.jpg,,Dominio público / Open Access según metadata de The Met,corpus_principal,principal,auditoria_aceptados_no_piloto,composicion_visual_util,,,,pasar_a_corpus_principal,composicion_visual_util,,,,
met,310697,MET-310697,The Metropolitan Museum of Art,Openwork Headband,,Chancay,,,,Textiles-Non-Woven,,,Cotton,,,,https://www.metmuseum.org/art/collection/search/310697,https://images.metmuseum.org/CRDImages/ao/original/221104.jpg,,Dominio público / Open Access según metadata de The Met,corpus_principal,principal,auditoria_aceptados_no_piloto,composicion_visual_util,,,,pasar_a_corpus_principal,composicion_visual_util,,,,
