id_objeto,titulo_original,cultura,periodo,clasificacion_original,nombre_objeto_original,material_original,url_objeto,url_imagen,categoria_revision_v2,motivo_revision_v2,decision_sugerida,decision_auditoria,motivo_auditoria,observacion_auditoria
313148,Weaving Basket,Chancay,,Textiles-Implements,Basket with weaving implements,"Cane, shell, bone, fiber, camelid hair, wood, pigment, metal, stone",https://www.metmuseum.org/art/collection/search/313148,https://images.metmuseum.org/CRDImages/ao/original/1979.206.950.1_a.JPG,descartar_implemento_textil,"implemento asociado al tejido, no pieza textil analizable",descartar,descartar,implemento_textil_no_analizable,
308131,Skein of Camelid Hair,Peruvian,,Textiles,Skein,Camelid hair,https://www.metmuseum.org/art/collection/search/308131,https://images.metmuseum.org/CRDImages/ao/original/97523.jpg,descartar_material_sin_superficie,"madeja/hilo: material textil, pero sin superficie visual para análisis",descartar,descartar,material_sin_superficie,
308125,Skein of Camelid Hair,Peruvian,,Textiles,Skein,Camelid hair,https://www.metmuseum.org/art/collection/search/308125,https://images.metmuseum.org/CRDImages/ao/original/97523.jpg,descartar_material_sin_superficie,"madeja/hilo: material textil, pero sin superficie visual para análisis",descartar,descartar,material_sin_superficie,
308126,Skein of Camelid Hair,Peruvian,,Textiles,Skein,Camelid hair,https://www.metmuseum.org/art/collection/search/308126,https://images.metmuseum.org/CRDImages/ao/original/97523.jpg,descartar_material_sin_superficie,"madeja/hilo: material textil, pero sin superficie visual para análisis",descartar,descartar,material_sin_superficie,
308127,Skein of Camelid Hair,Peruvian,,Textiles,Skein,Camelid hair,https://www.metmuseum.org/art/collection/search/308127,https://images.metmuseum.org/CRDImages/ao/original/97523.jpg,descartar_material_sin_superficie,"madeja/hilo: material textil, pero sin superficie visual para análisis",descartar,descartar,material_sin_superficie,
308128,Skein of Camelid Hair,Peruvian,,Textiles,Skein,Camelid hair,https://www.metmuseum.org/art/collection/search/308128,https://images.metmuseum.org/CRDImages/ao/original/97523.jpg,descartar_material_sin_superficie,"madeja/hilo: material textil, pero sin superficie visual para análisis",descartar,descartar,material_sin_superficie,
308124,Skein of Camelid Hair,Peruvian,,Textiles,Skein,Camelid hair,https://www.metmuseum.org/art/collection/search/308124,https://images.metmuseum.org/CRDImages/ao/original/97523.jpg,descartar_material_sin_superficie,"madeja/hilo: material textil, pero sin superficie visual para análisis",descartar,descartar,material_sin_superficie,
308130,Skein of Camelid Hair,Peruvian,,Textiles,Skein,Camelid hair,https://www.metmuseum.org/art/collection/search/308130,https://images.metmuseum.org/CRDImages/ao/original/97523.jpg,descartar_material_sin_superficie,"madeja/hilo: material textil, pero sin superficie visual para análisis",descartar,descartar,material_sin_superficie,
308133,Skein of Camelid Hair,Peruvian,,Textiles,Skein,Camelid hair,https://www.metmuseum.org/art/collection/search/308133,https://images.metmuseum.org/CRDImages/ao/original/97523.jpg,descartar_material_sin_superficie,"madeja/hilo: material textil, pero sin superficie visual para análisis",descartar,descartar,material_sin_superficie,
308132,Skein of Camelid Hair,Peruvian,,Textiles,Skein,Camelid hair,https://www.metmuseum.org/art/collection/search/308132,https://images.metmuseum.org/CRDImages/ao/original/97523.jpg,descartar_material_sin_superficie,"madeja/hilo: material textil, pero sin superficie visual para análisis",descartar,descartar,material_sin_superficie,
308134,Skein of Camelid Hair,Peruvian,,Textiles,Skein,Camelid hair,https://www.metmuseum.org/art/collection/search/308134,https://images.metmuseum.org/CRDImages/ao/original/97523.jpg,descartar_material_sin_superficie,"madeja/hilo: material textil, pero sin superficie visual para análisis",descartar,descartar,material_sin_superficie,
308129,Skein of Camelid Hair,Peruvian,,Textiles,Skein,Camelid hair,https://www.metmuseum.org/art/collection/search/308129,https://images.metmuseum.org/CRDImages/ao/original/97523.jpg,descartar_material_sin_superficie,"madeja/hilo: material textil, pero sin superficie visual para análisis",descartar,descartar,material_sin_superficie,
314894,Square Cloth with Feathered Border,Chimú,,Textiles-Featherwork,Panel,"Feathers, camelid hair, cotton, wool",https://www.metmuseum.org/art/collection/search/314894,https://images.metmuseum.org/CRDImages/ao/original/DP230211.jpg,secundario_featherwork,textil con plumas; conservar en corpus secundario,pasar_a_corpus_secundario,pasar_a_corpus_secundario,faja_o_banda_util_secundario,
316943,Feathered Band,Peruvian,,Textiles-Featherwork,Band,"Cotton, feathers",https://www.metmuseum.org/art/collection/search/316943,https://images.metmuseum.org/CRDImages/ao/original/DP18599.jpg,secundario_featherwork,textil con plumas; conservar en corpus secundario,pasar_a_corpus_secundario,pasar_a_corpus_secundario,faja_o_banda_util_secundario,
316961,Feathered Cap,Peruvian,,Textiles-Featherwork,Hat,"Camelid hair, feathers",https://www.metmuseum.org/art/collection/search/316961,https://images.metmuseum.org/CRDImages/ao/original/DP-30088-001.jpg,secundario_featherwork,textil con plumas; conservar en corpus secundario,pasar_a_corpus_secundario,pasar_a_corpus_secundario,faja_o_banda_util_secundario,
308287,Tabard,Chimú,,Feathers-Costumes,Tabard,"Cotton, feathers, plant fiber",https://www.metmuseum.org/art/collection/search/308287,https://images.metmuseum.org/CRDImages/ao/original/DP-41559-001.jpg,secundario_featherwork,textil con plumas; conservar en corpus secundario,pasar_a_corpus_secundario,pasar_a_corpus_secundario,patron_geometrico_legible,
314616,Woven Sling Shot,Inca,,Textiles-Woven,Sling shot,Camelid hair,https://www.metmuseum.org/art/collection/search/314616,https://images.metmuseum.org/CRDImages/ao/original/250582.jpg,secundario_artefacto_textil,artefacto textil funcional; conservar como secundario o revisar aparte,pasar_a_corpus_secundario,pasar_a_corpus_secundario,faja_o_banda_util_secundario,
316928,Sling,Inca (?),,Textiles-Woven,Sling,Camelid hair,https://www.metmuseum.org/art/collection/search/316928,https://images.metmuseum.org/CRDImages/ao/original/vs1994.35.103a.jpg,secundario_artefacto_textil,artefacto textil funcional; conservar como secundario o revisar aparte,pasar_a_corpus_secundario,pasar_a_corpus_secundario,faja_o_banda_util_secundario,
314617,Woven Sling Shot,Inca,,Textiles-Woven,Sling shot,Camelid hair,https://www.metmuseum.org/art/collection/search/314617,https://images.metmuseum.org/CRDImages/ao/original/250583.jpg,secundario_artefacto_textil,artefacto textil funcional; conservar como secundario o revisar aparte,pasar_a_corpus_secundario,pasar_a_corpus_secundario,faja_o_banda_util_secundario,
314615,Woven Sling Shot,Inca,,Textiles-Woven,Sling shot,Camelid hair,https://www.metmuseum.org/art/collection/search/314615,https://images.metmuseum.org/CRDImages/ao/original/250581.jpg,secundario_artefacto_textil,artefacto textil funcional; conservar como secundario o revisar aparte,pasar_a_corpus_secundario,pasar_a_corpus_secundario,faja_o_banda_util_secundario,
315773,Sling Shot,Inca,,Textiles-Woven,Sling shot,Camelid hair,https://www.metmuseum.org/art/collection/search/315773,https://images.metmuseum.org/CRDImages/ao/original/250471.jpg,secundario_artefacto_textil,artefacto textil funcional; conservar como secundario o revisar aparte,pasar_a_corpus_secundario,pasar_a_corpus_secundario,faja_o_banda_util_secundario,
319523,Tunic Panel,Nasca,,Textiles-Featherwork,Tunic panel,"Cotton, feathers",https://www.metmuseum.org/art/collection/search/319523,https://images.metmuseum.org/CRDImages/ao/original/hzTR554_2004.jpg,secundario_featherwork,textil con plumas; conservar en corpus secundario,pasar_a_corpus_secundario,pasar_a_corpus_secundario,patron_geometrico_legible,
308078,"Border fragment, figures with staves",Paracas,,Textiles-Woven,Fragment,Camelid hair,https://www.metmuseum.org/art/collection/search/308078,https://images.metmuseum.org/CRDImages/ao/original/DP-27315-001.jpg,candidato_corpus_principal,fragmento textil potencialmente útil; requiere revisión visual,revisar_para_corpus_principal,pasar_a_corpus_principal,fragmento_textil_util,
316910,Sash Fragment,Peruvian,,Textiles-Woven,Sash fragment,Cotton,https://www.metmuseum.org/art/collection/search/316910,"https://images.metmuseum.org/CRDImages/ao/original/DP18680_1994.35.85,2.jpg",candidato_corpus_principal,fragmento textil potencialmente útil; requiere revisión visual,revisar_para_corpus_principal,pasar_a_corpus_principal,fragmento_textil_util,
316916,Sash Fragments,Peruvian,,Textiles-Woven,Sash fragment,Cotton,https://www.metmuseum.org/art/collection/search/316916,https://images.metmuseum.org/CRDImages/ao/original/DP18678_1994.35.91.jpg,candidato_corpus_principal,fragmento textil potencialmente útil; requiere revisión visual,revisar_para_corpus_principal,pasar_a_corpus_principal,fragmento_textil_util,
316915,Sash Fragments,Peruvian,,Textiles-Woven,Sash fragment,Cotton,https://www.metmuseum.org/art/collection/search/316915,"https://images.metmuseum.org/CRDImages/ao/original/DP18677_1994.35.90A,B.jpg",candidato_corpus_principal,fragmento textil potencialmente útil; requiere revisión visual,revisar_para_corpus_principal,pasar_a_corpus_principal,fragmento_textil_util,
308084,Tapestry Border Fragment,Peruvian,,Textiles-Woven,Border Fragment,Camelid hair,https://www.metmuseum.org/art/collection/search/308084,https://images.metmuseum.org/CRDImages/ao/original/97502.jpg,candidato_corpus_principal,fragmento textil potencialmente útil; requiere revisión visual,revisar_para_corpus_principal,pasar_a_corpus_principal,fragmento_textil_util,
316894,Sash Fragment with Fringe,Peruvian,,Textiles-Woven,Sash fragment,Camelid hair,https://www.metmuseum.org/art/collection/search/316894,https://images.metmuseum.org/CRDImages/ao/original/DP18602.jpg,candidato_corpus_principal,fragmento textil potencialmente útil; requiere revisión visual,revisar_para_corpus_principal,pasar_a_corpus_principal,fragmento_textil_util,
316945,Border Fragment,Paracas,,Textiles-Woven,Border fragment,"Cotton, camelid hair",https://www.metmuseum.org/art/collection/search/316945,https://images.metmuseum.org/CRDImages/ao/original/DP-28474-001.jpg,candidato_corpus_principal,fragmento textil potencialmente útil; requiere revisión visual,revisar_para_corpus_principal,pasar_a_corpus_principal,fragmento_textil_util,
314528,Tunic with Diamond Band,Inca,,Textiles-Woven,Tunic,"Camelid hair, cotton",https://www.metmuseum.org/art/collection/search/314528,https://images.metmuseum.org/CRDImages/ao/original/DP107698.jpg,candidato_corpus_principal,pieza textil con superficie o composición potencialmente útil,revisar_para_corpus_principal,pasar_a_corpus_principal,superficie_textil_util,
315708,Band Fragment,Inca,,Textiles-Woven,Textile fragment,"Cotton, camelid hair",https://www.metmuseum.org/art/collection/search/315708,https://images.metmuseum.org/CRDImages/ao/original/DP18703.jpg,candidato_corpus_principal,fragmento textil potencialmente útil; requiere revisión visual,revisar_para_corpus_principal,pasar_a_corpus_principal,fragmento_textil_util,
313324,Sleeveless Tunic,Inca,,Textiles-Woven,Tunic,"Cotton, camelid hair",https://www.metmuseum.org/art/collection/search/313324,https://images.metmuseum.org/CRDImages/ao/original/1979.206.1131_a.jpg,candidato_corpus_principal,pieza textil con superficie o composición potencialmente útil,revisar_para_corpus_principal,pasar_a_corpus_principal,superficie_textil_util,
308046,Embroidered Border Fragment,Paracas,,Textiles-Velvets,Border Fragment,Camelid hair,https://www.metmuseum.org/art/collection/search/308046,https://images.metmuseum.org/CRDImages/ao/original/DP18569.jpg,candidato_corpus_principal,fragmento textil potencialmente útil; requiere revisión visual,revisar_para_corpus_principal,pasar_a_corpus_principal,fragmento_textil_util,
310511,Mantle Fragment,Paracas,,Textiles-Woven,Mantle fragment,"Cotton, pigment",https://www.metmuseum.org/art/collection/search/310511,https://images.metmuseum.org/CRDImages/ao/original/SC207345.jpg,candidato_corpus_principal,pieza textil con superficie o composición potencialmente útil,revisar_para_corpus_principal,pasar_a_corpus_principal,superficie_textil_util,
307853,Embroidered Fragment,Paracas,,Textiles-Woven,Textile fragment,Camelid hair,https://www.metmuseum.org/art/collection/search/307853,https://images.metmuseum.org/CRDImages/ao/original/DP18565.jpg,candidato_corpus_principal,fragmento textil potencialmente útil; requiere revisión visual,revisar_para_corpus_principal,pasar_a_corpus_principal,fragmento_textil_util,
308056,Embroidered Fragment,Paracas,,Textiles-Woven,Textile fragment,Camelid hair,https://www.metmuseum.org/art/collection/search/308056,https://images.metmuseum.org/CRDImages/ao/original/DP18567.jpg,candidato_corpus_principal,fragmento textil potencialmente útil; requiere revisión visual,revisar_para_corpus_principal,pasar_a_corpus_principal,fragmento_textil_util,
308106,Embroidered Fragment,Paracas,,Textiles-Woven,Textile fragment,Camelid hair,https://www.metmuseum.org/art/collection/search/308106,https://images.metmuseum.org/CRDImages/ao/original/33.149.1-67-70-76.jpg,candidato_corpus_principal,fragmento textil potencialmente útil; requiere revisión visual,revisar_para_corpus_principal,pasar_a_corpus_principal,fragmento_textil_util,
308100,Embroidered Fragment,Paracas,,Textiles-Woven,Textile fragment,Camelid hair,https://www.metmuseum.org/art/collection/search/308100,https://images.metmuseum.org/CRDImages/ao/original/DP18575_33.149.70.jpg,candidato_corpus_principal,fragmento textil potencialmente útil; requiere revisión visual,revisar_para_corpus_principal,pasar_a_corpus_principal,fragmento_textil_util,
308109,Embroidered Fragment,Paracas,,Textiles-Woven,Textile fragment,Camelid hair,https://www.metmuseum.org/art/collection/search/308109,https://images.metmuseum.org/CRDImages/ao/original/DP18564_33.149.79.jpg,candidato_corpus_principal,fragmento textil potencialmente útil; requiere revisión visual,revisar_para_corpus_principal,descartar,fragmento_no_legible,
315049,Mantle,Paracas,,Textiles-Woven,Mantle,Camelid hair,https://www.metmuseum.org/art/collection/search/315049,https://images.metmuseum.org/CRDImages/ao/original/AR446.jpg,candidato_corpus_principal,pieza textil con superficie o composición potencialmente útil,revisar_para_corpus_principal,descartar,fragmento_no_legible,
307682,Embroidered Border Fragment,Paracas,,Textiles-Woven,Fragment,Camelid hair,https://www.metmuseum.org/art/collection/search/307682,https://images.metmuseum.org/CRDImages/ao/original/DP170923.jpg,candidato_corpus_principal,fragmento textil potencialmente útil; requiere revisión visual,revisar_para_corpus_principal,pasar_a_corpus_principal,fragmento_textil_util,
308057,Embroidered Fragment with Figures,Paracas,,Textiles-Woven,Textile fragment,Camelid hair,https://www.metmuseum.org/art/collection/search/308057,https://images.metmuseum.org/CRDImages/ao/original/DP18568.jpg,candidato_corpus_principal,fragmento textil potencialmente útil; requiere revisión visual,revisar_para_corpus_principal,pasar_a_corpus_principal,fragmento_textil_util,
308113,Embroidered Fragment with Figure,Paracas,,Textiles-Woven,Textile fragment,Camelid hair,https://www.metmuseum.org/art/collection/search/308113,https://images.metmuseum.org/CRDImages/ao/original/DP18528.jpg,candidato_corpus_principal,fragmento textil potencialmente útil; requiere revisión visual,revisar_para_corpus_principal,pasar_a_corpus_principal,fragmento_textil_util,
308048,Embroidered Fragment with Figures,Paracas,,Textiles-Woven,Textile fragment,Camelid hair,https://www.metmuseum.org/art/collection/search/308048,https://images.metmuseum.org/CRDImages/ao/original/DP18558.jpg,candidato_corpus_principal,fragmento textil potencialmente útil; requiere revisión visual,revisar_para_corpus_principal,pasar_a_corpus_principal,fragmento_textil_util,
307852,Embroidered Mantle Fragment,Paracas,,Textiles-Woven,Mantle fragment,Camelid hair,https://www.metmuseum.org/art/collection/search/307852,https://images.metmuseum.org/CRDImages/ao/original/DP18481.jpg,candidato_corpus_principal,pieza textil con superficie o composición potencialmente útil,revisar_para_corpus_principal,pasar_a_corpus_principal,superficie_textil_util,
308034,Embroidered Mantle Fragment,Paracas,,Textiles-Woven,Mantle fragment,Camelid hair,https://www.metmuseum.org/art/collection/search/308034,https://images.metmuseum.org/CRDImages/ao/original/DP18571.jpg,candidato_corpus_principal,pieza textil con superficie o composición potencialmente útil,revisar_para_corpus_principal,pasar_a_corpus_principal,superficie_textil_util,
307679,Embroidered Mantle Fragment,Paracas,,Textiles-Woven,Mantle fragment,Camelid hair,https://www.metmuseum.org/art/collection/search/307679,https://images.metmuseum.org/CRDImages/ao/original/DP18487.jpg,candidato_corpus_principal,pieza textil con superficie o composición potencialmente útil,revisar_para_corpus_principal,pasar_a_corpus_principal,superficie_textil_util,
307851,Embroidered Mantle Fragment,Paracas,,Textiles-Woven,Mantle fragment,Camelid hair,https://www.metmuseum.org/art/collection/search/307851,https://images.metmuseum.org/CRDImages/ao/original/DP18456.jpg,candidato_corpus_principal,pieza textil con superficie o composición potencialmente útil,revisar_para_corpus_principal,pasar_a_corpus_principal,superficie_textil_util,
308036,Embroidered Mantle Fragment,Paracas,,Textiles-Woven,Mantle fragment,Camelid hair,https://www.metmuseum.org/art/collection/search/308036,https://images.metmuseum.org/CRDImages/ao/original/33.149.1-67-70-76.jpg,candidato_corpus_principal,pieza textil con superficie o composición potencialmente útil,revisar_para_corpus_principal,pasar_a_corpus_principal,superficie_textil_util,
307677,Embroidered Mantle Fragment,Paracas,,Textiles-Woven,Mantle fragment,Camelid hair,https://www.metmuseum.org/art/collection/search/307677,https://images.metmuseum.org/CRDImages/ao/original/DP18485.jpg,candidato_corpus_principal,pieza textil con superficie o composición potencialmente útil,revisar_para_corpus_principal,pasar_a_corpus_principal,superficie_textil_util,
308035,Embroidered Mantle Fragment,Paracas,,Textiles-Woven,Mantle fragment,Camelid hair,https://www.metmuseum.org/art/collection/search/308035,https://images.metmuseum.org/CRDImages/ao/original/DP18570.jpg,candidato_corpus_principal,pieza textil con superficie o composición potencialmente útil,revisar_para_corpus_principal,pasar_a_corpus_principal,superficie_textil_util,
308039,Embroidered Mantle Fragment,Paracas,,Textiles-Woven,Mantle fragment,Camelid hair,https://www.metmuseum.org/art/collection/search/308039,https://images.metmuseum.org/CRDImages/ao/original/DP18447.jpg,candidato_corpus_principal,pieza textil con superficie o composición potencialmente útil,revisar_para_corpus_principal,pasar_a_corpus_principal,superficie_textil_util,
308101,Embroidered Mantle Fragment,Paracas,,Textiles-Woven,Mantle fragment,Camelid hair,https://www.metmuseum.org/art/collection/search/308101,https://images.metmuseum.org/CRDImages/ao/original/DP18482.jpg,candidato_corpus_principal,pieza textil con superficie o composición potencialmente útil,revisar_para_corpus_principal,pasar_a_corpus_principal,superficie_textil_util,
308060,Embroidered Border Fragment,Paracas,,Textiles-Woven,Border Fragment,Camelid hair,https://www.metmuseum.org/art/collection/search/308060,https://images.metmuseum.org/CRDImages/ao/original/DP18547.jpg,candidato_corpus_principal,fragmento textil potencialmente útil; requiere revisión visual,revisar_para_corpus_principal,pasar_a_corpus_principal,fragmento_textil_util,
308072,Embroidered Mantle Fragment,Paracas,,Textiles-Woven,Mantle fragment,Camelid hair,https://www.metmuseum.org/art/collection/search/308072,https://images.metmuseum.org/CRDImages/ao/original/DP18535.jpg,candidato_corpus_principal,pieza textil con superficie o composición potencialmente útil,revisar_para_corpus_principal,pasar_a_corpus_principal,superficie_textil_util,
308037,Embroidered Border Fragment,Paracas,,Textiles-Woven,Border Fragment,Camelid hair,https://www.metmuseum.org/art/collection/search/308037,https://images.metmuseum.org/CRDImages/ao/original/DP18551.jpg,candidato_corpus_principal,fragmento textil potencialmente útil; requiere revisión visual,revisar_para_corpus_principal,pasar_a_corpus_principal,fragmento_textil_util,
308068,Embroidered Mantle Fragment,Paracas,,Textiles-Woven,Mantle fragment,Camelid hair,https://www.metmuseum.org/art/collection/search/308068,https://images.metmuseum.org/CRDImages/ao/original/DP18539.jpg,candidato_corpus_principal,pieza textil con superficie o composición potencialmente útil,revisar_para_corpus_principal,pasar_a_corpus_principal,superficie_textil_util,
308098,Embroidered Mantle Fragment,Paracas,,Textiles-Woven,Mantle fragment,Camelid hair,https://www.metmuseum.org/art/collection/search/308098,https://images.metmuseum.org/CRDImages/ao/original/DP18454.jpg,candidato_corpus_principal,pieza textil con superficie o composición potencialmente útil,revisar_para_corpus_principal,pasar_a_corpus_principal,superficie_textil_util,
308040,Embroidered Mantle Fragment,Paracas,,Textiles-Woven,Mantle fragment,Camelid hair,https://www.metmuseum.org/art/collection/search/308040,https://images.metmuseum.org/CRDImages/ao/original/DP18451.jpg,candidato_corpus_principal,pieza textil con superficie o composición potencialmente útil,revisar_para_corpus_principal,pasar_a_corpus_principal,superficie_textil_util,
308070,Embroidered Mantle Fragment,Paracas,,Textiles-Woven,Mantle fragment,Camelid hair,https://www.metmuseum.org/art/collection/search/308070,https://images.metmuseum.org/CRDImages/ao/original/DP18537.jpg,candidato_corpus_principal,pieza textil con superficie o composición potencialmente útil,revisar_para_corpus_principal,pasar_a_corpus_principal,superficie_textil_util,
308058,Embroidered Border Fragment,Paracas,,Textiles-Woven,Border Fragment,Camelid hair,https://www.metmuseum.org/art/collection/search/308058,https://images.metmuseum.org/CRDImages/ao/original/DP18549.jpg,candidato_corpus_principal,fragmento textil potencialmente útil; requiere revisión visual,revisar_para_corpus_principal,pasar_a_corpus_principal,fragmento_textil_util,
308076,Embroidered Mantle Fragment,Paracas,,Textiles-Woven,Mantle fragment,Camelid hair,https://www.metmuseum.org/art/collection/search/308076,https://images.metmuseum.org/CRDImages/ao/original/33.149.41.jpg,candidato_corpus_principal,pieza textil con superficie o composición potencialmente útil,revisar_para_corpus_principal,pasar_a_corpus_principal,superficie_textil_util,
308053,Embroidered Border Fragment,Paracas,,Textiles-Woven,Border Fragment,Camelid hair,https://www.metmuseum.org/art/collection/search/308053,https://images.metmuseum.org/CRDImages/ao/original/DP18553.jpg,candidato_corpus_principal,fragmento textil potencialmente útil; requiere revisión visual,revisar_para_corpus_principal,pasar_a_corpus_principal,fragmento_textil_util,
308077,Embroidered Mantle Fragment,Paracas,,Textiles-Woven,Mantle fragment,Camelid hair,https://www.metmuseum.org/art/collection/search/308077,https://images.metmuseum.org/CRDImages/ao/original/DP18450.jpg,candidato_corpus_principal,pieza textil con superficie o composición potencialmente útil,revisar_para_corpus_principal,pasar_a_corpus_principal,superficie_textil_util,
308105,Embroidered Mantle Fragment,Paracas,,Textiles-Woven,Mantle fragment,Camelid hair,https://www.metmuseum.org/art/collection/search/308105,https://images.metmuseum.org/CRDImages/ao/original/DP18461.jpg,candidato_corpus_principal,pieza textil con superficie o composición potencialmente útil,revisar_para_corpus_principal,pasar_a_corpus_principal,superficie_textil_util,
307683,Embroidered Mantle Fragment,Paracas,,Textiles-Woven,Mantle fragment,Camelid hair,https://www.metmuseum.org/art/collection/search/307683,https://images.metmuseum.org/CRDImages/ao/original/33.149.76-94.jpg,candidato_corpus_principal,pieza textil con superficie o composición potencialmente útil,revisar_para_corpus_principal,pasar_a_corpus_principal,superficie_textil_util,
308044,Embroidered Border Fragment,Paracas,,Textiles-Woven,Border Fragment,Camelid hair,https://www.metmuseum.org/art/collection/search/308044,https://images.metmuseum.org/CRDImages/ao/original/DP18526.jpg,candidato_corpus_principal,fragmento textil potencialmente útil; requiere revisión visual,revisar_para_corpus_principal,pasar_a_corpus_principal,fragmento_textil_util,
308042,Embroidered Border Fragment,Paracas,,Textiles-Woven,Border Fragment,Camelid hair,https://www.metmuseum.org/art/collection/search/308042,https://images.metmuseum.org/CRDImages/ao/original/TP391.jpg,candidato_corpus_principal,fragmento textil potencialmente útil; requiere revisión visual,revisar_para_corpus_principal,pasar_a_corpus_principal,fragmento_textil_util,
307950,Tunic,Nasca,,Textiles-Woven,Tunic,Camelid hair,https://www.metmuseum.org/art/collection/search/307950,https://images.metmuseum.org/CRDImages/ao/original/DP233569.jpg,candidato_corpus_principal,pieza textil con superficie o composición potencialmente útil,revisar_para_corpus_principal,pasar_a_corpus_principal,superficie_textil_util,
308285,Panel,Nasca,,Textiles-Woven,Panel,Camelid hair,https://www.metmuseum.org/art/collection/search/308285,https://images.metmuseum.org/CRDImages/ao/original/169777.jpg,candidato_corpus_principal,pieza textil con superficie o composición potencialmente útil,revisar_para_corpus_principal,pasar_a_corpus_principal,superficie_textil_util,
308284,Panel,Nasca,,Textiles-Woven,Panel,Camelid hair,https://www.metmuseum.org/art/collection/search/308284,https://images.metmuseum.org/CRDImages/ao/original/169776.jpg,candidato_corpus_principal,pieza textil con superficie o composición potencialmente útil,revisar_para_corpus_principal,pasar_a_corpus_principal,superficie_textil_util,
307960,Band Fragment,Nasca,,Textiles-Woven,Textile fragment,Camelid hair,https://www.metmuseum.org/art/collection/search/307960,https://images.metmuseum.org/CRDImages/ao/original/29.146.9.jpg,candidato_corpus_principal,fragmento textil potencialmente útil; requiere revisión visual,revisar_para_corpus_principal,pasar_a_corpus_principal,fragmento_textil_util,
307972,Band Fragment,Nasca,,Textiles-Woven,Textile fragment,Camelid hair,https://www.metmuseum.org/art/collection/search/307972,https://images.metmuseum.org/CRDImages/ao/original/DP18617.jpg,candidato_corpus_principal,fragmento textil potencialmente útil; requiere revisión visual,revisar_para_corpus_principal,pasar_a_corpus_principal,fragmento_textil_util,
308016,Fragment with Figures,Nasca,,Textiles-Woven,Textile fragment,Camelid hair,https://www.metmuseum.org/art/collection/search/308016,https://images.metmuseum.org/CRDImages/ao/original/DP18620.jpg,candidato_corpus_principal,fragmento textil potencialmente útil; requiere revisión visual,revisar_para_corpus_principal,pasar_a_corpus_principal,fragmento_textil_util,
308017,Embroidered Fragment,Nasca,,Textiles-Woven,Textile fragment,Camelid hair,https://www.metmuseum.org/art/collection/search/308017,https://images.metmuseum.org/CRDImages/ao/original/DP18640.jpg,candidato_corpus_principal,fragmento textil potencialmente útil; requiere revisión visual,revisar_para_corpus_principal,pasar_a_corpus_principal,fragmento_textil_util,
307841,Fringed Bag,Nasca,,Textiles-Woven,Bag,Camelid hair,https://www.metmuseum.org/art/collection/search/307841,https://images.metmuseum.org/CRDImages/ao/original/DP18589.jpg,candidato_corpus_principal,pieza textil con superficie o composición potencialmente útil,revisar_para_corpus_principal,pasar_a_corpus_principal,superficie_textil_util,
307844,Fringed Bag,Nasca,,Textiles-Woven,Bag,Camelid hair,https://www.metmuseum.org/art/collection/search/307844,https://images.metmuseum.org/CRDImages/ao/original/DP18605.jpg,candidato_corpus_principal,pieza textil con superficie o composición potencialmente útil,revisar_para_corpus_principal,pasar_a_corpus_principal,superficie_textil_util,
307968,Band Fragment,Nasca,,Textiles-Woven,Band fragment,Camelid hair,https://www.metmuseum.org/art/collection/search/307968,https://images.metmuseum.org/CRDImages/ao/original/29.146.16.jpg,candidato_corpus_principal,fragmento textil potencialmente útil; requiere revisión visual,revisar_para_corpus_principal,pasar_a_corpus_principal,fragmento_textil_util,
307966,Band Fragment,Nasca,,Textiles-Woven,Band fragment,Camelid hair,https://www.metmuseum.org/art/collection/search/307966,https://images.metmuseum.org/CRDImages/ao/original/29.146.14 -15.jpg,candidato_corpus_principal,fragmento textil potencialmente útil; requiere revisión visual,revisar_para_corpus_principal,pasar_a_corpus_principal,fragmento_textil_util,
307965,Band Fragment,Nasca,,Textiles-Woven,Band fragment,Camelid hair,https://www.metmuseum.org/art/collection/search/307965,https://images.metmuseum.org/CRDImages/ao/original/DP18634.jpg,candidato_corpus_principal,fragmento textil potencialmente útil; requiere revisión visual,revisar_para_corpus_principal,pasar_a_corpus_principal,fragmento_textil_util,
307964,Band Fragment,Nasca,,Textiles-Woven,Band fragment,Camelid hair,https://www.metmuseum.org/art/collection/search/307964,https://images.metmuseum.org/CRDImages/ao/original/DP18634.jpg,candidato_corpus_principal,fragmento textil potencialmente útil; requiere revisión visual,revisar_para_corpus_principal,pasar_a_corpus_principal,fragmento_textil_util,
308027,Fringed Bag,Nasca,,Textiles-Woven,Bag,Camelid hair,https://www.metmuseum.org/art/collection/search/308027,https://images.metmuseum.org/CRDImages/ao/original/DP18600.jpg,candidato_corpus_principal,pieza textil con superficie o composición potencialmente útil,revisar_para_corpus_principal,pasar_a_corpus_principal,superficie_textil_util,
308028,Bag,Nasca,,Textiles-Woven,Bag,Camelid hair,https://www.metmuseum.org/art/collection/search/308028,https://images.metmuseum.org/CRDImages/ao/original/DP18595.jpg,candidato_corpus_principal,pieza textil con superficie o composición potencialmente útil,revisar_para_corpus_principal,pasar_a_corpus_principal,superficie_textil_util,
308025,Bag,Nasca,,Textiles-Woven,Bag,Camelid hair,https://www.metmuseum.org/art/collection/search/308025,https://images.metmuseum.org/CRDImages/ao/original/DP18593.jpg,candidato_corpus_principal,pieza textil con superficie o composición potencialmente útil,revisar_para_corpus_principal,pasar_a_corpus_principal,superficie_textil_util,
307967,Band Fragment,Nasca,,Textiles-Woven,Band fragment,Camelid hair,https://www.metmuseum.org/art/collection/search/307967,https://images.metmuseum.org/CRDImages/ao/original/29.146.14 -15.jpg,candidato_corpus_principal,fragmento textil potencialmente útil; requiere revisión visual,revisar_para_corpus_principal,pasar_a_corpus_principal,fragmento_textil_util,
307963,Bag,Nasca,,Textiles-Woven,Bag,Camelid hair,https://www.metmuseum.org/art/collection/search/307963,https://images.metmuseum.org/CRDImages/ao/original/DP18609.jpg,candidato_corpus_principal,pieza textil con superficie o composición potencialmente útil,revisar_para_corpus_principal,pasar_a_corpus_principal,superficie_textil_util,
308029,Fringed Bag,Nasca,,Textiles-Woven,Bag,Camelid hair,https://www.metmuseum.org/art/collection/search/308029,https://images.metmuseum.org/CRDImages/ao/original/DP18594.jpg,candidato_corpus_principal,pieza textil con superficie o composición potencialmente útil,revisar_para_corpus_principal,pasar_a_corpus_principal,superficie_textil_util,
307971,Border Fragments,Nasca,,Textiles-Woven,Border fragments,Camelid hair,https://www.metmuseum.org/art/collection/search/307971,https://images.metmuseum.org/CRDImages/ao/original/DP18443.jpg,candidato_corpus_principal,fragmento textil potencialmente útil; requiere revisión visual,revisar_para_corpus_principal,descartar,fragmento_no_legible,
308026,Fringed Bag,Nasca,,Textiles-Woven,Bag,Camelid hair,https://www.metmuseum.org/art/collection/search/308026,https://images.metmuseum.org/CRDImages/ao/original/DP18586_32.32.13.jpg,candidato_corpus_principal,pieza textil con superficie o composición potencialmente útil,revisar_para_corpus_principal,pasar_a_corpus_principal,superficie_textil_util,
308021,Bag,Nasca,,Textiles-Woven,Bag,Camelid hair,https://www.metmuseum.org/art/collection/search/308021,https://images.metmuseum.org/CRDImages/ao/original/DP18587_32.32.8.jpg,candidato_corpus_principal,pieza textil con superficie o composición potencialmente útil,revisar_para_corpus_principal,pasar_a_corpus_principal,superficie_textil_util,
308023,Bag,Nasca,,Textiles-Woven,Bag,Camelid hair,https://www.metmuseum.org/art/collection/search/308023,https://images.metmuseum.org/CRDImages/ao/original/DP18585_32.32.10.jpg,candidato_corpus_principal,pieza textil con superficie o composición potencialmente útil,revisar_para_corpus_principal,pasar_a_corpus_principal,superficie_textil_util,
307843,Tapestry Bag with Fringes,Nasca,,Textiles-Woven,Bag,Camelid hair,https://www.metmuseum.org/art/collection/search/307843,https://images.metmuseum.org/CRDImages/ao/original/DP18590.jpg,candidato_corpus_principal,pieza textil con superficie o composición potencialmente útil,revisar_para_corpus_principal,pasar_a_corpus_principal,superficie_textil_util,
307970,Border Fragment,Nasca,,Textiles-Woven,Border fragment,Camelid hair,https://www.metmuseum.org/art/collection/search/307970,https://images.metmuseum.org/CRDImages/ao/original/DP218997.jpg,candidato_corpus_principal,fragmento textil potencialmente útil; requiere revisión visual,revisar_para_corpus_principal,descartar,fragmento_no_legible,
308282,Panel with Figures,Nasca,,Textiles-Non-Woven,Textile fragment,Camelid hair,https://www.metmuseum.org/art/collection/search/308282,https://images.metmuseum.org/CRDImages/ao/original/TP410.jpg,candidato_corpus_principal,título indica pieza textil principal con superficie útil,revisar_para_corpus_principal,pasar_a_corpus_principal,superficie_textil_util,
314363,Tunic,Nasca,,Textiles-Woven,Tunic,Camelid hair,https://www.metmuseum.org/art/collection/search/314363,https://images.metmuseum.org/CRDImages/ao/original/DP221262.jpg,candidato_corpus_principal,pieza textil con superficie o composición potencialmente útil,revisar_para_corpus_principal,pasar_a_corpus_principal,superficie_textil_util,
316921,Bag,Nasca (?),,Textiles-Woven,Bag,Camelid hair,https://www.metmuseum.org/art/collection/search/316921,https://images.metmuseum.org/CRDImages/ao/original/DP18608.jpg,candidato_corpus_principal,pieza textil con superficie o composición potencialmente útil,revisar_para_corpus_principal,pasar_a_corpus_principal,superficie_textil_util,
313339,Dress Fragment,Nasca,,Textiles-Woven,Textile fragment,"Cotton, pigment",https://www.metmuseum.org/art/collection/search/313339,https://images.metmuseum.org/CRDImages/ao/original/SC207347.jpg,candidato_corpus_principal,fragmento textil potencialmente útil; requiere revisión visual,revisar_para_corpus_principal,descartar,fragmento_no_legible,
307953,Fragmentary Band,Nasca,,Textiles-Woven,Band fragment,"Camelid hair, cotton",https://www.metmuseum.org/art/collection/search/307953,https://images.metmuseum.org/CRDImages/ao/original/DP18444.jpg,candidato_corpus_principal,fragmento textil potencialmente útil; requiere revisión visual,revisar_para_corpus_principal,pasar_a_corpus_principal,fragmento_textil_util,
307969,Border Fragment,Nasca,,Textiles-Woven,Border fragment,"Camelid hair, cotton",https://www.metmuseum.org/art/collection/search/307969,https://images.metmuseum.org/CRDImages/ao/original/DP18504.jpg,candidato_corpus_principal,fragmento textil potencialmente útil; requiere revisión visual,revisar_para_corpus_principal,descartar,fragmento_no_legible,
307961,Band Fragment,Nasca,,Textiles-Woven,Textile fragment,"Camelid hair, cotton",https://www.metmuseum.org/art/collection/search/307961,https://images.metmuseum.org/CRDImages/ao/original/75153.jpg,candidato_corpus_principal,fragmento textil potencialmente útil; requiere revisión visual,revisar_para_corpus_principal,pasar_a_corpus_principal,fragmento_textil_util,
308015,Tapestry Panel,Nasca,,Textiles-Woven,Textile fragment,"Camelid hair, cotton",https://www.metmuseum.org/art/collection/search/308015,https://images.metmuseum.org/CRDImages/ao/original/DP18635.jpg,candidato_corpus_principal,título indica pieza textil principal con superficie útil,revisar_para_corpus_principal,pasar_a_corpus_principal,superficie_textil_util,
307933,Tapestry Fragment with Figures,Nasca (?),,Textiles-Woven,Textile fragment,"Camelid hair, cotton",https://www.metmuseum.org/art/collection/search/307933,https://images.metmuseum.org/CRDImages/ao/original/LC-28_64_27_TMSa.jpg,candidato_corpus_principal,fragmento textil potencialmente útil; requiere revisión visual,revisar_para_corpus_principal,pasar_a_corpus_principal,fragmento_textil_util,
316925,Bag,Nasca (?),,Textiles-Woven,Bag,Camelid hair,https://www.metmuseum.org/art/collection/search/316925,https://images.metmuseum.org/CRDImages/ao/original/DP18612.jpg,candidato_corpus_principal,pieza textil con superficie o composición potencialmente útil,revisar_para_corpus_principal,pasar_a_corpus_principal,superficie_textil_util,
307962,Bag Fragment,Nasca,,Textiles-Woven,Bag fragment,"Camelid hair, cotton",https://www.metmuseum.org/art/collection/search/307962,https://images.metmuseum.org/CRDImages/ao/original/29.146.11.jpg,candidato_corpus_principal,pieza textil con superficie o composición potencialmente útil,revisar_para_corpus_principal,pasar_a_corpus_principal,superficie_textil_util,
307952,Tunic Fragment,Nasca (?),,Textiles-Woven,Tunic fragment,Camelid hair,https://www.metmuseum.org/art/collection/search/307952,https://images.metmuseum.org/CRDImages/ao/original/DP18638.jpg,candidato_corpus_principal,pieza textil con superficie o composición potencialmente útil,revisar_para_corpus_principal,descartar,fragmento_no_legible,
313129,Hanging,Wari (?),,Textiles-Woven,Hanging,"Cotton, paint",https://www.metmuseum.org/art/collection/search/313129,https://images.metmuseum.org/CRDImages/ao/original/222460.jpg,candidato_corpus_principal,pieza textil con superficie o composición potencialmente útil,revisar_para_corpus_principal,descartar,fragmento_no_legible,
312614,Tunic Section,Wari,,Textiles-Woven,Tunic fragment,"Camelid hair, cotton",https://www.metmuseum.org/art/collection/search/312614,https://images.metmuseum.org/CRDImages/ao/original/TP411.jpg,candidato_corpus_principal,pieza textil con superficie o composición potencialmente útil,revisar_para_corpus_principal,pasar_a_corpus_principal,superficie_textil_util,
308283,Panel with Figures,Chancay,,Textiles-Woven,Textile fragment,"Cotton, paint",https://www.metmuseum.org/art/collection/search/308283,https://images.metmuseum.org/CRDImages/ao/original/DP221260.jpg,candidato_corpus_principal,título indica pieza textil principal con superficie útil,revisar_para_corpus_principal,pasar_a_corpus_principal,superficie_textil_util,
313135,Openwork Headband,Chancay,,Textiles-Costumes,Headband fragment,Cotton,https://www.metmuseum.org/art/collection/search/313135,https://images.metmuseum.org/CRDImages/ao/original/222466.jpg,candidato_corpus_principal,fragmento textil potencialmente útil; requiere revisión visual,revisar_para_corpus_principal,descartar,fragmento_no_legible,
312669,Panel,Chancay,,Textiles-Woven,Panel,"Cotton, paint",https://www.metmuseum.org/art/collection/search/312669,https://images.metmuseum.org/CRDImages/ao/original/1979_206_459_EX_01.jpg,candidato_corpus_principal,pieza textil con superficie o composición potencialmente útil,revisar_para_corpus_principal,pasar_a_corpus_principal,superficie_textil_util,
310059,Painted Woven Panel,Chancay,,Textiles-Woven,Panel,"Cotton, paint",https://www.metmuseum.org/art/collection/search/310059,https://images.metmuseum.org/CRDImages/ao/original/vs1978_412_13.jpg,candidato_corpus_principal,pieza textil con superficie o composición potencialmente útil,revisar_para_corpus_principal,pasar_a_corpus_principal,superficie_textil_util,
307943,Fragment,Chancay,,Textiles-Woven,Fragment,"Camelid hair, cotton",https://www.metmuseum.org/art/collection/search/307943,https://images.metmuseum.org/CRDImages/ao/original/DP101351.jpg,candidato_corpus_principal,fragmento textil potencialmente útil; requiere revisión visual,revisar_para_corpus_principal,pasar_a_corpus_principal,fragmento_textil_util,
307940,Fragment,Chancay,,Textiles-Woven,Textile fragment,"Camelid hair, cotton",https://www.metmuseum.org/art/collection/search/307940,https://images.metmuseum.org/CRDImages/ao/original/72153.jpg,candidato_corpus_principal,fragmento textil potencialmente útil; requiere revisión visual,revisar_para_corpus_principal,pasar_a_corpus_principal,fragmento_textil_util,
308290,Fragment,Chancay,,Textiles-Woven,Panel,"Cotton, camelid hair",https://www.metmuseum.org/art/collection/search/308290,https://images.metmuseum.org/CRDImages/ao/original/175775.jpg,candidato_corpus_principal,pieza textil con superficie o composición potencialmente útil,revisar_para_corpus_principal,pasar_a_corpus_principal,superficie_textil_util,
307806,Tapestry Border Fragment with Tab Fringes,Chancay,,Textiles-Woven,Border fragment,"Camelid hair, cotton",https://www.metmuseum.org/art/collection/search/307806,https://images.metmuseum.org/CRDImages/ao/original/vs09_50_1085.jpg,candidato_corpus_principal,fragmento textil potencialmente útil; requiere revisión visual,revisar_para_corpus_principal,pasar_a_corpus_principal,fragmento_textil_util,
313121,Panel,Chancay,,Textiles-Woven,Panel,"Cotton, camelid hair",https://www.metmuseum.org/art/collection/search/313121,https://images.metmuseum.org/CRDImages/ao/original/222448.jpg,candidato_corpus_principal,pieza textil con superficie o composición potencialmente útil,revisar_para_corpus_principal,pasar_a_corpus_principal,superficie_textil_util,
316983,Four-Cornered Hat,Tiwanaku,,Textiles-Costumes,Hat,Camelid hair,https://www.metmuseum.org/art/collection/search/316983,https://images.metmuseum.org/CRDImages/ao/original/DP-29592-001.jpg,revision_prenda_iconografica_prioritaria,prenda Wari/Tiwanaku con posible valor iconográfico,revisar_para_corpus_principal_o_secundario,pasar_a_corpus_secundario,prenda_tridimensional_util,
316981,Four-Cornered Hat,Tiwanaku,,Textiles-Costumes,Hat,Camelid hair,https://www.metmuseum.org/art/collection/search/316981,https://images.metmuseum.org/CRDImages/ao/original/DP-29590-001.jpg,revision_prenda_iconografica_prioritaria,prenda Wari/Tiwanaku con posible valor iconográfico,revisar_para_corpus_principal_o_secundario,pasar_a_corpus_secundario,prenda_tridimensional_util,
316342,Four-Cornered Hat,Wari,,Textiles-Costumes,Hat,Camelid hair,https://www.metmuseum.org/art/collection/search/316342,https://images.metmuseum.org/CRDImages/ao/original/DP-29624-001.jpg,revision_prenda_iconografica_prioritaria,prenda Wari/Tiwanaku con posible valor iconográfico,revisar_para_corpus_principal_o_secundario,pasar_a_corpus_secundario,prenda_tridimensional_util,
316727,Four-Cornered Hat,Wari,,Textiles-Costumes,Hat,Camelid hair,https://www.metmuseum.org/art/collection/search/316727,https://images.metmuseum.org/CRDImages/ao/original/DP-29608-001.jpg,revision_prenda_iconografica_prioritaria,prenda Wari/Tiwanaku con posible valor iconográfico,revisar_para_corpus_principal_o_secundario,pasar_a_corpus_secundario,prenda_tridimensional_util,
314620,Four-Cornered Hat,Wari,,Textiles-Costumes,Hat,Camelid hair,https://www.metmuseum.org/art/collection/search/314620,https://images.metmuseum.org/CRDImages/ao/original/DP-29602-001.jpg,revision_prenda_iconografica_prioritaria,prenda Wari/Tiwanaku con posible valor iconográfico,revisar_para_corpus_principal_o_secundario,pasar_a_corpus_secundario,prenda_tridimensional_util,
316968,Four-Cornered Hat,Wari,,Textiles-Costumes,Hat,Camelid hair,https://www.metmuseum.org/art/collection/search/316968,https://images.metmuseum.org/CRDImages/ao/original/DP-29615-001.jpg,revision_prenda_iconografica_prioritaria,prenda Wari/Tiwanaku con posible valor iconográfico,revisar_para_corpus_principal_o_secundario,pasar_a_corpus_secundario,prenda_tridimensional_util,
316972,Four-Cornered Hat,Wari,,Textiles-Costumes,Hat,Camelid hair,https://www.metmuseum.org/art/collection/search/316972,https://images.metmuseum.org/CRDImages/ao/original/DP-29619-001.jpg,revision_prenda_iconografica_prioritaria,prenda Wari/Tiwanaku con posible valor iconográfico,revisar_para_corpus_principal_o_secundario,pasar_a_corpus_secundario,prenda_tridimensional_util,
316975,Four-Cornered Hat,Wari,,Textiles-Costumes,Hat,Camelid hair,https://www.metmuseum.org/art/collection/search/316975,https://images.metmuseum.org/CRDImages/ao/original/DP-29627-001.jpg,revision_prenda_iconografica_prioritaria,prenda Wari/Tiwanaku con posible valor iconográfico,revisar_para_corpus_principal_o_secundario,pasar_a_corpus_secundario,prenda_tridimensional_util,
316964,Four-Cornered Hat,Wari,,Textiles-Costumes,Hat,Camelid hair,https://www.metmuseum.org/art/collection/search/316964,https://images.metmuseum.org/CRDImages/ao/original/DP-29611-001.jpg,revision_prenda_iconografica_prioritaria,prenda Wari/Tiwanaku con posible valor iconográfico,revisar_para_corpus_principal_o_secundario,pasar_a_corpus_secundario,prenda_tridimensional_util,
316977,Four-Cornered Hat,Wari,,Textiles-Costumes,Hat,Camelid hair,https://www.metmuseum.org/art/collection/search/316977,https://images.metmuseum.org/CRDImages/ao/original/DP-29629-001.jpg,revision_prenda_iconografica_prioritaria,prenda Wari/Tiwanaku con posible valor iconográfico,revisar_para_corpus_principal_o_secundario,pasar_a_corpus_secundario,prenda_tridimensional_util,
316969,Four-Cornered Hat,Wari,,Textiles-Costumes,Hat,Camelid hair,https://www.metmuseum.org/art/collection/search/316969,https://images.metmuseum.org/CRDImages/ao/original/DP-29616-001.jpg,revision_prenda_iconografica_prioritaria,prenda Wari/Tiwanaku con posible valor iconográfico,revisar_para_corpus_principal_o_secundario,pasar_a_corpus_secundario,prenda_tridimensional_util,
316988,Four-Cornered Hat,Wari,,Textiles-Costumes,Hat,Camelid hair,https://www.metmuseum.org/art/collection/search/316988,https://images.metmuseum.org/CRDImages/ao/original/DP-29630-001.jpg,revision_prenda_iconografica_prioritaria,prenda Wari/Tiwanaku con posible valor iconográfico,revisar_para_corpus_principal_o_secundario,pasar_a_corpus_secundario,prenda_tridimensional_util,
316976,Four-Cornered Hat,Wari,,Textiles-Costumes,Hat,Camelid hair,https://www.metmuseum.org/art/collection/search/316976,https://images.metmuseum.org/CRDImages/ao/original/DP-29628-001.jpg,revision_prenda_iconografica_prioritaria,prenda Wari/Tiwanaku con posible valor iconográfico,revisar_para_corpus_principal_o_secundario,pasar_a_corpus_secundario,prenda_tridimensional_util,
316971,Four-Cornered Hat,Wari,,Textiles-Costumes,Hat,Camelid hair,https://www.metmuseum.org/art/collection/search/316971,https://images.metmuseum.org/CRDImages/ao/original/DP-29618-001.jpg,revision_prenda_iconografica_prioritaria,prenda Wari/Tiwanaku con posible valor iconográfico,revisar_para_corpus_principal_o_secundario,pasar_a_corpus_secundario,prenda_tridimensional_util,
316967,Four-Cornered Hat,Wari,,Textiles-Costumes,Hat,Camelid hair,https://www.metmuseum.org/art/collection/search/316967,https://images.metmuseum.org/CRDImages/ao/original/DP-29614-001.jpg,revision_prenda_iconografica_prioritaria,prenda Wari/Tiwanaku con posible valor iconográfico,revisar_para_corpus_principal_o_secundario,pasar_a_corpus_secundario,prenda_tridimensional_util,
316974,Four-Cornered Hat,Wari,,Textiles-Costumes,Hat,Camelid hair,https://www.metmuseum.org/art/collection/search/316974,https://images.metmuseum.org/CRDImages/ao/original/DP-29626-001.jpg,revision_prenda_iconografica_prioritaria,prenda Wari/Tiwanaku con posible valor iconográfico,revisar_para_corpus_principal_o_secundario,pasar_a_corpus_secundario,prenda_tridimensional_util,
316973,Four-Cornered Hat,Wari,,Textiles-Costumes,Hat,Camelid hair,https://www.metmuseum.org/art/collection/search/316973,https://images.metmuseum.org/CRDImages/ao/original/DP-29620-001.jpg,revision_prenda_iconografica_prioritaria,prenda Wari/Tiwanaku con posible valor iconográfico,revisar_para_corpus_principal_o_secundario,pasar_a_corpus_secundario,prenda_tridimensional_util,
316343,Four-Cornered Hat,Wari,,Textiles-Costumes,Hat,Camelid hair,https://www.metmuseum.org/art/collection/search/316343,https://images.metmuseum.org/CRDImages/ao/original/DP-29625-001.jpg,revision_prenda_iconografica_prioritaria,prenda Wari/Tiwanaku con posible valor iconográfico,revisar_para_corpus_principal_o_secundario,pasar_a_corpus_secundario,prenda_tridimensional_util,
316341,Four-Cornered Hat,Wari,,Textiles-Costumes,Hat,Camelid hair,https://www.metmuseum.org/art/collection/search/316341,https://images.metmuseum.org/CRDImages/ao/original/DP-29623-001.jpg,revision_prenda_iconografica_prioritaria,prenda Wari/Tiwanaku con posible valor iconográfico,revisar_para_corpus_principal_o_secundario,pasar_a_corpus_secundario,prenda_tridimensional_util,
316340,Four-Cornered Hat,Wari,,Textiles-Costumes,Hat,Camelid hair,https://www.metmuseum.org/art/collection/search/316340,https://images.metmuseum.org/CRDImages/ao/original/DP-29622-001.jpg,revision_prenda_iconografica_prioritaria,prenda Wari/Tiwanaku con posible valor iconográfico,revisar_para_corpus_principal_o_secundario,pasar_a_corpus_secundario,prenda_tridimensional_util,
314622,Four-Cornered Hat,Wari,,Textiles-Costumes,Hat,Camelid hair,https://www.metmuseum.org/art/collection/search/314622,https://images.metmuseum.org/CRDImages/ao/original/DP-29603-001.jpg,revision_prenda_iconografica_prioritaria,prenda Wari/Tiwanaku con posible valor iconográfico,revisar_para_corpus_principal_o_secundario,pasar_a_corpus_secundario,prenda_tridimensional_util,
314624,Four-Cornered Hat,Wari,,Textiles-Costumes,Hat,Camelid hair,https://www.metmuseum.org/art/collection/search/314624,https://images.metmuseum.org/CRDImages/ao/original/DP-29605-001.jpg,revision_prenda_iconografica_prioritaria,prenda Wari/Tiwanaku con posible valor iconográfico,revisar_para_corpus_principal_o_secundario,pasar_a_corpus_secundario,prenda_tridimensional_util,
316948,Openweave Cap,Peruvian,,Textiles-Costumes,Hat,Cotton,https://www.metmuseum.org/art/collection/search/316948,https://images.metmuseum.org/CRDImages/ao/original/hz1994_35_123.jpg,revision_prenda_accesorio,prenda/accesorio textil; revisar si aporta patrón o iconografía,revisar_para_secundario,descartar,fragmento_no_legible,
316949,Openweave Cap with Tassels,Peruvian,,Textiles-Costumes,Hat,Cotton,https://www.metmuseum.org/art/collection/search/316949,https://images.metmuseum.org/CRDImages/ao/original/DP101292.jpg,revision_prenda_accesorio,prenda/accesorio textil; revisar si aporta patrón o iconografía,revisar_para_secundario,descartar,fragmento_no_legible,
315785,Hat,Peruvian,,Textiles-Woven,Hat,Cotton,https://www.metmuseum.org/art/collection/search/315785,https://images.metmuseum.org/CRDImages/ao/original/vs1987_394_705.jpg,revision_prenda_accesorio,prenda/accesorio textil; revisar si aporta patrón o iconografía,revisar_para_secundario,descartar,fragmento_no_legible,
316940,Hat,Peruvian,,Textiles-Costumes,Hat,Camelid hair,https://www.metmuseum.org/art/collection/search/316940,https://images.metmuseum.org/CRDImages/ao/original/DP18717.jpg,revision_prenda_accesorio,prenda/accesorio textil; revisar si aporta patrón o iconografía,revisar_para_secundario,descartar,fragmento_no_legible,
316955,Cap,Peruvian,,Textiles-Costumes,Hat,Camelid hair,https://www.metmuseum.org/art/collection/search/316955,https://images.metmuseum.org/CRDImages/ao/original/DP-30089-001.jpg,revision_prenda_accesorio,prenda/accesorio textil; revisar si aporta patrón o iconografía,revisar_para_secundario,pasar_a_corpus_secundario,prenda_tridimensional_util,
314614,Cap Woven with Human Hair,Inca,,Textiles-Woven,Hat,"Camelid hair, human hair",https://www.metmuseum.org/art/collection/search/314614,https://images.metmuseum.org/CRDImages/ao/original/DP-30090-001.jpg,revision_prenda_accesorio,prenda/accesorio textil; revisar si aporta patrón o iconografía,revisar_para_secundario,pasar_a_corpus_secundario,prenda_tridimensional_util,
318460,False Face for Funerary Bundle,Paracas,,Textiles-Woven,Mask,"Cotton, paint",https://www.metmuseum.org/art/collection/search/318460,https://images.metmuseum.org/CRDImages/ao/original/vsl1995_49.jpg,revision_prenda_accesorio,prenda/accesorio textil; revisar si aporta patrón o iconografía,revisar_para_secundario,pasar_a_corpus_principal,composicion_visual_util,
315772,Headband with ornamental tassels,Nasca,,Textiles-Woven,Tassels,Camelid hair,https://www.metmuseum.org/art/collection/search/315772,https://images.metmuseum.org/CRDImages/ao/original/DP-26542-001.jpg,revision_formato_longitudinal,formato longitudinal; revisar si aporta motivos útiles,revisar_para_secundario_o_principal,pasar_a_corpus_principal,composicion_visual_util,
307944,Sash,Chimú,,Textiles-Woven,Sash,Camelid hair,https://www.metmuseum.org/art/collection/search/307944,https://images.metmuseum.org/CRDImages/ao/original/LC-28_171_7_TMSa.jpg,revision_formato_longitudinal,formato longitudinal; revisar si aporta motivos útiles,revisar_para_secundario_o_principal,pasar_a_corpus_principal,composicion_visual_util,
316931,Headband,Peruvian,,Textiles-Woven,Headband,Camelid hair,https://www.metmuseum.org/art/collection/search/316931,https://images.metmuseum.org/CRDImages/ao/original/1994.35.106_a.JPG,revision_formato_longitudinal,formato longitudinal; revisar si aporta motivos útiles,revisar_para_secundario_o_principal,pasar_a_corpus_principal,composicion_visual_util,
309528,Band,Inca,,Textiles-Woven,Band,Camelid hair,https://www.metmuseum.org/art/collection/search/309528,https://images.metmuseum.org/CRDImages/ao/original/189514.jpg,revision_formato_longitudinal,formato longitudinal; revisar si aporta motivos útiles,revisar_para_secundario_o_principal,pasar_a_corpus_principal,composicion_visual_util,
318888,Headband,Inca,,Textiles-Woven,Headband,Camelid hair,https://www.metmuseum.org/art/collection/search/318888,https://images.metmuseum.org/CRDImages/ao/original/DP-13440-001.jpg,revision_formato_longitudinal,formato longitudinal; revisar si aporta motivos útiles,revisar_para_secundario_o_principal,descartar,fragmento_no_legible,
312933,Headband,Nasca,,Textiles-Woven,Headdress,Camelid fiber,https://www.metmuseum.org/art/collection/search/312933,https://images.metmuseum.org/CRDImages/ao/original/DP-26538-001.jpg,revision_formato_longitudinal,formato longitudinal; revisar si aporta motivos útiles,revisar_para_secundario_o_principal,pasar_a_corpus_secundario,faja_o_banda_util_secundario,
308018,Sash Fragment,Nasca,,Textiles-Woven,Sash,Camelid hair,https://www.metmuseum.org/art/collection/search/308018,https://images.metmuseum.org/CRDImages/ao/original/DP18628.jpg,revision_formato_longitudinal,formato longitudinal; revisar si aporta motivos útiles,revisar_para_secundario_o_principal,descartar,fragmento_no_legible,
308020,Sash Fragment,Nasca,,Textiles-Woven,Sash,Camelid hair,https://www.metmuseum.org/art/collection/search/308020,https://images.metmuseum.org/CRDImages/ao/original/DP18630.jpg,revision_formato_longitudinal,formato longitudinal; revisar si aporta motivos útiles,revisar_para_secundario_o_principal,descartar,fragmento_no_legible,
308019,Sash Fragment,Nasca,,Textiles-Woven,Sash,Camelid hair,https://www.metmuseum.org/art/collection/search/308019,https://images.metmuseum.org/CRDImages/ao/original/DP18629.jpg,revision_formato_longitudinal,formato longitudinal; revisar si aporta motivos útiles,revisar_para_secundario_o_principal,descartar,fragmento_no_legible,
307959,Sash or Headband,Nasca,,Textiles-Woven,Sash,Camelid hair,https://www.metmuseum.org/art/collection/search/307959,https://images.metmuseum.org/CRDImages/ao/original/29.146.8.jpg,revision_formato_longitudinal,formato longitudinal; revisar si aporta motivos útiles,revisar_para_secundario_o_principal,pasar_a_corpus_principal,composicion_visual_util,
316935,Headband,Nasca (?),,Textiles-Woven,Headband,"Cotton, camelid hair",https://www.metmuseum.org/art/collection/search/316935,https://images.metmuseum.org/CRDImages/ao/original/vs1994.35.110.jpg,revision_formato_longitudinal,formato longitudinal; revisar si aporta motivos útiles,revisar_para_secundario_o_principal,pasar_a_corpus_principal,composicion_visual_util,
318746,Belt,Recuay,,Textiles-Woven,Belt,Camelid fiber,https://www.metmuseum.org/art/collection/search/318746,https://images.metmuseum.org/CRDImages/ao/original/2001.172_b.jpg,revision_formato_longitudinal,formato longitudinal; revisar si aporta motivos útiles,revisar_para_secundario_o_principal,pasar_a_corpus_principal,composicion_visual_util,
310698,Headcloth,Chancay,,Textiles-Non-Woven,Headband,Cotton,https://www.metmuseum.org/art/collection/search/310698,https://images.metmuseum.org/CRDImages/ao/original/DP-26537-001.jpg,revision_formato_longitudinal,formato longitudinal; revisar si aporta motivos útiles,revisar_para_secundario_o_principal,pasar_a_corpus_principal,composicion_visual_util,
310695,Openwork Headband,Chancay,,Textiles-Non-Woven,Headband,Cotton,https://www.metmuseum.org/art/collection/search/310695,https://images.metmuseum.org/CRDImages/ao/original/221102.jpg,revision_formato_longitudinal,formato longitudinal; revisar si aporta motivos útiles,revisar_para_secundario_o_principal,pasar_a_corpus_principal,composicion_visual_util,
310699,Openwork Headband,Chancay,,Textiles-Non-Woven,Headband,Cotton,https://www.metmuseum.org/art/collection/search/310699,https://images.metmuseum.org/CRDImages/ao/original/221106.jpg,revision_formato_longitudinal,formato longitudinal; revisar si aporta motivos útiles,revisar_para_secundario_o_principal,pasar_a_corpus_principal,composicion_visual_util,
310697,Openwork Headband,Chancay,,Textiles-Non-Woven,Headband,Cotton,https://www.metmuseum.org/art/collection/search/310697,https://images.metmuseum.org/CRDImages/ao/original/221104.jpg,revision_formato_longitudinal,formato longitudinal; revisar si aporta motivos útiles,revisar_para_secundario_o_principal,pasar_a_corpus_principal,composicion_visual_util,
