id_objeto,titulo_original,cultura,periodo,clasificacion_original,nombre_objeto_original,material_original,url_objeto,url_imagen,motivo_filtrado,categoria_revision_v2,motivo_revision_v2,decision_auditoria,motivo_auditoria,observacion_auditoria,decision_sugerida
316983,Four-Cornered Hat,Tiwanaku,,Textiles-Costumes,Hat,Camelid hair,https://www.metmuseum.org/art/collection/search/316983,https://images.metmuseum.org/CRDImages/ao/original/DP-29592-001.jpg,"clasificación contiene evidencia textil: ['textile', 'textiles'] | material contiene fibras o soporte textil: ['camelid'] | evidencia cultural/geográfica andina: ['tiwanaku']",revision_prenda_iconografica_prioritaria,prenda Wari/Tiwanaku con posible valor iconográfico,,,,revisar_para_corpus_principal_o_secundario
316981,Four-Cornered Hat,Tiwanaku,,Textiles-Costumes,Hat,Camelid hair,https://www.metmuseum.org/art/collection/search/316981,https://images.metmuseum.org/CRDImages/ao/original/DP-29590-001.jpg,"clasificación contiene evidencia textil: ['textile', 'textiles'] | material contiene fibras o soporte textil: ['camelid'] | evidencia cultural/geográfica andina: ['tiwanaku']",revision_prenda_iconografica_prioritaria,prenda Wari/Tiwanaku con posible valor iconográfico,,,,revisar_para_corpus_principal_o_secundario
315772,Headband with ornamental tassels,Nasca,,Textiles-Woven,Tassels,Camelid hair,https://www.metmuseum.org/art/collection/search/315772,https://images.metmuseum.org/CRDImages/ao/original/DP-26542-001.jpg,"clasificación contiene evidencia textil: ['textile', 'textiles'] | material contiene fibras o soporte textil: ['camelid'] | título contiene términos textiles: ['headband'] | título contiene términos débiles asociados a fragmentos o paneles: ['band'] | evidencia cultural/geográfica andina: ['peru', 'nasca'] | título sugiere objeto no textil: ['ornament']",revision_formato_longitudinal,formato longitudinal; revisar si aporta motivos útiles,,,,revisar_para_secundario_o_principal
313148,Weaving Basket,Chancay,,Textiles-Implements,Basket with weaving implements,"Cane, shell, bone, fiber, camelid hair, wood, pigment, metal, stone",https://www.metmuseum.org/art/collection/search/313148,https://images.metmuseum.org/CRDImages/ao/original/1979.206.950.1_a.JPG,"clasificación contiene evidencia textil: ['textile', 'textiles'] | nombre de objeto contiene términos textiles: ['weaving'] | material contiene fibras o soporte textil: ['camelid', 'fiber'] | título contiene términos textiles: ['weaving'] | evidencia cultural/geográfica andina: ['peru', 'chancay'] | material sugiere objeto no textil: ['metal', 'stone', 'wood', 'bone', 'shell']",descartar_implemento_textil,"implemento asociado al tejido, no pieza textil analizable",,,,descartar
314894,Square Cloth with Feathered Border,Chimú,,Textiles-Featherwork,Panel,"Feathers, camelid hair, cotton, wool",https://www.metmuseum.org/art/collection/search/314894,https://images.metmuseum.org/CRDImages/ao/original/DP230211.jpg,"clasificación contiene evidencia textil: ['textile', 'textiles'] | material contiene fibras o soporte textil: ['cotton', 'wool', 'camelid'] | título contiene términos textiles: ['cloth'] | título contiene términos débiles asociados a fragmentos o paneles: ['border'] | evidencia cultural/geográfica andina: ['peru', 'chimú', 'chimu']",secundario_featherwork,textil con plumas; conservar en corpus secundario,,,,pasar_a_corpus_secundario
308078,"Border fragment, figures with staves",Paracas,,Textiles-Woven,Fragment,Camelid hair,https://www.metmuseum.org/art/collection/search/308078,https://images.metmuseum.org/CRDImages/ao/original/DP-27315-001.jpg,"clasificación contiene evidencia textil: ['textile', 'textiles'] | material contiene fibras o soporte textil: ['camelid'] | título contiene términos débiles asociados a fragmentos o paneles: ['fragment', 'border'] | evidencia cultural/geográfica andina: ['peru', 'paracas'] | título sugiere objeto no textil: ['figure']",candidato_corpus_principal,fragmento textil potencialmente útil; requiere revisión visual,,,,revisar_para_corpus_principal
307944,Sash,Chimú,,Textiles-Woven,Sash,Camelid hair,https://www.metmuseum.org/art/collection/search/307944,https://images.metmuseum.org/CRDImages/ao/original/LC-28_171_7_TMSa.jpg,"clasificación contiene evidencia textil: ['textile', 'textiles'] | nombre de objeto contiene términos textiles: ['sash'] | material contiene fibras o soporte textil: ['camelid'] | título contiene términos textiles: ['sash'] | evidencia cultural/geográfica andina: ['peru', 'chimú', 'chimu']",revision_formato_longitudinal,formato longitudinal; revisar si aporta motivos útiles,,,,revisar_para_secundario_o_principal
308131,Skein of Camelid Hair,Peruvian,,Textiles,Skein,Camelid hair,https://www.metmuseum.org/art/collection/search/308131,https://images.metmuseum.org/CRDImages/ao/original/97523.jpg,"clasificación contiene evidencia textil: ['textile', 'textiles'] | material contiene fibras o soporte textil: ['camelid'] | título contiene términos textiles: ['camelid'] | evidencia cultural/geográfica andina: ['peru', 'peruvian']",descartar_material_sin_superficie,"madeja/hilo: material textil, pero sin superficie visual para análisis",,,,descartar
316948,Openweave Cap,Peruvian,,Textiles-Costumes,Hat,Cotton,https://www.metmuseum.org/art/collection/search/316948,https://images.metmuseum.org/CRDImages/ao/original/hz1994_35_123.jpg,"clasificación contiene evidencia textil: ['textile', 'textiles'] | material contiene fibras o soporte textil: ['cotton'] | evidencia cultural/geográfica andina: ['peru', 'peruvian']",revision_prenda_accesorio,prenda/accesorio textil; revisar si aporta patrón o iconografía,,,,revisar_para_secundario
316910,Sash Fragment,Peruvian,,Textiles-Woven,Sash fragment,Cotton,https://www.metmuseum.org/art/collection/search/316910,"https://images.metmuseum.org/CRDImages/ao/original/DP18680_1994.35.85,2.jpg","clasificación contiene evidencia textil: ['textile', 'textiles'] | nombre de objeto contiene términos textiles: ['sash'] | material contiene fibras o soporte textil: ['cotton'] | título contiene términos textiles: ['sash'] | título contiene términos débiles asociados a fragmentos o paneles: ['fragment'] | evidencia cultural/geográfica andina: ['peru', 'peruvian']",candidato_corpus_principal,fragmento textil potencialmente útil; requiere revisión visual,,,,revisar_para_corpus_principal
316949,Openweave Cap with Tassels,Peruvian,,Textiles-Costumes,Hat,Cotton,https://www.metmuseum.org/art/collection/search/316949,https://images.metmuseum.org/CRDImages/ao/original/DP101292.jpg,"clasificación contiene evidencia textil: ['textile', 'textiles'] | material contiene fibras o soporte textil: ['cotton'] | evidencia cultural/geográfica andina: ['peru', 'peruvian']",revision_prenda_accesorio,prenda/accesorio textil; revisar si aporta patrón o iconografía,,,,revisar_para_secundario
308125,Skein of Camelid Hair,Peruvian,,Textiles,Skein,Camelid hair,https://www.metmuseum.org/art/collection/search/308125,https://images.metmuseum.org/CRDImages/ao/original/97523.jpg,"clasificación contiene evidencia textil: ['textile', 'textiles'] | material contiene fibras o soporte textil: ['camelid'] | título contiene términos textiles: ['camelid'] | evidencia cultural/geográfica andina: ['peru', 'peruvian']",descartar_material_sin_superficie,"madeja/hilo: material textil, pero sin superficie visual para análisis",,,,descartar
308126,Skein of Camelid Hair,Peruvian,,Textiles,Skein,Camelid hair,https://www.metmuseum.org/art/collection/search/308126,https://images.metmuseum.org/CRDImages/ao/original/97523.jpg,"clasificación contiene evidencia textil: ['textile', 'textiles'] | material contiene fibras o soporte textil: ['camelid'] | título contiene términos textiles: ['camelid'] | evidencia cultural/geográfica andina: ['peru', 'peruvian']",descartar_material_sin_superficie,"madeja/hilo: material textil, pero sin superficie visual para análisis",,,,descartar
308127,Skein of Camelid Hair,Peruvian,,Textiles,Skein,Camelid hair,https://www.metmuseum.org/art/collection/search/308127,https://images.metmuseum.org/CRDImages/ao/original/97523.jpg,"clasificación contiene evidencia textil: ['textile', 'textiles'] | material contiene fibras o soporte textil: ['camelid'] | título contiene términos textiles: ['camelid'] | evidencia cultural/geográfica andina: ['peru', 'peruvian']",descartar_material_sin_superficie,"madeja/hilo: material textil, pero sin superficie visual para análisis",,,,descartar
308128,Skein of Camelid Hair,Peruvian,,Textiles,Skein,Camelid hair,https://www.metmuseum.org/art/collection/search/308128,https://images.metmuseum.org/CRDImages/ao/original/97523.jpg,"clasificación contiene evidencia textil: ['textile', 'textiles'] | material contiene fibras o soporte textil: ['camelid'] | título contiene términos textiles: ['camelid'] | evidencia cultural/geográfica andina: ['peru', 'peruvian']",descartar_material_sin_superficie,"madeja/hilo: material textil, pero sin superficie visual para análisis",,,,descartar
308124,Skein of Camelid Hair,Peruvian,,Textiles,Skein,Camelid hair,https://www.metmuseum.org/art/collection/search/308124,https://images.metmuseum.org/CRDImages/ao/original/97523.jpg,"clasificación contiene evidencia textil: ['textile', 'textiles'] | material contiene fibras o soporte textil: ['camelid'] | título contiene términos textiles: ['camelid'] | evidencia cultural/geográfica andina: ['peru', 'peruvian']",descartar_material_sin_superficie,"madeja/hilo: material textil, pero sin superficie visual para análisis",,,,descartar
308130,Skein of Camelid Hair,Peruvian,,Textiles,Skein,Camelid hair,https://www.metmuseum.org/art/collection/search/308130,https://images.metmuseum.org/CRDImages/ao/original/97523.jpg,"clasificación contiene evidencia textil: ['textile', 'textiles'] | material contiene fibras o soporte textil: ['camelid'] | título contiene términos textiles: ['camelid'] | evidencia cultural/geográfica andina: ['peru', 'peruvian']",descartar_material_sin_superficie,"madeja/hilo: material textil, pero sin superficie visual para análisis",,,,descartar
308133,Skein of Camelid Hair,Peruvian,,Textiles,Skein,Camelid hair,https://www.metmuseum.org/art/collection/search/308133,https://images.metmuseum.org/CRDImages/ao/original/97523.jpg,"clasificación contiene evidencia textil: ['textile', 'textiles'] | material contiene fibras o soporte textil: ['camelid'] | título contiene términos textiles: ['camelid'] | evidencia cultural/geográfica andina: ['peru', 'peruvian']",descartar_material_sin_superficie,"madeja/hilo: material textil, pero sin superficie visual para análisis",,,,descartar
308132,Skein of Camelid Hair,Peruvian,,Textiles,Skein,Camelid hair,https://www.metmuseum.org/art/collection/search/308132,https://images.metmuseum.org/CRDImages/ao/original/97523.jpg,"clasificación contiene evidencia textil: ['textile', 'textiles'] | material contiene fibras o soporte textil: ['camelid'] | título contiene términos textiles: ['camelid'] | evidencia cultural/geográfica andina: ['peru', 'peruvian']",descartar_material_sin_superficie,"madeja/hilo: material textil, pero sin superficie visual para análisis",,,,descartar
308134,Skein of Camelid Hair,Peruvian,,Textiles,Skein,Camelid hair,https://www.metmuseum.org/art/collection/search/308134,https://images.metmuseum.org/CRDImages/ao/original/97523.jpg,"clasificación contiene evidencia textil: ['textile', 'textiles'] | material contiene fibras o soporte textil: ['camelid'] | título contiene términos textiles: ['camelid'] | evidencia cultural/geográfica andina: ['peru', 'peruvian']",descartar_material_sin_superficie,"madeja/hilo: material textil, pero sin superficie visual para análisis",,,,descartar
308129,Skein of Camelid Hair,Peruvian,,Textiles,Skein,Camelid hair,https://www.metmuseum.org/art/collection/search/308129,https://images.metmuseum.org/CRDImages/ao/original/97523.jpg,"clasificación contiene evidencia textil: ['textile', 'textiles'] | material contiene fibras o soporte textil: ['camelid'] | título contiene términos textiles: ['camelid'] | evidencia cultural/geográfica andina: ['peru', 'peruvian']",descartar_material_sin_superficie,"madeja/hilo: material textil, pero sin superficie visual para análisis",,,,descartar
316943,Feathered Band,Peruvian,,Textiles-Featherwork,Band,"Cotton, feathers",https://www.metmuseum.org/art/collection/search/316943,https://images.metmuseum.org/CRDImages/ao/original/DP18599.jpg,"clasificación contiene evidencia textil: ['textile', 'textiles'] | material contiene fibras o soporte textil: ['cotton'] | título contiene términos débiles asociados a fragmentos o paneles: ['band'] | evidencia cultural/geográfica andina: ['peru', 'peruvian']",secundario_featherwork,textil con plumas; conservar en corpus secundario,,,,pasar_a_corpus_secundario
316916,Sash Fragments,Peruvian,,Textiles-Woven,Sash fragment,Cotton,https://www.metmuseum.org/art/collection/search/316916,https://images.metmuseum.org/CRDImages/ao/original/DP18678_1994.35.91.jpg,"clasificación contiene evidencia textil: ['textile', 'textiles'] | nombre de objeto contiene términos textiles: ['sash'] | material contiene fibras o soporte textil: ['cotton'] | título contiene términos textiles: ['sash'] | título contiene términos débiles asociados a fragmentos o paneles: ['fragment'] | evidencia cultural/geográfica andina: ['peru', 'peruvian']",candidato_corpus_principal,fragmento textil potencialmente útil; requiere revisión visual,,,,revisar_para_corpus_principal
316915,Sash Fragments,Peruvian,,Textiles-Woven,Sash fragment,Cotton,https://www.metmuseum.org/art/collection/search/316915,"https://images.metmuseum.org/CRDImages/ao/original/DP18677_1994.35.90A,B.jpg","clasificación contiene evidencia textil: ['textile', 'textiles'] | nombre de objeto contiene términos textiles: ['sash'] | material contiene fibras o soporte textil: ['cotton'] | título contiene términos textiles: ['sash'] | título contiene términos débiles asociados a fragmentos o paneles: ['fragment'] | evidencia cultural/geográfica andina: ['peru', 'peruvian']",candidato_corpus_principal,fragmento textil potencialmente útil; requiere revisión visual,,,,revisar_para_corpus_principal
315785,Hat,Peruvian,,Textiles-Woven,Hat,Cotton,https://www.metmuseum.org/art/collection/search/315785,https://images.metmuseum.org/CRDImages/ao/original/vs1987_394_705.jpg,"clasificación contiene evidencia textil: ['textile', 'textiles'] | material contiene fibras o soporte textil: ['cotton'] | evidencia cultural/geográfica andina: ['peru', 'peruvian']",revision_prenda_accesorio,prenda/accesorio textil; revisar si aporta patrón o iconografía,,,,revisar_para_secundario
308084,Tapestry Border Fragment,Peruvian,,Textiles-Woven,Border Fragment,Camelid hair,https://www.metmuseum.org/art/collection/search/308084,https://images.metmuseum.org/CRDImages/ao/original/97502.jpg,"clasificación contiene evidencia textil: ['textile', 'textiles'] | material contiene fibras o soporte textil: ['camelid'] | título contiene términos textiles: ['tapestry'] | título contiene términos débiles asociados a fragmentos o paneles: ['fragment', 'border'] | evidencia cultural/geográfica andina: ['peru', 'peruvian']",candidato_corpus_principal,fragmento textil potencialmente útil; requiere revisión visual,,,,revisar_para_corpus_principal
316940,Hat,Peruvian,,Textiles-Costumes,Hat,Camelid hair,https://www.metmuseum.org/art/collection/search/316940,https://images.metmuseum.org/CRDImages/ao/original/DP18717.jpg,"clasificación contiene evidencia textil: ['textile', 'textiles'] | material contiene fibras o soporte textil: ['camelid'] | evidencia cultural/geográfica andina: ['peru', 'peruvian']",revision_prenda_accesorio,prenda/accesorio textil; revisar si aporta patrón o iconografía,,,,revisar_para_secundario
316955,Cap,Peruvian,,Textiles-Costumes,Hat,Camelid hair,https://www.metmuseum.org/art/collection/search/316955,https://images.metmuseum.org/CRDImages/ao/original/DP-30089-001.jpg,"clasificación contiene evidencia textil: ['textile', 'textiles'] | material contiene fibras o soporte textil: ['camelid'] | evidencia cultural/geográfica andina: ['peru', 'peruvian']",revision_prenda_accesorio,prenda/accesorio textil; revisar si aporta patrón o iconografía,,,,revisar_para_secundario
316931,Headband,Peruvian,,Textiles-Woven,Headband,Camelid hair,https://www.metmuseum.org/art/collection/search/316931,https://images.metmuseum.org/CRDImages/ao/original/1994.35.106_a.JPG,"clasificación contiene evidencia textil: ['textile', 'textiles'] | nombre de objeto contiene términos textiles: ['headband'] | material contiene fibras o soporte textil: ['camelid'] | título contiene términos textiles: ['headband'] | título contiene términos débiles asociados a fragmentos o paneles: ['band'] | evidencia cultural/geográfica andina: ['peru', 'peruvian']",revision_formato_longitudinal,formato longitudinal; revisar si aporta motivos útiles,,,,revisar_para_secundario_o_principal
316894,Sash Fragment with Fringe,Peruvian,,Textiles-Woven,Sash fragment,Camelid hair,https://www.metmuseum.org/art/collection/search/316894,https://images.metmuseum.org/CRDImages/ao/original/DP18602.jpg,"clasificación contiene evidencia textil: ['textile', 'textiles'] | nombre de objeto contiene términos textiles: ['sash'] | material contiene fibras o soporte textil: ['camelid'] | título contiene términos textiles: ['sash'] | título contiene términos débiles asociados a fragmentos o paneles: ['fragment'] | evidencia cultural/geográfica andina: ['peru', 'peruvian']",candidato_corpus_principal,fragmento textil potencialmente útil; requiere revisión visual,,,,revisar_para_corpus_principal
316961,Feathered Cap,Peruvian,,Textiles-Featherwork,Hat,"Camelid hair, feathers",https://www.metmuseum.org/art/collection/search/316961,https://images.metmuseum.org/CRDImages/ao/original/DP-30088-001.jpg,"clasificación contiene evidencia textil: ['textile', 'textiles'] | material contiene fibras o soporte textil: ['camelid'] | evidencia cultural/geográfica andina: ['peru', 'peruvian']",secundario_featherwork,textil con plumas; conservar en corpus secundario,,,,pasar_a_corpus_secundario
316945,Border Fragment,Paracas,,Textiles-Woven,Border fragment,"Cotton, camelid hair",https://www.metmuseum.org/art/collection/search/316945,https://images.metmuseum.org/CRDImages/ao/original/DP-28474-001.jpg,"clasificación contiene evidencia textil: ['textile', 'textiles'] | material contiene fibras o soporte textil: ['cotton', 'camelid'] | título contiene términos débiles asociados a fragmentos o paneles: ['fragment', 'border'] | evidencia cultural/geográfica andina: ['peru', 'paracas']",candidato_corpus_principal,fragmento textil potencialmente útil; requiere revisión visual,,,,revisar_para_corpus_principal
308287,Tabard,Chimú,,Feathers-Costumes,Tabard,"Cotton, feathers, plant fiber",https://www.metmuseum.org/art/collection/search/308287,https://images.metmuseum.org/CRDImages/ao/original/DP-41559-001.jpg,"material contiene fibras o soporte textil: ['cotton', 'fiber'] | evidencia cultural/geográfica andina: ['peru', 'chimú', 'chimu']",secundario_featherwork,textil con plumas; conservar en corpus secundario,,,,pasar_a_corpus_secundario
309528,Band,Inca,,Textiles-Woven,Band,Camelid hair,https://www.metmuseum.org/art/collection/search/309528,https://images.metmuseum.org/CRDImages/ao/original/189514.jpg,"clasificación contiene evidencia textil: ['textile', 'textiles'] | material contiene fibras o soporte textil: ['camelid'] | título contiene términos débiles asociados a fragmentos o paneles: ['band'] | evidencia cultural/geográfica andina: ['peru', 'inca']",revision_formato_longitudinal,formato longitudinal; revisar si aporta motivos útiles,,,,revisar_para_secundario_o_principal
314616,Woven Sling Shot,Inca,,Textiles-Woven,Sling shot,Camelid hair,https://www.metmuseum.org/art/collection/search/314616,https://images.metmuseum.org/CRDImages/ao/original/250582.jpg,"clasificación contiene evidencia textil: ['textile', 'textiles'] | material contiene fibras o soporte textil: ['camelid'] | título contiene términos textiles: ['woven'] | evidencia cultural/geográfica andina: ['peru', 'inca']",secundario_artefacto_textil,artefacto textil funcional; conservar como secundario o revisar aparte,,,,pasar_a_corpus_secundario
316928,Sling,Inca (?),,Textiles-Woven,Sling,Camelid hair,https://www.metmuseum.org/art/collection/search/316928,https://images.metmuseum.org/CRDImages/ao/original/vs1994.35.103a.jpg,"clasificación contiene evidencia textil: ['textile', 'textiles'] | material contiene fibras o soporte textil: ['camelid'] | evidencia cultural/geográfica andina: ['peru', 'inca']",secundario_artefacto_textil,artefacto textil funcional; conservar como secundario o revisar aparte,,,,pasar_a_corpus_secundario
314617,Woven Sling Shot,Inca,,Textiles-Woven,Sling shot,Camelid hair,https://www.metmuseum.org/art/collection/search/314617,https://images.metmuseum.org/CRDImages/ao/original/250583.jpg,"clasificación contiene evidencia textil: ['textile', 'textiles'] | material contiene fibras o soporte textil: ['camelid'] | título contiene términos textiles: ['woven'] | evidencia cultural/geográfica andina: ['peru', 'inca']",secundario_artefacto_textil,artefacto textil funcional; conservar como secundario o revisar aparte,,,,pasar_a_corpus_secundario
314615,Woven Sling Shot,Inca,,Textiles-Woven,Sling shot,Camelid hair,https://www.metmuseum.org/art/collection/search/314615,https://images.metmuseum.org/CRDImages/ao/original/250581.jpg,"clasificación contiene evidencia textil: ['textile', 'textiles'] | material contiene fibras o soporte textil: ['camelid'] | título contiene términos textiles: ['woven'] | evidencia cultural/geográfica andina: ['peru', 'inca']",secundario_artefacto_textil,artefacto textil funcional; conservar como secundario o revisar aparte,,,,pasar_a_corpus_secundario
318888,Headband,Inca,,Textiles-Woven,Headband,Camelid hair,https://www.metmuseum.org/art/collection/search/318888,https://images.metmuseum.org/CRDImages/ao/original/DP-13440-001.jpg,"clasificación contiene evidencia textil: ['textile', 'textiles'] | nombre de objeto contiene términos textiles: ['headband'] | material contiene fibras o soporte textil: ['camelid'] | título contiene términos textiles: ['headband'] | título contiene términos débiles asociados a fragmentos o paneles: ['band'] | evidencia cultural/geográfica andina: ['peru', 'inca']",revision_formato_longitudinal,formato longitudinal; revisar si aporta motivos útiles,,,,revisar_para_secundario_o_principal
315773,Sling Shot,Inca,,Textiles-Woven,Sling shot,Camelid hair,https://www.metmuseum.org/art/collection/search/315773,https://images.metmuseum.org/CRDImages/ao/original/250471.jpg,"clasificación contiene evidencia textil: ['textile', 'textiles'] | material contiene fibras o soporte textil: ['camelid'] | evidencia cultural/geográfica andina: ['peru', 'inca']",secundario_artefacto_textil,artefacto textil funcional; conservar como secundario o revisar aparte,,,,pasar_a_corpus_secundario
314528,Tunic with Diamond Band,Inca,,Textiles-Woven,Tunic,"Camelid hair, cotton",https://www.metmuseum.org/art/collection/search/314528,https://images.metmuseum.org/CRDImages/ao/original/DP107698.jpg,"clasificación contiene evidencia textil: ['textile', 'textiles'] | nombre de objeto contiene términos textiles: ['tunic'] | material contiene fibras o soporte textil: ['cotton', 'camelid'] | título contiene términos textiles: ['tunic'] | título contiene términos débiles asociados a fragmentos o paneles: ['band'] | evidencia cultural/geográfica andina: ['peru', 'inca']",candidato_corpus_principal,pieza textil con superficie o composición potencialmente útil,,,,revisar_para_corpus_principal
315708,Band Fragment,Inca,,Textiles-Woven,Textile fragment,"Cotton, camelid hair",https://www.metmuseum.org/art/collection/search/315708,https://images.metmuseum.org/CRDImages/ao/original/DP18703.jpg,"clasificación contiene evidencia textil: ['textile', 'textiles'] | nombre de objeto contiene términos textiles: ['textile'] | material contiene fibras o soporte textil: ['cotton', 'camelid'] | título contiene términos débiles asociados a fragmentos o paneles: ['fragment', 'band'] | evidencia cultural/geográfica andina: ['peru', 'inca']",candidato_corpus_principal,fragmento textil potencialmente útil; requiere revisión visual,,,,revisar_para_corpus_principal
313324,Sleeveless Tunic,Inca,,Textiles-Woven,Tunic,"Cotton, camelid hair",https://www.metmuseum.org/art/collection/search/313324,https://images.metmuseum.org/CRDImages/ao/original/1979.206.1131_a.jpg,"clasificación contiene evidencia textil: ['textile', 'textiles'] | nombre de objeto contiene términos textiles: ['tunic'] | material contiene fibras o soporte textil: ['cotton', 'camelid'] | título contiene términos textiles: ['tunic'] | evidencia cultural/geográfica andina: ['peru', 'inca']",candidato_corpus_principal,pieza textil con superficie o composición potencialmente útil,,,,revisar_para_corpus_principal
314614,Cap Woven with Human Hair,Inca,,Textiles-Woven,Hat,"Camelid hair, human hair",https://www.metmuseum.org/art/collection/search/314614,https://images.metmuseum.org/CRDImages/ao/original/DP-30090-001.jpg,"clasificación contiene evidencia textil: ['textile', 'textiles'] | material contiene fibras o soporte textil: ['camelid'] | título contiene términos textiles: ['woven'] | evidencia cultural/geográfica andina: ['peru', 'inca']",revision_prenda_accesorio,prenda/accesorio textil; revisar si aporta patrón o iconografía,,,,revisar_para_secundario
308046,Embroidered Border Fragment,Paracas,,Textiles-Velvets,Border Fragment,Camelid hair,https://www.metmuseum.org/art/collection/search/308046,https://images.metmuseum.org/CRDImages/ao/original/DP18569.jpg,"clasificación contiene evidencia textil: ['textile', 'textiles'] | material contiene fibras o soporte textil: ['camelid'] | título contiene términos textiles: ['embroidered'] | título contiene términos débiles asociados a fragmentos o paneles: ['fragment', 'border'] | evidencia cultural/geográfica andina: ['peru', 'paracas']",candidato_corpus_principal,fragmento textil potencialmente útil; requiere revisión visual,,,,revisar_para_corpus_principal
310511,Mantle Fragment,Paracas,,Textiles-Woven,Mantle fragment,"Cotton, pigment",https://www.metmuseum.org/art/collection/search/310511,https://images.metmuseum.org/CRDImages/ao/original/SC207345.jpg,"clasificación contiene evidencia textil: ['textile', 'textiles'] | nombre de objeto contiene términos textiles: ['mantle'] | material contiene fibras o soporte textil: ['cotton'] | título contiene términos textiles: ['mantle'] | título contiene términos débiles asociados a fragmentos o paneles: ['fragment'] | evidencia cultural/geográfica andina: ['peru', 'paracas']",candidato_corpus_principal,pieza textil con superficie o composición potencialmente útil,,,,revisar_para_corpus_principal
307853,Embroidered Fragment,Paracas,,Textiles-Woven,Textile fragment,Camelid hair,https://www.metmuseum.org/art/collection/search/307853,https://images.metmuseum.org/CRDImages/ao/original/DP18565.jpg,"clasificación contiene evidencia textil: ['textile', 'textiles'] | nombre de objeto contiene términos textiles: ['textile'] | material contiene fibras o soporte textil: ['camelid'] | título contiene términos textiles: ['embroidered'] | título contiene términos débiles asociados a fragmentos o paneles: ['fragment'] | evidencia cultural/geográfica andina: ['peru', 'paracas']",candidato_corpus_principal,fragmento textil potencialmente útil; requiere revisión visual,,,,revisar_para_corpus_principal
308056,Embroidered Fragment,Paracas,,Textiles-Woven,Textile fragment,Camelid hair,https://www.metmuseum.org/art/collection/search/308056,https://images.metmuseum.org/CRDImages/ao/original/DP18567.jpg,"clasificación contiene evidencia textil: ['textile', 'textiles'] | nombre de objeto contiene términos textiles: ['textile'] | material contiene fibras o soporte textil: ['camelid'] | título contiene términos textiles: ['embroidered'] | título contiene términos débiles asociados a fragmentos o paneles: ['fragment'] | evidencia cultural/geográfica andina: ['peru', 'paracas']",candidato_corpus_principal,fragmento textil potencialmente útil; requiere revisión visual,,,,revisar_para_corpus_principal
308106,Embroidered Fragment,Paracas,,Textiles-Woven,Textile fragment,Camelid hair,https://www.metmuseum.org/art/collection/search/308106,https://images.metmuseum.org/CRDImages/ao/original/33.149.1-67-70-76.jpg,"clasificación contiene evidencia textil: ['textile', 'textiles'] | nombre de objeto contiene términos textiles: ['textile'] | material contiene fibras o soporte textil: ['camelid'] | título contiene términos textiles: ['embroidered'] | título contiene términos débiles asociados a fragmentos o paneles: ['fragment'] | evidencia cultural/geográfica andina: ['peru', 'paracas']",candidato_corpus_principal,fragmento textil potencialmente útil; requiere revisión visual,,,,revisar_para_corpus_principal
308100,Embroidered Fragment,Paracas,,Textiles-Woven,Textile fragment,Camelid hair,https://www.metmuseum.org/art/collection/search/308100,https://images.metmuseum.org/CRDImages/ao/original/DP18575_33.149.70.jpg,"clasificación contiene evidencia textil: ['textile', 'textiles'] | nombre de objeto contiene términos textiles: ['textile'] | material contiene fibras o soporte textil: ['camelid'] | título contiene términos textiles: ['embroidered'] | título contiene términos débiles asociados a fragmentos o paneles: ['fragment'] | evidencia cultural/geográfica andina: ['peru', 'paracas']",candidato_corpus_principal,fragmento textil potencialmente útil; requiere revisión visual,,,,revisar_para_corpus_principal
308109,Embroidered Fragment,Paracas,,Textiles-Woven,Textile fragment,Camelid hair,https://www.metmuseum.org/art/collection/search/308109,https://images.metmuseum.org/CRDImages/ao/original/DP18564_33.149.79.jpg,"clasificación contiene evidencia textil: ['textile', 'textiles'] | nombre de objeto contiene términos textiles: ['textile'] | material contiene fibras o soporte textil: ['camelid'] | título contiene términos textiles: ['embroidered'] | título contiene términos débiles asociados a fragmentos o paneles: ['fragment'] | evidencia cultural/geográfica andina: ['peru', 'paracas']",candidato_corpus_principal,fragmento textil potencialmente útil; requiere revisión visual,,,,revisar_para_corpus_principal
315049,Mantle,Paracas,,Textiles-Woven,Mantle,Camelid hair,https://www.metmuseum.org/art/collection/search/315049,https://images.metmuseum.org/CRDImages/ao/original/AR446.jpg,"clasificación contiene evidencia textil: ['textile', 'textiles'] | nombre de objeto contiene términos textiles: ['mantle'] | material contiene fibras o soporte textil: ['camelid'] | título contiene términos textiles: ['mantle'] | evidencia cultural/geográfica andina: ['peru', 'paracas']",candidato_corpus_principal,pieza textil con superficie o composición potencialmente útil,,,,revisar_para_corpus_principal
307682,Embroidered Border Fragment,Paracas,,Textiles-Woven,Fragment,Camelid hair,https://www.metmuseum.org/art/collection/search/307682,https://images.metmuseum.org/CRDImages/ao/original/DP170923.jpg,"clasificación contiene evidencia textil: ['textile', 'textiles'] | material contiene fibras o soporte textil: ['camelid'] | título contiene términos textiles: ['embroidered'] | título contiene términos débiles asociados a fragmentos o paneles: ['fragment', 'border'] | evidencia cultural/geográfica andina: ['peru', 'paracas']",candidato_corpus_principal,fragmento textil potencialmente útil; requiere revisión visual,,,,revisar_para_corpus_principal
308057,Embroidered Fragment with Figures,Paracas,,Textiles-Woven,Textile fragment,Camelid hair,https://www.metmuseum.org/art/collection/search/308057,https://images.metmuseum.org/CRDImages/ao/original/DP18568.jpg,"clasificación contiene evidencia textil: ['textile', 'textiles'] | nombre de objeto contiene términos textiles: ['textile'] | material contiene fibras o soporte textil: ['camelid'] | título contiene términos textiles: ['embroidered'] | título contiene términos débiles asociados a fragmentos o paneles: ['fragment'] | evidencia cultural/geográfica andina: ['peru', 'paracas'] | título sugiere objeto no textil: ['figure']",candidato_corpus_principal,fragmento textil potencialmente útil; requiere revisión visual,,,,revisar_para_corpus_principal
308113,Embroidered Fragment with Figure,Paracas,,Textiles-Woven,Textile fragment,Camelid hair,https://www.metmuseum.org/art/collection/search/308113,https://images.metmuseum.org/CRDImages/ao/original/DP18528.jpg,"clasificación contiene evidencia textil: ['textile', 'textiles'] | nombre de objeto contiene términos textiles: ['textile'] | material contiene fibras o soporte textil: ['camelid'] | título contiene términos textiles: ['embroidered'] | título contiene términos débiles asociados a fragmentos o paneles: ['fragment'] | evidencia cultural/geográfica andina: ['peru', 'paracas'] | título sugiere objeto no textil: ['figure']",candidato_corpus_principal,fragmento textil potencialmente útil; requiere revisión visual,,,,revisar_para_corpus_principal
308048,Embroidered Fragment with Figures,Paracas,,Textiles-Woven,Textile fragment,Camelid hair,https://www.metmuseum.org/art/collection/search/308048,https://images.metmuseum.org/CRDImages/ao/original/DP18558.jpg,"clasificación contiene evidencia textil: ['textile', 'textiles'] | nombre de objeto contiene términos textiles: ['textile'] | material contiene fibras o soporte textil: ['camelid'] | título contiene términos textiles: ['embroidered'] | título contiene términos débiles asociados a fragmentos o paneles: ['fragment'] | evidencia cultural/geográfica andina: ['peru', 'paracas'] | título sugiere objeto no textil: ['figure']",candidato_corpus_principal,fragmento textil potencialmente útil; requiere revisión visual,,,,revisar_para_corpus_principal
307852,Embroidered Mantle Fragment,Paracas,,Textiles-Woven,Mantle fragment,Camelid hair,https://www.metmuseum.org/art/collection/search/307852,https://images.metmuseum.org/CRDImages/ao/original/DP18481.jpg,"clasificación contiene evidencia textil: ['textile', 'textiles'] | nombre de objeto contiene términos textiles: ['mantle'] | material contiene fibras o soporte textil: ['camelid'] | título contiene términos textiles: ['embroidered', 'mantle'] | título contiene términos débiles asociados a fragmentos o paneles: ['fragment'] | evidencia cultural/geográfica andina: ['peru', 'paracas']",candidato_corpus_principal,pieza textil con superficie o composición potencialmente útil,,,,revisar_para_corpus_principal
308034,Embroidered Mantle Fragment,Paracas,,Textiles-Woven,Mantle fragment,Camelid hair,https://www.metmuseum.org/art/collection/search/308034,https://images.metmuseum.org/CRDImages/ao/original/DP18571.jpg,"clasificación contiene evidencia textil: ['textile', 'textiles'] | nombre de objeto contiene términos textiles: ['mantle'] | material contiene fibras o soporte textil: ['camelid'] | título contiene términos textiles: ['embroidered', 'mantle'] | título contiene términos débiles asociados a fragmentos o paneles: ['fragment'] | evidencia cultural/geográfica andina: ['peru', 'paracas']",candidato_corpus_principal,pieza textil con superficie o composición potencialmente útil,,,,revisar_para_corpus_principal
307679,Embroidered Mantle Fragment,Paracas,,Textiles-Woven,Mantle fragment,Camelid hair,https://www.metmuseum.org/art/collection/search/307679,https://images.metmuseum.org/CRDImages/ao/original/DP18487.jpg,"clasificación contiene evidencia textil: ['textile', 'textiles'] | nombre de objeto contiene términos textiles: ['mantle'] | material contiene fibras o soporte textil: ['camelid'] | título contiene términos textiles: ['embroidered', 'mantle'] | título contiene términos débiles asociados a fragmentos o paneles: ['fragment'] | evidencia cultural/geográfica andina: ['peru', 'paracas']",candidato_corpus_principal,pieza textil con superficie o composición potencialmente útil,,,,revisar_para_corpus_principal
307851,Embroidered Mantle Fragment,Paracas,,Textiles-Woven,Mantle fragment,Camelid hair,https://www.metmuseum.org/art/collection/search/307851,https://images.metmuseum.org/CRDImages/ao/original/DP18456.jpg,"clasificación contiene evidencia textil: ['textile', 'textiles'] | nombre de objeto contiene términos textiles: ['mantle'] | material contiene fibras o soporte textil: ['camelid'] | título contiene términos textiles: ['embroidered', 'mantle'] | título contiene términos débiles asociados a fragmentos o paneles: ['fragment'] | evidencia cultural/geográfica andina: ['peru', 'paracas']",candidato_corpus_principal,pieza textil con superficie o composición potencialmente útil,,,,revisar_para_corpus_principal
308036,Embroidered Mantle Fragment,Paracas,,Textiles-Woven,Mantle fragment,Camelid hair,https://www.metmuseum.org/art/collection/search/308036,https://images.metmuseum.org/CRDImages/ao/original/33.149.1-67-70-76.jpg,"clasificación contiene evidencia textil: ['textile', 'textiles'] | nombre de objeto contiene términos textiles: ['mantle'] | material contiene fibras o soporte textil: ['camelid'] | título contiene términos textiles: ['embroidered', 'mantle'] | título contiene términos débiles asociados a fragmentos o paneles: ['fragment'] | evidencia cultural/geográfica andina: ['peru', 'paracas']",candidato_corpus_principal,pieza textil con superficie o composición potencialmente útil,,,,revisar_para_corpus_principal
307677,Embroidered Mantle Fragment,Paracas,,Textiles-Woven,Mantle fragment,Camelid hair,https://www.metmuseum.org/art/collection/search/307677,https://images.metmuseum.org/CRDImages/ao/original/DP18485.jpg,"clasificación contiene evidencia textil: ['textile', 'textiles'] | nombre de objeto contiene términos textiles: ['mantle'] | material contiene fibras o soporte textil: ['camelid'] | título contiene términos textiles: ['embroidered', 'mantle'] | título contiene términos débiles asociados a fragmentos o paneles: ['fragment'] | evidencia cultural/geográfica andina: ['peru', 'paracas']",candidato_corpus_principal,pieza textil con superficie o composición potencialmente útil,,,,revisar_para_corpus_principal
308035,Embroidered Mantle Fragment,Paracas,,Textiles-Woven,Mantle fragment,Camelid hair,https://www.metmuseum.org/art/collection/search/308035,https://images.metmuseum.org/CRDImages/ao/original/DP18570.jpg,"clasificación contiene evidencia textil: ['textile', 'textiles'] | nombre de objeto contiene términos textiles: ['mantle'] | material contiene fibras o soporte textil: ['camelid'] | título contiene términos textiles: ['embroidered', 'mantle'] | título contiene términos débiles asociados a fragmentos o paneles: ['fragment'] | evidencia cultural/geográfica andina: ['peru', 'paracas']",candidato_corpus_principal,pieza textil con superficie o composición potencialmente útil,,,,revisar_para_corpus_principal
308039,Embroidered Mantle Fragment,Paracas,,Textiles-Woven,Mantle fragment,Camelid hair,https://www.metmuseum.org/art/collection/search/308039,https://images.metmuseum.org/CRDImages/ao/original/DP18447.jpg,"clasificación contiene evidencia textil: ['textile', 'textiles'] | nombre de objeto contiene términos textiles: ['mantle'] | material contiene fibras o soporte textil: ['camelid'] | título contiene términos textiles: ['embroidered', 'mantle'] | título contiene términos débiles asociados a fragmentos o paneles: ['fragment'] | evidencia cultural/geográfica andina: ['peru', 'paracas']",candidato_corpus_principal,pieza textil con superficie o composición potencialmente útil,,,,revisar_para_corpus_principal
308101,Embroidered Mantle Fragment,Paracas,,Textiles-Woven,Mantle fragment,Camelid hair,https://www.metmuseum.org/art/collection/search/308101,https://images.metmuseum.org/CRDImages/ao/original/DP18482.jpg,"clasificación contiene evidencia textil: ['textile', 'textiles'] | nombre de objeto contiene términos textiles: ['mantle'] | material contiene fibras o soporte textil: ['camelid'] | título contiene términos textiles: ['embroidered', 'mantle'] | título contiene términos débiles asociados a fragmentos o paneles: ['fragment'] | evidencia cultural/geográfica andina: ['peru', 'paracas']",candidato_corpus_principal,pieza textil con superficie o composición potencialmente útil,,,,revisar_para_corpus_principal
308060,Embroidered Border Fragment,Paracas,,Textiles-Woven,Border Fragment,Camelid hair,https://www.metmuseum.org/art/collection/search/308060,https://images.metmuseum.org/CRDImages/ao/original/DP18547.jpg,"clasificación contiene evidencia textil: ['textile', 'textiles'] | material contiene fibras o soporte textil: ['camelid'] | título contiene términos textiles: ['embroidered'] | título contiene términos débiles asociados a fragmentos o paneles: ['fragment', 'border'] | evidencia cultural/geográfica andina: ['peru', 'paracas']",candidato_corpus_principal,fragmento textil potencialmente útil; requiere revisión visual,,,,revisar_para_corpus_principal
308072,Embroidered Mantle Fragment,Paracas,,Textiles-Woven,Mantle fragment,Camelid hair,https://www.metmuseum.org/art/collection/search/308072,https://images.metmuseum.org/CRDImages/ao/original/DP18535.jpg,"clasificación contiene evidencia textil: ['textile', 'textiles'] | nombre de objeto contiene términos textiles: ['mantle'] | material contiene fibras o soporte textil: ['camelid'] | título contiene términos textiles: ['embroidered', 'mantle'] | título contiene términos débiles asociados a fragmentos o paneles: ['fragment'] | evidencia cultural/geográfica andina: ['peru', 'paracas']",candidato_corpus_principal,pieza textil con superficie o composición potencialmente útil,,,,revisar_para_corpus_principal
308037,Embroidered Border Fragment,Paracas,,Textiles-Woven,Border Fragment,Camelid hair,https://www.metmuseum.org/art/collection/search/308037,https://images.metmuseum.org/CRDImages/ao/original/DP18551.jpg,"clasificación contiene evidencia textil: ['textile', 'textiles'] | material contiene fibras o soporte textil: ['camelid'] | título contiene términos textiles: ['embroidered'] | título contiene términos débiles asociados a fragmentos o paneles: ['fragment', 'border'] | evidencia cultural/geográfica andina: ['peru', 'paracas']",candidato_corpus_principal,fragmento textil potencialmente útil; requiere revisión visual,,,,revisar_para_corpus_principal
308068,Embroidered Mantle Fragment,Paracas,,Textiles-Woven,Mantle fragment,Camelid hair,https://www.metmuseum.org/art/collection/search/308068,https://images.metmuseum.org/CRDImages/ao/original/DP18539.jpg,"clasificación contiene evidencia textil: ['textile', 'textiles'] | nombre de objeto contiene términos textiles: ['mantle'] | material contiene fibras o soporte textil: ['camelid'] | título contiene términos textiles: ['embroidered', 'mantle'] | título contiene términos débiles asociados a fragmentos o paneles: ['fragment'] | evidencia cultural/geográfica andina: ['peru', 'paracas']",candidato_corpus_principal,pieza textil con superficie o composición potencialmente útil,,,,revisar_para_corpus_principal
308098,Embroidered Mantle Fragment,Paracas,,Textiles-Woven,Mantle fragment,Camelid hair,https://www.metmuseum.org/art/collection/search/308098,https://images.metmuseum.org/CRDImages/ao/original/DP18454.jpg,"clasificación contiene evidencia textil: ['textile', 'textiles'] | nombre de objeto contiene términos textiles: ['mantle'] | material contiene fibras o soporte textil: ['camelid'] | título contiene términos textiles: ['embroidered', 'mantle'] | título contiene términos débiles asociados a fragmentos o paneles: ['fragment'] | evidencia cultural/geográfica andina: ['peru', 'paracas']",candidato_corpus_principal,pieza textil con superficie o composición potencialmente útil,,,,revisar_para_corpus_principal
308040,Embroidered Mantle Fragment,Paracas,,Textiles-Woven,Mantle fragment,Camelid hair,https://www.metmuseum.org/art/collection/search/308040,https://images.metmuseum.org/CRDImages/ao/original/DP18451.jpg,"clasificación contiene evidencia textil: ['textile', 'textiles'] | nombre de objeto contiene términos textiles: ['mantle'] | material contiene fibras o soporte textil: ['camelid'] | título contiene términos textiles: ['embroidered', 'mantle'] | título contiene términos débiles asociados a fragmentos o paneles: ['fragment'] | evidencia cultural/geográfica andina: ['peru', 'paracas']",candidato_corpus_principal,pieza textil con superficie o composición potencialmente útil,,,,revisar_para_corpus_principal
308070,Embroidered Mantle Fragment,Paracas,,Textiles-Woven,Mantle fragment,Camelid hair,https://www.metmuseum.org/art/collection/search/308070,https://images.metmuseum.org/CRDImages/ao/original/DP18537.jpg,"clasificación contiene evidencia textil: ['textile', 'textiles'] | nombre de objeto contiene términos textiles: ['mantle'] | material contiene fibras o soporte textil: ['camelid'] | título contiene términos textiles: ['embroidered', 'mantle'] | título contiene términos débiles asociados a fragmentos o paneles: ['fragment'] | evidencia cultural/geográfica andina: ['peru', 'paracas']",candidato_corpus_principal,pieza textil con superficie o composición potencialmente útil,,,,revisar_para_corpus_principal
308058,Embroidered Border Fragment,Paracas,,Textiles-Woven,Border Fragment,Camelid hair,https://www.metmuseum.org/art/collection/search/308058,https://images.metmuseum.org/CRDImages/ao/original/DP18549.jpg,"clasificación contiene evidencia textil: ['textile', 'textiles'] | material contiene fibras o soporte textil: ['camelid'] | título contiene términos textiles: ['embroidered'] | título contiene términos débiles asociados a fragmentos o paneles: ['fragment', 'border'] | evidencia cultural/geográfica andina: ['peru', 'paracas']",candidato_corpus_principal,fragmento textil potencialmente útil; requiere revisión visual,,,,revisar_para_corpus_principal
308076,Embroidered Mantle Fragment,Paracas,,Textiles-Woven,Mantle fragment,Camelid hair,https://www.metmuseum.org/art/collection/search/308076,https://images.metmuseum.org/CRDImages/ao/original/33.149.41.jpg,"clasificación contiene evidencia textil: ['textile', 'textiles'] | nombre de objeto contiene términos textiles: ['mantle'] | material contiene fibras o soporte textil: ['camelid'] | título contiene términos textiles: ['embroidered', 'mantle'] | título contiene términos débiles asociados a fragmentos o paneles: ['fragment'] | evidencia cultural/geográfica andina: ['peru', 'paracas']",candidato_corpus_principal,pieza textil con superficie o composición potencialmente útil,,,,revisar_para_corpus_principal
308053,Embroidered Border Fragment,Paracas,,Textiles-Woven,Border Fragment,Camelid hair,https://www.metmuseum.org/art/collection/search/308053,https://images.metmuseum.org/CRDImages/ao/original/DP18553.jpg,"clasificación contiene evidencia textil: ['textile', 'textiles'] | material contiene fibras o soporte textil: ['camelid'] | título contiene términos textiles: ['embroidered'] | título contiene términos débiles asociados a fragmentos o paneles: ['fragment', 'border'] | evidencia cultural/geográfica andina: ['peru', 'paracas']",candidato_corpus_principal,fragmento textil potencialmente útil; requiere revisión visual,,,,revisar_para_corpus_principal
308077,Embroidered Mantle Fragment,Paracas,,Textiles-Woven,Mantle fragment,Camelid hair,https://www.metmuseum.org/art/collection/search/308077,https://images.metmuseum.org/CRDImages/ao/original/DP18450.jpg,"clasificación contiene evidencia textil: ['textile', 'textiles'] | nombre de objeto contiene términos textiles: ['mantle'] | material contiene fibras o soporte textil: ['camelid'] | título contiene términos textiles: ['embroidered', 'mantle'] | título contiene términos débiles asociados a fragmentos o paneles: ['fragment'] | evidencia cultural/geográfica andina: ['peru', 'paracas']",candidato_corpus_principal,pieza textil con superficie o composición potencialmente útil,,,,revisar_para_corpus_principal
308105,Embroidered Mantle Fragment,Paracas,,Textiles-Woven,Mantle fragment,Camelid hair,https://www.metmuseum.org/art/collection/search/308105,https://images.metmuseum.org/CRDImages/ao/original/DP18461.jpg,"clasificación contiene evidencia textil: ['textile', 'textiles'] | nombre de objeto contiene términos textiles: ['mantle'] | material contiene fibras o soporte textil: ['camelid'] | título contiene términos textiles: ['embroidered', 'mantle'] | título contiene términos débiles asociados a fragmentos o paneles: ['fragment'] | evidencia cultural/geográfica andina: ['peru', 'paracas']",candidato_corpus_principal,pieza textil con superficie o composición potencialmente útil,,,,revisar_para_corpus_principal
307683,Embroidered Mantle Fragment,Paracas,,Textiles-Woven,Mantle fragment,Camelid hair,https://www.metmuseum.org/art/collection/search/307683,https://images.metmuseum.org/CRDImages/ao/original/33.149.76-94.jpg,"clasificación contiene evidencia textil: ['textile', 'textiles'] | nombre de objeto contiene términos textiles: ['mantle'] | material contiene fibras o soporte textil: ['camelid'] | título contiene términos textiles: ['embroidered', 'mantle'] | título contiene términos débiles asociados a fragmentos o paneles: ['fragment'] | evidencia cultural/geográfica andina: ['peru', 'paracas']",candidato_corpus_principal,pieza textil con superficie o composición potencialmente útil,,,,revisar_para_corpus_principal
308044,Embroidered Border Fragment,Paracas,,Textiles-Woven,Border Fragment,Camelid hair,https://www.metmuseum.org/art/collection/search/308044,https://images.metmuseum.org/CRDImages/ao/original/DP18526.jpg,"clasificación contiene evidencia textil: ['textile', 'textiles'] | material contiene fibras o soporte textil: ['camelid'] | título contiene términos textiles: ['embroidered'] | título contiene términos débiles asociados a fragmentos o paneles: ['fragment', 'border'] | evidencia cultural/geográfica andina: ['peru', 'paracas']",candidato_corpus_principal,fragmento textil potencialmente útil; requiere revisión visual,,,,revisar_para_corpus_principal
308042,Embroidered Border Fragment,Paracas,,Textiles-Woven,Border Fragment,Camelid hair,https://www.metmuseum.org/art/collection/search/308042,https://images.metmuseum.org/CRDImages/ao/original/TP391.jpg,"clasificación contiene evidencia textil: ['textile', 'textiles'] | material contiene fibras o soporte textil: ['camelid'] | título contiene términos textiles: ['embroidered'] | título contiene términos débiles asociados a fragmentos o paneles: ['fragment', 'border'] | evidencia cultural/geográfica andina: ['peru', 'paracas']",candidato_corpus_principal,fragmento textil potencialmente útil; requiere revisión visual,,,,revisar_para_corpus_principal
318460,False Face for Funerary Bundle,Paracas,,Textiles-Woven,Mask,"Cotton, paint",https://www.metmuseum.org/art/collection/search/318460,https://images.metmuseum.org/CRDImages/ao/original/vsl1995_49.jpg,"clasificación contiene evidencia textil: ['textile', 'textiles'] | material contiene fibras o soporte textil: ['cotton'] | evidencia cultural/geográfica andina: ['peru', 'paracas'] | nombre de objeto sugiere objeto no textil: ['mask']",revision_prenda_accesorio,prenda/accesorio textil; revisar si aporta patrón o iconografía,,,,revisar_para_secundario
312933,Headband,Nasca,,Textiles-Woven,Headdress,Camelid fiber,https://www.metmuseum.org/art/collection/search/312933,https://images.metmuseum.org/CRDImages/ao/original/DP-26538-001.jpg,"clasificación contiene evidencia textil: ['textile', 'textiles'] | material contiene fibras o soporte textil: ['camelid', 'fiber'] | título contiene términos textiles: ['headband'] | título contiene términos débiles asociados a fragmentos o paneles: ['band'] | evidencia cultural/geográfica andina: ['peru', 'nasca']",revision_formato_longitudinal,formato longitudinal; revisar si aporta motivos útiles,,,,revisar_para_secundario_o_principal
307950,Tunic,Nasca,,Textiles-Woven,Tunic,Camelid hair,https://www.metmuseum.org/art/collection/search/307950,https://images.metmuseum.org/CRDImages/ao/original/DP233569.jpg,"clasificación contiene evidencia textil: ['textile', 'textiles'] | nombre de objeto contiene términos textiles: ['tunic'] | material contiene fibras o soporte textil: ['camelid'] | título contiene términos textiles: ['tunic'] | evidencia cultural/geográfica andina: ['peru', 'nasca']",candidato_corpus_principal,pieza textil con superficie o composición potencialmente útil,,,,revisar_para_corpus_principal
308285,Panel,Nasca,,Textiles-Woven,Panel,Camelid hair,https://www.metmuseum.org/art/collection/search/308285,https://images.metmuseum.org/CRDImages/ao/original/169777.jpg,"clasificación contiene evidencia textil: ['textile', 'textiles'] | material contiene fibras o soporte textil: ['camelid'] | título contiene términos débiles asociados a fragmentos o paneles: ['panel'] | evidencia cultural/geográfica andina: ['peru', 'nasca']",candidato_corpus_principal,pieza textil con superficie o composición potencialmente útil,,,,revisar_para_corpus_principal
308284,Panel,Nasca,,Textiles-Woven,Panel,Camelid hair,https://www.metmuseum.org/art/collection/search/308284,https://images.metmuseum.org/CRDImages/ao/original/169776.jpg,"clasificación contiene evidencia textil: ['textile', 'textiles'] | material contiene fibras o soporte textil: ['camelid'] | título contiene términos débiles asociados a fragmentos o paneles: ['panel'] | evidencia cultural/geográfica andina: ['peru', 'nasca']",candidato_corpus_principal,pieza textil con superficie o composición potencialmente útil,,,,revisar_para_corpus_principal
307960,Band Fragment,Nasca,,Textiles-Woven,Textile fragment,Camelid hair,https://www.metmuseum.org/art/collection/search/307960,https://images.metmuseum.org/CRDImages/ao/original/29.146.9.jpg,"clasificación contiene evidencia textil: ['textile', 'textiles'] | nombre de objeto contiene términos textiles: ['textile'] | material contiene fibras o soporte textil: ['camelid'] | título contiene términos débiles asociados a fragmentos o paneles: ['fragment', 'band'] | evidencia cultural/geográfica andina: ['peru', 'nasca']",candidato_corpus_principal,fragmento textil potencialmente útil; requiere revisión visual,,,,revisar_para_corpus_principal
307972,Band Fragment,Nasca,,Textiles-Woven,Textile fragment,Camelid hair,https://www.metmuseum.org/art/collection/search/307972,https://images.metmuseum.org/CRDImages/ao/original/DP18617.jpg,"clasificación contiene evidencia textil: ['textile', 'textiles'] | nombre de objeto contiene términos textiles: ['textile'] | material contiene fibras o soporte textil: ['camelid'] | título contiene términos débiles asociados a fragmentos o paneles: ['fragment', 'band'] | evidencia cultural/geográfica andina: ['peru', 'nasca']",candidato_corpus_principal,fragmento textil potencialmente útil; requiere revisión visual,,,,revisar_para_corpus_principal
308016,Fragment with Figures,Nasca,,Textiles-Woven,Textile fragment,Camelid hair,https://www.metmuseum.org/art/collection/search/308016,https://images.metmuseum.org/CRDImages/ao/original/DP18620.jpg,"clasificación contiene evidencia textil: ['textile', 'textiles'] | nombre de objeto contiene términos textiles: ['textile'] | material contiene fibras o soporte textil: ['camelid'] | título contiene términos débiles asociados a fragmentos o paneles: ['fragment'] | evidencia cultural/geográfica andina: ['peru', 'nasca'] | título sugiere objeto no textil: ['figure']",candidato_corpus_principal,fragmento textil potencialmente útil; requiere revisión visual,,,,revisar_para_corpus_principal
308017,Embroidered Fragment,Nasca,,Textiles-Woven,Textile fragment,Camelid hair,https://www.metmuseum.org/art/collection/search/308017,https://images.metmuseum.org/CRDImages/ao/original/DP18640.jpg,"clasificación contiene evidencia textil: ['textile', 'textiles'] | nombre de objeto contiene términos textiles: ['textile'] | material contiene fibras o soporte textil: ['camelid'] | título contiene términos textiles: ['embroidered'] | título contiene términos débiles asociados a fragmentos o paneles: ['fragment'] | evidencia cultural/geográfica andina: ['peru', 'nasca']",candidato_corpus_principal,fragmento textil potencialmente útil; requiere revisión visual,,,,revisar_para_corpus_principal
307841,Fringed Bag,Nasca,,Textiles-Woven,Bag,Camelid hair,https://www.metmuseum.org/art/collection/search/307841,https://images.metmuseum.org/CRDImages/ao/original/DP18589.jpg,"clasificación contiene evidencia textil: ['textile', 'textiles'] | nombre de objeto contiene términos textiles: ['bag'] | material contiene fibras o soporte textil: ['camelid'] | título contiene términos textiles: ['bag'] | evidencia cultural/geográfica andina: ['peru', 'nasca']",candidato_corpus_principal,pieza textil con superficie o composición potencialmente útil,,,,revisar_para_corpus_principal
307844,Fringed Bag,Nasca,,Textiles-Woven,Bag,Camelid hair,https://www.metmuseum.org/art/collection/search/307844,https://images.metmuseum.org/CRDImages/ao/original/DP18605.jpg,"clasificación contiene evidencia textil: ['textile', 'textiles'] | nombre de objeto contiene términos textiles: ['bag'] | material contiene fibras o soporte textil: ['camelid'] | título contiene términos textiles: ['bag'] | evidencia cultural/geográfica andina: ['peru', 'nasca']",candidato_corpus_principal,pieza textil con superficie o composición potencialmente útil,,,,revisar_para_corpus_principal
307968,Band Fragment,Nasca,,Textiles-Woven,Band fragment,Camelid hair,https://www.metmuseum.org/art/collection/search/307968,https://images.metmuseum.org/CRDImages/ao/original/29.146.16.jpg,"clasificación contiene evidencia textil: ['textile', 'textiles'] | material contiene fibras o soporte textil: ['camelid'] | título contiene términos débiles asociados a fragmentos o paneles: ['fragment', 'band'] | evidencia cultural/geográfica andina: ['peru', 'nasca']",candidato_corpus_principal,fragmento textil potencialmente útil; requiere revisión visual,,,,revisar_para_corpus_principal
307966,Band Fragment,Nasca,,Textiles-Woven,Band fragment,Camelid hair,https://www.metmuseum.org/art/collection/search/307966,https://images.metmuseum.org/CRDImages/ao/original/29.146.14 -15.jpg,"clasificación contiene evidencia textil: ['textile', 'textiles'] | material contiene fibras o soporte textil: ['camelid'] | título contiene términos débiles asociados a fragmentos o paneles: ['fragment', 'band'] | evidencia cultural/geográfica andina: ['peru', 'nasca']",candidato_corpus_principal,fragmento textil potencialmente útil; requiere revisión visual,,,,revisar_para_corpus_principal
307965,Band Fragment,Nasca,,Textiles-Woven,Band fragment,Camelid hair,https://www.metmuseum.org/art/collection/search/307965,https://images.metmuseum.org/CRDImages/ao/original/DP18634.jpg,"clasificación contiene evidencia textil: ['textile', 'textiles'] | material contiene fibras o soporte textil: ['camelid'] | título contiene términos débiles asociados a fragmentos o paneles: ['fragment', 'band'] | evidencia cultural/geográfica andina: ['peru', 'nasca']",candidato_corpus_principal,fragmento textil potencialmente útil; requiere revisión visual,,,,revisar_para_corpus_principal
307964,Band Fragment,Nasca,,Textiles-Woven,Band fragment,Camelid hair,https://www.metmuseum.org/art/collection/search/307964,https://images.metmuseum.org/CRDImages/ao/original/DP18634.jpg,"clasificación contiene evidencia textil: ['textile', 'textiles'] | material contiene fibras o soporte textil: ['camelid'] | título contiene términos débiles asociados a fragmentos o paneles: ['fragment', 'band'] | evidencia cultural/geográfica andina: ['peru', 'nasca']",candidato_corpus_principal,fragmento textil potencialmente útil; requiere revisión visual,,,,revisar_para_corpus_principal
308027,Fringed Bag,Nasca,,Textiles-Woven,Bag,Camelid hair,https://www.metmuseum.org/art/collection/search/308027,https://images.metmuseum.org/CRDImages/ao/original/DP18600.jpg,"clasificación contiene evidencia textil: ['textile', 'textiles'] | nombre de objeto contiene términos textiles: ['bag'] | material contiene fibras o soporte textil: ['camelid'] | título contiene términos textiles: ['bag'] | evidencia cultural/geográfica andina: ['peru', 'nasca']",candidato_corpus_principal,pieza textil con superficie o composición potencialmente útil,,,,revisar_para_corpus_principal
308018,Sash Fragment,Nasca,,Textiles-Woven,Sash,Camelid hair,https://www.metmuseum.org/art/collection/search/308018,https://images.metmuseum.org/CRDImages/ao/original/DP18628.jpg,"clasificación contiene evidencia textil: ['textile', 'textiles'] | nombre de objeto contiene términos textiles: ['sash'] | material contiene fibras o soporte textil: ['camelid'] | título contiene términos textiles: ['sash'] | título contiene términos débiles asociados a fragmentos o paneles: ['fragment'] | evidencia cultural/geográfica andina: ['peru', 'nasca']",revision_formato_longitudinal,formato longitudinal; revisar si aporta motivos útiles,,,,revisar_para_secundario_o_principal
308020,Sash Fragment,Nasca,,Textiles-Woven,Sash,Camelid hair,https://www.metmuseum.org/art/collection/search/308020,https://images.metmuseum.org/CRDImages/ao/original/DP18630.jpg,"clasificación contiene evidencia textil: ['textile', 'textiles'] | nombre de objeto contiene términos textiles: ['sash'] | material contiene fibras o soporte textil: ['camelid'] | título contiene términos textiles: ['sash'] | título contiene términos débiles asociados a fragmentos o paneles: ['fragment'] | evidencia cultural/geográfica andina: ['peru', 'nasca']",revision_formato_longitudinal,formato longitudinal; revisar si aporta motivos útiles,,,,revisar_para_secundario_o_principal
308028,Bag,Nasca,,Textiles-Woven,Bag,Camelid hair,https://www.metmuseum.org/art/collection/search/308028,https://images.metmuseum.org/CRDImages/ao/original/DP18595.jpg,"clasificación contiene evidencia textil: ['textile', 'textiles'] | nombre de objeto contiene términos textiles: ['bag'] | material contiene fibras o soporte textil: ['camelid'] | título contiene términos textiles: ['bag'] | evidencia cultural/geográfica andina: ['peru', 'nasca']",candidato_corpus_principal,pieza textil con superficie o composición potencialmente útil,,,,revisar_para_corpus_principal
308025,Bag,Nasca,,Textiles-Woven,Bag,Camelid hair,https://www.metmuseum.org/art/collection/search/308025,https://images.metmuseum.org/CRDImages/ao/original/DP18593.jpg,"clasificación contiene evidencia textil: ['textile', 'textiles'] | nombre de objeto contiene términos textiles: ['bag'] | material contiene fibras o soporte textil: ['camelid'] | título contiene términos textiles: ['bag'] | evidencia cultural/geográfica andina: ['peru', 'nasca']",candidato_corpus_principal,pieza textil con superficie o composición potencialmente útil,,,,revisar_para_corpus_principal
308019,Sash Fragment,Nasca,,Textiles-Woven,Sash,Camelid hair,https://www.metmuseum.org/art/collection/search/308019,https://images.metmuseum.org/CRDImages/ao/original/DP18629.jpg,"clasificación contiene evidencia textil: ['textile', 'textiles'] | nombre de objeto contiene términos textiles: ['sash'] | material contiene fibras o soporte textil: ['camelid'] | título contiene términos textiles: ['sash'] | título contiene términos débiles asociados a fragmentos o paneles: ['fragment'] | evidencia cultural/geográfica andina: ['peru', 'nasca']",revision_formato_longitudinal,formato longitudinal; revisar si aporta motivos útiles,,,,revisar_para_secundario_o_principal
307967,Band Fragment,Nasca,,Textiles-Woven,Band fragment,Camelid hair,https://www.metmuseum.org/art/collection/search/307967,https://images.metmuseum.org/CRDImages/ao/original/29.146.14 -15.jpg,"clasificación contiene evidencia textil: ['textile', 'textiles'] | material contiene fibras o soporte textil: ['camelid'] | título contiene términos débiles asociados a fragmentos o paneles: ['fragment', 'band'] | evidencia cultural/geográfica andina: ['peru', 'nasca']",candidato_corpus_principal,fragmento textil potencialmente útil; requiere revisión visual,,,,revisar_para_corpus_principal
307963,Bag,Nasca,,Textiles-Woven,Bag,Camelid hair,https://www.metmuseum.org/art/collection/search/307963,https://images.metmuseum.org/CRDImages/ao/original/DP18609.jpg,"clasificación contiene evidencia textil: ['textile', 'textiles'] | nombre de objeto contiene términos textiles: ['bag'] | material contiene fibras o soporte textil: ['camelid'] | título contiene términos textiles: ['bag'] | evidencia cultural/geográfica andina: ['peru', 'nasca']",candidato_corpus_principal,pieza textil con superficie o composición potencialmente útil,,,,revisar_para_corpus_principal
308029,Fringed Bag,Nasca,,Textiles-Woven,Bag,Camelid hair,https://www.metmuseum.org/art/collection/search/308029,https://images.metmuseum.org/CRDImages/ao/original/DP18594.jpg,"clasificación contiene evidencia textil: ['textile', 'textiles'] | nombre de objeto contiene términos textiles: ['bag'] | material contiene fibras o soporte textil: ['camelid'] | título contiene términos textiles: ['bag'] | evidencia cultural/geográfica andina: ['peru', 'nasca']",candidato_corpus_principal,pieza textil con superficie o composición potencialmente útil,,,,revisar_para_corpus_principal
307971,Border Fragments,Nasca,,Textiles-Woven,Border fragments,Camelid hair,https://www.metmuseum.org/art/collection/search/307971,https://images.metmuseum.org/CRDImages/ao/original/DP18443.jpg,"clasificación contiene evidencia textil: ['textile', 'textiles'] | material contiene fibras o soporte textil: ['camelid'] | título contiene términos débiles asociados a fragmentos o paneles: ['fragment', 'border'] | evidencia cultural/geográfica andina: ['peru', 'nasca']",candidato_corpus_principal,fragmento textil potencialmente útil; requiere revisión visual,,,,revisar_para_corpus_principal
308026,Fringed Bag,Nasca,,Textiles-Woven,Bag,Camelid hair,https://www.metmuseum.org/art/collection/search/308026,https://images.metmuseum.org/CRDImages/ao/original/DP18586_32.32.13.jpg,"clasificación contiene evidencia textil: ['textile', 'textiles'] | nombre de objeto contiene términos textiles: ['bag'] | material contiene fibras o soporte textil: ['camelid'] | título contiene términos textiles: ['bag'] | evidencia cultural/geográfica andina: ['peru', 'nasca']",candidato_corpus_principal,pieza textil con superficie o composición potencialmente útil,,,,revisar_para_corpus_principal
308021,Bag,Nasca,,Textiles-Woven,Bag,Camelid hair,https://www.metmuseum.org/art/collection/search/308021,https://images.metmuseum.org/CRDImages/ao/original/DP18587_32.32.8.jpg,"clasificación contiene evidencia textil: ['textile', 'textiles'] | nombre de objeto contiene términos textiles: ['bag'] | material contiene fibras o soporte textil: ['camelid'] | título contiene términos textiles: ['bag'] | evidencia cultural/geográfica andina: ['peru', 'nasca']",candidato_corpus_principal,pieza textil con superficie o composición potencialmente útil,,,,revisar_para_corpus_principal
308023,Bag,Nasca,,Textiles-Woven,Bag,Camelid hair,https://www.metmuseum.org/art/collection/search/308023,https://images.metmuseum.org/CRDImages/ao/original/DP18585_32.32.10.jpg,"clasificación contiene evidencia textil: ['textile', 'textiles'] | nombre de objeto contiene términos textiles: ['bag'] | material contiene fibras o soporte textil: ['camelid'] | título contiene términos textiles: ['bag'] | evidencia cultural/geográfica andina: ['peru', 'nasca']",candidato_corpus_principal,pieza textil con superficie o composición potencialmente útil,,,,revisar_para_corpus_principal
307843,Tapestry Bag with Fringes,Nasca,,Textiles-Woven,Bag,Camelid hair,https://www.metmuseum.org/art/collection/search/307843,https://images.metmuseum.org/CRDImages/ao/original/DP18590.jpg,"clasificación contiene evidencia textil: ['textile', 'textiles'] | nombre de objeto contiene términos textiles: ['bag'] | material contiene fibras o soporte textil: ['camelid'] | título contiene términos textiles: ['tapestry', 'bag'] | evidencia cultural/geográfica andina: ['peru', 'nasca']",candidato_corpus_principal,pieza textil con superficie o composición potencialmente útil,,,,revisar_para_corpus_principal
307959,Sash or Headband,Nasca,,Textiles-Woven,Sash,Camelid hair,https://www.metmuseum.org/art/collection/search/307959,https://images.metmuseum.org/CRDImages/ao/original/29.146.8.jpg,"clasificación contiene evidencia textil: ['textile', 'textiles'] | nombre de objeto contiene términos textiles: ['sash'] | material contiene fibras o soporte textil: ['camelid'] | título contiene términos textiles: ['sash', 'headband'] | título contiene términos débiles asociados a fragmentos o paneles: ['band'] | evidencia cultural/geográfica andina: ['peru', 'nasca']",revision_formato_longitudinal,formato longitudinal; revisar si aporta motivos útiles,,,,revisar_para_secundario_o_principal
307970,Border Fragment,Nasca,,Textiles-Woven,Border fragment,Camelid hair,https://www.metmuseum.org/art/collection/search/307970,https://images.metmuseum.org/CRDImages/ao/original/DP218997.jpg,"clasificación contiene evidencia textil: ['textile', 'textiles'] | material contiene fibras o soporte textil: ['camelid'] | título contiene términos débiles asociados a fragmentos o paneles: ['fragment', 'border'] | evidencia cultural/geográfica andina: ['peru', 'nasca']",candidato_corpus_principal,fragmento textil potencialmente útil; requiere revisión visual,,,,revisar_para_corpus_principal
308282,Panel with Figures,Nasca,,Textiles-Non-Woven,Textile fragment,Camelid hair,https://www.metmuseum.org/art/collection/search/308282,https://images.metmuseum.org/CRDImages/ao/original/TP410.jpg,"clasificación contiene evidencia textil: ['textile', 'textiles'] | nombre de objeto contiene términos textiles: ['textile'] | material contiene fibras o soporte textil: ['camelid'] | título contiene términos débiles asociados a fragmentos o paneles: ['panel'] | evidencia cultural/geográfica andina: ['peru', 'nasca'] | título sugiere objeto no textil: ['figure']",candidato_corpus_principal,título indica pieza textil principal con superficie útil,,,,revisar_para_corpus_principal
314363,Tunic,Nasca,,Textiles-Woven,Tunic,Camelid hair,https://www.metmuseum.org/art/collection/search/314363,https://images.metmuseum.org/CRDImages/ao/original/DP221262.jpg,"clasificación contiene evidencia textil: ['textile', 'textiles'] | nombre de objeto contiene términos textiles: ['tunic'] | material contiene fibras o soporte textil: ['camelid'] | título contiene términos textiles: ['tunic'] | evidencia cultural/geográfica andina: ['peru', 'nasca']",candidato_corpus_principal,pieza textil con superficie o composición potencialmente útil,,,,revisar_para_corpus_principal
316921,Bag,Nasca (?),,Textiles-Woven,Bag,Camelid hair,https://www.metmuseum.org/art/collection/search/316921,https://images.metmuseum.org/CRDImages/ao/original/DP18608.jpg,"clasificación contiene evidencia textil: ['textile', 'textiles'] | nombre de objeto contiene términos textiles: ['bag'] | material contiene fibras o soporte textil: ['camelid'] | título contiene términos textiles: ['bag'] | evidencia cultural/geográfica andina: ['peru', 'nasca']",candidato_corpus_principal,pieza textil con superficie o composición potencialmente útil,,,,revisar_para_corpus_principal
313339,Dress Fragment,Nasca,,Textiles-Woven,Textile fragment,"Cotton, pigment",https://www.metmuseum.org/art/collection/search/313339,https://images.metmuseum.org/CRDImages/ao/original/SC207347.jpg,"clasificación contiene evidencia textil: ['textile', 'textiles'] | nombre de objeto contiene términos textiles: ['textile'] | material contiene fibras o soporte textil: ['cotton'] | título contiene términos débiles asociados a fragmentos o paneles: ['fragment'] | evidencia cultural/geográfica andina: ['peru', 'nasca']",candidato_corpus_principal,fragmento textil potencialmente útil; requiere revisión visual,,,,revisar_para_corpus_principal
319523,Tunic Panel,Nasca,,Textiles-Featherwork,Tunic panel,"Cotton, feathers",https://www.metmuseum.org/art/collection/search/319523,https://images.metmuseum.org/CRDImages/ao/original/hzTR554_2004.jpg,"clasificación contiene evidencia textil: ['textile', 'textiles'] | nombre de objeto contiene términos textiles: ['tunic'] | material contiene fibras o soporte textil: ['cotton'] | título contiene términos textiles: ['tunic'] | título contiene términos débiles asociados a fragmentos o paneles: ['panel'] | evidencia cultural/geográfica andina: ['peru', 'nasca']",secundario_featherwork,textil con plumas; conservar en corpus secundario,,,,pasar_a_corpus_secundario
307953,Fragmentary Band,Nasca,,Textiles-Woven,Band fragment,"Camelid hair, cotton",https://www.metmuseum.org/art/collection/search/307953,https://images.metmuseum.org/CRDImages/ao/original/DP18444.jpg,"clasificación contiene evidencia textil: ['textile', 'textiles'] | material contiene fibras o soporte textil: ['cotton', 'camelid'] | título contiene términos débiles asociados a fragmentos o paneles: ['fragment', 'band'] | evidencia cultural/geográfica andina: ['peru', 'nasca']",candidato_corpus_principal,fragmento textil potencialmente útil; requiere revisión visual,,,,revisar_para_corpus_principal
307969,Border Fragment,Nasca,,Textiles-Woven,Border fragment,"Camelid hair, cotton",https://www.metmuseum.org/art/collection/search/307969,https://images.metmuseum.org/CRDImages/ao/original/DP18504.jpg,"clasificación contiene evidencia textil: ['textile', 'textiles'] | material contiene fibras o soporte textil: ['cotton', 'camelid'] | título contiene términos débiles asociados a fragmentos o paneles: ['fragment', 'border'] | evidencia cultural/geográfica andina: ['peru', 'nasca']",candidato_corpus_principal,fragmento textil potencialmente útil; requiere revisión visual,,,,revisar_para_corpus_principal
307961,Band Fragment,Nasca,,Textiles-Woven,Textile fragment,"Camelid hair, cotton",https://www.metmuseum.org/art/collection/search/307961,https://images.metmuseum.org/CRDImages/ao/original/75153.jpg,"clasificación contiene evidencia textil: ['textile', 'textiles'] | nombre de objeto contiene términos textiles: ['textile'] | material contiene fibras o soporte textil: ['cotton', 'camelid'] | título contiene términos débiles asociados a fragmentos o paneles: ['fragment', 'band'] | evidencia cultural/geográfica andina: ['peru', 'nasca']",candidato_corpus_principal,fragmento textil potencialmente útil; requiere revisión visual,,,,revisar_para_corpus_principal
308015,Tapestry Panel,Nasca,,Textiles-Woven,Textile fragment,"Camelid hair, cotton",https://www.metmuseum.org/art/collection/search/308015,https://images.metmuseum.org/CRDImages/ao/original/DP18635.jpg,"clasificación contiene evidencia textil: ['textile', 'textiles'] | nombre de objeto contiene términos textiles: ['textile'] | material contiene fibras o soporte textil: ['cotton', 'camelid'] | título contiene términos textiles: ['tapestry'] | título contiene términos débiles asociados a fragmentos o paneles: ['panel'] | evidencia cultural/geográfica andina: ['peru', 'nasca']",candidato_corpus_principal,título indica pieza textil principal con superficie útil,,,,revisar_para_corpus_principal
307933,Tapestry Fragment with Figures,Nasca (?),,Textiles-Woven,Textile fragment,"Camelid hair, cotton",https://www.metmuseum.org/art/collection/search/307933,https://images.metmuseum.org/CRDImages/ao/original/LC-28_64_27_TMSa.jpg,"clasificación contiene evidencia textil: ['textile', 'textiles'] | nombre de objeto contiene términos textiles: ['textile'] | material contiene fibras o soporte textil: ['cotton', 'camelid'] | título contiene términos textiles: ['tapestry'] | título contiene términos débiles asociados a fragmentos o paneles: ['fragment'] | evidencia cultural/geográfica andina: ['peru', 'nasca'] | título sugiere objeto no textil: ['figure']",candidato_corpus_principal,fragmento textil potencialmente útil; requiere revisión visual,,,,revisar_para_corpus_principal
316935,Headband,Nasca (?),,Textiles-Woven,Headband,"Cotton, camelid hair",https://www.metmuseum.org/art/collection/search/316935,https://images.metmuseum.org/CRDImages/ao/original/vs1994.35.110.jpg,"clasificación contiene evidencia textil: ['textile', 'textiles'] | nombre de objeto contiene términos textiles: ['headband'] | material contiene fibras o soporte textil: ['cotton', 'camelid'] | título contiene términos textiles: ['headband'] | título contiene términos débiles asociados a fragmentos o paneles: ['band'] | evidencia cultural/geográfica andina: ['peru', 'nasca']",revision_formato_longitudinal,formato longitudinal; revisar si aporta motivos útiles,,,,revisar_para_secundario_o_principal
316925,Bag,Nasca (?),,Textiles-Woven,Bag,Camelid hair,https://www.metmuseum.org/art/collection/search/316925,https://images.metmuseum.org/CRDImages/ao/original/DP18612.jpg,"clasificación contiene evidencia textil: ['textile', 'textiles'] | nombre de objeto contiene términos textiles: ['bag'] | material contiene fibras o soporte textil: ['camelid'] | título contiene términos textiles: ['bag'] | evidencia cultural/geográfica andina: ['peru', 'nasca']",candidato_corpus_principal,pieza textil con superficie o composición potencialmente útil,,,,revisar_para_corpus_principal
307962,Bag Fragment,Nasca,,Textiles-Woven,Bag fragment,"Camelid hair, cotton",https://www.metmuseum.org/art/collection/search/307962,https://images.metmuseum.org/CRDImages/ao/original/29.146.11.jpg,"clasificación contiene evidencia textil: ['textile', 'textiles'] | nombre de objeto contiene términos textiles: ['bag'] | material contiene fibras o soporte textil: ['cotton', 'camelid'] | título contiene términos textiles: ['bag'] | título contiene términos débiles asociados a fragmentos o paneles: ['fragment'] | evidencia cultural/geográfica andina: ['peru', 'nasca']",candidato_corpus_principal,pieza textil con superficie o composición potencialmente útil,,,,revisar_para_corpus_principal
307952,Tunic Fragment,Nasca (?),,Textiles-Woven,Tunic fragment,Camelid hair,https://www.metmuseum.org/art/collection/search/307952,https://images.metmuseum.org/CRDImages/ao/original/DP18638.jpg,"clasificación contiene evidencia textil: ['textile', 'textiles'] | nombre de objeto contiene términos textiles: ['tunic'] | material contiene fibras o soporte textil: ['camelid'] | título contiene términos textiles: ['tunic'] | título contiene términos débiles asociados a fragmentos o paneles: ['fragment'] | evidencia cultural/geográfica andina: ['peru', 'nasca']",candidato_corpus_principal,pieza textil con superficie o composición potencialmente útil,,,,revisar_para_corpus_principal
313129,Hanging,Wari (?),,Textiles-Woven,Hanging,"Cotton, paint",https://www.metmuseum.org/art/collection/search/313129,https://images.metmuseum.org/CRDImages/ao/original/222460.jpg,"clasificación contiene evidencia textil: ['textile', 'textiles'] | material contiene fibras o soporte textil: ['cotton'] | evidencia cultural/geográfica andina: ['peru', 'wari']",candidato_corpus_principal,pieza textil con superficie o composición potencialmente útil,,,,revisar_para_corpus_principal
316342,Four-Cornered Hat,Wari,,Textiles-Costumes,Hat,Camelid hair,https://www.metmuseum.org/art/collection/search/316342,https://images.metmuseum.org/CRDImages/ao/original/DP-29624-001.jpg,"clasificación contiene evidencia textil: ['textile', 'textiles'] | material contiene fibras o soporte textil: ['camelid'] | evidencia cultural/geográfica andina: ['peru', 'wari']",revision_prenda_iconografica_prioritaria,prenda Wari/Tiwanaku con posible valor iconográfico,,,,revisar_para_corpus_principal_o_secundario
316727,Four-Cornered Hat,Wari,,Textiles-Costumes,Hat,Camelid hair,https://www.metmuseum.org/art/collection/search/316727,https://images.metmuseum.org/CRDImages/ao/original/DP-29608-001.jpg,"clasificación contiene evidencia textil: ['textile', 'textiles'] | material contiene fibras o soporte textil: ['camelid'] | evidencia cultural/geográfica andina: ['peru', 'wari']",revision_prenda_iconografica_prioritaria,prenda Wari/Tiwanaku con posible valor iconográfico,,,,revisar_para_corpus_principal_o_secundario
314620,Four-Cornered Hat,Wari,,Textiles-Costumes,Hat,Camelid hair,https://www.metmuseum.org/art/collection/search/314620,https://images.metmuseum.org/CRDImages/ao/original/DP-29602-001.jpg,"clasificación contiene evidencia textil: ['textile', 'textiles'] | material contiene fibras o soporte textil: ['camelid'] | evidencia cultural/geográfica andina: ['peru', 'wari']",revision_prenda_iconografica_prioritaria,prenda Wari/Tiwanaku con posible valor iconográfico,,,,revisar_para_corpus_principal_o_secundario
316968,Four-Cornered Hat,Wari,,Textiles-Costumes,Hat,Camelid hair,https://www.metmuseum.org/art/collection/search/316968,https://images.metmuseum.org/CRDImages/ao/original/DP-29615-001.jpg,"clasificación contiene evidencia textil: ['textile', 'textiles'] | material contiene fibras o soporte textil: ['camelid'] | evidencia cultural/geográfica andina: ['peru', 'wari']",revision_prenda_iconografica_prioritaria,prenda Wari/Tiwanaku con posible valor iconográfico,,,,revisar_para_corpus_principal_o_secundario
316972,Four-Cornered Hat,Wari,,Textiles-Costumes,Hat,Camelid hair,https://www.metmuseum.org/art/collection/search/316972,https://images.metmuseum.org/CRDImages/ao/original/DP-29619-001.jpg,"clasificación contiene evidencia textil: ['textile', 'textiles'] | material contiene fibras o soporte textil: ['camelid'] | evidencia cultural/geográfica andina: ['peru', 'wari']",revision_prenda_iconografica_prioritaria,prenda Wari/Tiwanaku con posible valor iconográfico,,,,revisar_para_corpus_principal_o_secundario
316975,Four-Cornered Hat,Wari,,Textiles-Costumes,Hat,Camelid hair,https://www.metmuseum.org/art/collection/search/316975,https://images.metmuseum.org/CRDImages/ao/original/DP-29627-001.jpg,"clasificación contiene evidencia textil: ['textile', 'textiles'] | material contiene fibras o soporte textil: ['camelid'] | evidencia cultural/geográfica andina: ['peru', 'wari']",revision_prenda_iconografica_prioritaria,prenda Wari/Tiwanaku con posible valor iconográfico,,,,revisar_para_corpus_principal_o_secundario
316964,Four-Cornered Hat,Wari,,Textiles-Costumes,Hat,Camelid hair,https://www.metmuseum.org/art/collection/search/316964,https://images.metmuseum.org/CRDImages/ao/original/DP-29611-001.jpg,"clasificación contiene evidencia textil: ['textile', 'textiles'] | material contiene fibras o soporte textil: ['camelid'] | evidencia cultural/geográfica andina: ['peru', 'wari']",revision_prenda_iconografica_prioritaria,prenda Wari/Tiwanaku con posible valor iconográfico,,,,revisar_para_corpus_principal_o_secundario
316977,Four-Cornered Hat,Wari,,Textiles-Costumes,Hat,Camelid hair,https://www.metmuseum.org/art/collection/search/316977,https://images.metmuseum.org/CRDImages/ao/original/DP-29629-001.jpg,"clasificación contiene evidencia textil: ['textile', 'textiles'] | material contiene fibras o soporte textil: ['camelid'] | evidencia cultural/geográfica andina: ['peru', 'wari']",revision_prenda_iconografica_prioritaria,prenda Wari/Tiwanaku con posible valor iconográfico,,,,revisar_para_corpus_principal_o_secundario
316969,Four-Cornered Hat,Wari,,Textiles-Costumes,Hat,Camelid hair,https://www.metmuseum.org/art/collection/search/316969,https://images.metmuseum.org/CRDImages/ao/original/DP-29616-001.jpg,"clasificación contiene evidencia textil: ['textile', 'textiles'] | material contiene fibras o soporte textil: ['camelid'] | evidencia cultural/geográfica andina: ['peru', 'wari']",revision_prenda_iconografica_prioritaria,prenda Wari/Tiwanaku con posible valor iconográfico,,,,revisar_para_corpus_principal_o_secundario
316988,Four-Cornered Hat,Wari,,Textiles-Costumes,Hat,Camelid hair,https://www.metmuseum.org/art/collection/search/316988,https://images.metmuseum.org/CRDImages/ao/original/DP-29630-001.jpg,"clasificación contiene evidencia textil: ['textile', 'textiles'] | material contiene fibras o soporte textil: ['camelid'] | evidencia cultural/geográfica andina: ['wari']",revision_prenda_iconografica_prioritaria,prenda Wari/Tiwanaku con posible valor iconográfico,,,,revisar_para_corpus_principal_o_secundario
316976,Four-Cornered Hat,Wari,,Textiles-Costumes,Hat,Camelid hair,https://www.metmuseum.org/art/collection/search/316976,https://images.metmuseum.org/CRDImages/ao/original/DP-29628-001.jpg,"clasificación contiene evidencia textil: ['textile', 'textiles'] | material contiene fibras o soporte textil: ['camelid'] | evidencia cultural/geográfica andina: ['peru', 'wari']",revision_prenda_iconografica_prioritaria,prenda Wari/Tiwanaku con posible valor iconográfico,,,,revisar_para_corpus_principal_o_secundario
316971,Four-Cornered Hat,Wari,,Textiles-Costumes,Hat,Camelid hair,https://www.metmuseum.org/art/collection/search/316971,https://images.metmuseum.org/CRDImages/ao/original/DP-29618-001.jpg,"clasificación contiene evidencia textil: ['textile', 'textiles'] | material contiene fibras o soporte textil: ['camelid'] | evidencia cultural/geográfica andina: ['peru', 'wari']",revision_prenda_iconografica_prioritaria,prenda Wari/Tiwanaku con posible valor iconográfico,,,,revisar_para_corpus_principal_o_secundario
316967,Four-Cornered Hat,Wari,,Textiles-Costumes,Hat,Camelid hair,https://www.metmuseum.org/art/collection/search/316967,https://images.metmuseum.org/CRDImages/ao/original/DP-29614-001.jpg,"clasificación contiene evidencia textil: ['textile', 'textiles'] | material contiene fibras o soporte textil: ['camelid'] | evidencia cultural/geográfica andina: ['peru', 'wari']",revision_prenda_iconografica_prioritaria,prenda Wari/Tiwanaku con posible valor iconográfico,,,,revisar_para_corpus_principal_o_secundario
316974,Four-Cornered Hat,Wari,,Textiles-Costumes,Hat,Camelid hair,https://www.metmuseum.org/art/collection/search/316974,https://images.metmuseum.org/CRDImages/ao/original/DP-29626-001.jpg,"clasificación contiene evidencia textil: ['textile', 'textiles'] | material contiene fibras o soporte textil: ['camelid'] | evidencia cultural/geográfica andina: ['peru', 'wari']",revision_prenda_iconografica_prioritaria,prenda Wari/Tiwanaku con posible valor iconográfico,,,,revisar_para_corpus_principal_o_secundario
316973,Four-Cornered Hat,Wari,,Textiles-Costumes,Hat,Camelid hair,https://www.metmuseum.org/art/collection/search/316973,https://images.metmuseum.org/CRDImages/ao/original/DP-29620-001.jpg,"clasificación contiene evidencia textil: ['textile', 'textiles'] | material contiene fibras o soporte textil: ['camelid'] | evidencia cultural/geográfica andina: ['peru', 'wari']",revision_prenda_iconografica_prioritaria,prenda Wari/Tiwanaku con posible valor iconográfico,,,,revisar_para_corpus_principal_o_secundario
316343,Four-Cornered Hat,Wari,,Textiles-Costumes,Hat,Camelid hair,https://www.metmuseum.org/art/collection/search/316343,https://images.metmuseum.org/CRDImages/ao/original/DP-29625-001.jpg,"clasificación contiene evidencia textil: ['textile', 'textiles'] | material contiene fibras o soporte textil: ['camelid'] | evidencia cultural/geográfica andina: ['peru', 'wari']",revision_prenda_iconografica_prioritaria,prenda Wari/Tiwanaku con posible valor iconográfico,,,,revisar_para_corpus_principal_o_secundario
316341,Four-Cornered Hat,Wari,,Textiles-Costumes,Hat,Camelid hair,https://www.metmuseum.org/art/collection/search/316341,https://images.metmuseum.org/CRDImages/ao/original/DP-29623-001.jpg,"clasificación contiene evidencia textil: ['textile', 'textiles'] | material contiene fibras o soporte textil: ['camelid'] | evidencia cultural/geográfica andina: ['peru', 'wari']",revision_prenda_iconografica_prioritaria,prenda Wari/Tiwanaku con posible valor iconográfico,,,,revisar_para_corpus_principal_o_secundario
316340,Four-Cornered Hat,Wari,,Textiles-Costumes,Hat,Camelid hair,https://www.metmuseum.org/art/collection/search/316340,https://images.metmuseum.org/CRDImages/ao/original/DP-29622-001.jpg,"clasificación contiene evidencia textil: ['textile', 'textiles'] | material contiene fibras o soporte textil: ['camelid'] | evidencia cultural/geográfica andina: ['peru', 'wari']",revision_prenda_iconografica_prioritaria,prenda Wari/Tiwanaku con posible valor iconográfico,,,,revisar_para_corpus_principal_o_secundario
314622,Four-Cornered Hat,Wari,,Textiles-Costumes,Hat,Camelid hair,https://www.metmuseum.org/art/collection/search/314622,https://images.metmuseum.org/CRDImages/ao/original/DP-29603-001.jpg,"clasificación contiene evidencia textil: ['textile', 'textiles'] | material contiene fibras o soporte textil: ['camelid'] | evidencia cultural/geográfica andina: ['peru', 'wari']",revision_prenda_iconografica_prioritaria,prenda Wari/Tiwanaku con posible valor iconográfico,,,,revisar_para_corpus_principal_o_secundario
314624,Four-Cornered Hat,Wari,,Textiles-Costumes,Hat,Camelid hair,https://www.metmuseum.org/art/collection/search/314624,https://images.metmuseum.org/CRDImages/ao/original/DP-29605-001.jpg,"clasificación contiene evidencia textil: ['textile', 'textiles'] | material contiene fibras o soporte textil: ['camelid'] | evidencia cultural/geográfica andina: ['peru', 'wari']",revision_prenda_iconografica_prioritaria,prenda Wari/Tiwanaku con posible valor iconográfico,,,,revisar_para_corpus_principal_o_secundario
318746,Belt,Recuay,,Textiles-Woven,Belt,Camelid fiber,https://www.metmuseum.org/art/collection/search/318746,https://images.metmuseum.org/CRDImages/ao/original/2001.172_b.jpg,"clasificación contiene evidencia textil: ['textile', 'textiles'] | nombre de objeto contiene términos textiles: ['belt'] | material contiene fibras o soporte textil: ['camelid', 'fiber'] | título contiene términos textiles: ['belt'] | evidencia cultural/geográfica andina: ['peru']",revision_formato_longitudinal,formato longitudinal; revisar si aporta motivos útiles,,,,revisar_para_secundario_o_principal
312614,Tunic Section,Wari,,Textiles-Woven,Tunic fragment,"Camelid hair, cotton",https://www.metmuseum.org/art/collection/search/312614,https://images.metmuseum.org/CRDImages/ao/original/TP411.jpg,"clasificación contiene evidencia textil: ['textile', 'textiles'] | nombre de objeto contiene términos textiles: ['tunic'] | material contiene fibras o soporte textil: ['cotton', 'camelid'] | título contiene términos textiles: ['tunic'] | evidencia cultural/geográfica andina: ['peru', 'wari']",candidato_corpus_principal,pieza textil con superficie o composición potencialmente útil,,,,revisar_para_corpus_principal
310698,Headcloth,Chancay,,Textiles-Non-Woven,Headband,Cotton,https://www.metmuseum.org/art/collection/search/310698,https://images.metmuseum.org/CRDImages/ao/original/DP-26537-001.jpg,"clasificación contiene evidencia textil: ['textile', 'textiles'] | nombre de objeto contiene términos textiles: ['headband'] | material contiene fibras o soporte textil: ['cotton'] | título contiene términos textiles: ['cloth'] | evidencia cultural/geográfica andina: ['peru', 'chancay']",revision_formato_longitudinal,formato longitudinal; revisar si aporta motivos útiles,,,,revisar_para_secundario_o_principal
308283,Panel with Figures,Chancay,,Textiles-Woven,Textile fragment,"Cotton, paint",https://www.metmuseum.org/art/collection/search/308283,https://images.metmuseum.org/CRDImages/ao/original/DP221260.jpg,"clasificación contiene evidencia textil: ['textile', 'textiles'] | nombre de objeto contiene términos textiles: ['textile'] | material contiene fibras o soporte textil: ['cotton'] | título contiene términos débiles asociados a fragmentos o paneles: ['panel'] | evidencia cultural/geográfica andina: ['peru', 'chancay'] | título sugiere objeto no textil: ['figure']",candidato_corpus_principal,título indica pieza textil principal con superficie útil,,,,revisar_para_corpus_principal
310695,Openwork Headband,Chancay,,Textiles-Non-Woven,Headband,Cotton,https://www.metmuseum.org/art/collection/search/310695,https://images.metmuseum.org/CRDImages/ao/original/221102.jpg,"clasificación contiene evidencia textil: ['textile', 'textiles'] | nombre de objeto contiene términos textiles: ['headband'] | material contiene fibras o soporte textil: ['cotton'] | título contiene términos textiles: ['headband'] | título contiene términos débiles asociados a fragmentos o paneles: ['band'] | evidencia cultural/geográfica andina: ['peru', 'chancay']",revision_formato_longitudinal,formato longitudinal; revisar si aporta motivos útiles,,,,revisar_para_secundario_o_principal
310699,Openwork Headband,Chancay,,Textiles-Non-Woven,Headband,Cotton,https://www.metmuseum.org/art/collection/search/310699,https://images.metmuseum.org/CRDImages/ao/original/221106.jpg,"clasificación contiene evidencia textil: ['textile', 'textiles'] | nombre de objeto contiene términos textiles: ['headband'] | material contiene fibras o soporte textil: ['cotton'] | título contiene términos textiles: ['headband'] | título contiene términos débiles asociados a fragmentos o paneles: ['band'] | evidencia cultural/geográfica andina: ['peru', 'chancay']",revision_formato_longitudinal,formato longitudinal; revisar si aporta motivos útiles,,,,revisar_para_secundario_o_principal
310697,Openwork Headband,Chancay,,Textiles-Non-Woven,Headband,Cotton,https://www.metmuseum.org/art/collection/search/310697,https://images.metmuseum.org/CRDImages/ao/original/221104.jpg,"clasificación contiene evidencia textil: ['textile', 'textiles'] | nombre de objeto contiene términos textiles: ['headband'] | material contiene fibras o soporte textil: ['cotton'] | título contiene términos textiles: ['headband'] | título contiene términos débiles asociados a fragmentos o paneles: ['band'] | evidencia cultural/geográfica andina: ['peru', 'chancay']",revision_formato_longitudinal,formato longitudinal; revisar si aporta motivos útiles,,,,revisar_para_secundario_o_principal
313135,Openwork Headband,Chancay,,Textiles-Costumes,Headband fragment,Cotton,https://www.metmuseum.org/art/collection/search/313135,https://images.metmuseum.org/CRDImages/ao/original/222466.jpg,"clasificación contiene evidencia textil: ['textile', 'textiles'] | nombre de objeto contiene términos textiles: ['headband'] | material contiene fibras o soporte textil: ['cotton'] | título contiene términos textiles: ['headband'] | título contiene términos débiles asociados a fragmentos o paneles: ['band'] | evidencia cultural/geográfica andina: ['peru', 'chancay']",candidato_corpus_principal,fragmento textil potencialmente útil; requiere revisión visual,,,,revisar_para_corpus_principal
312669,Panel,Chancay,,Textiles-Woven,Panel,"Cotton, paint",https://www.metmuseum.org/art/collection/search/312669,https://images.metmuseum.org/CRDImages/ao/original/1979_206_459_EX_01.jpg,"clasificación contiene evidencia textil: ['textile', 'textiles'] | material contiene fibras o soporte textil: ['cotton'] | título contiene términos débiles asociados a fragmentos o paneles: ['panel'] | evidencia cultural/geográfica andina: ['peru', 'chancay']",candidato_corpus_principal,pieza textil con superficie o composición potencialmente útil,,,,revisar_para_corpus_principal
310059,Painted Woven Panel,Chancay,,Textiles-Woven,Panel,"Cotton, paint",https://www.metmuseum.org/art/collection/search/310059,https://images.metmuseum.org/CRDImages/ao/original/vs1978_412_13.jpg,"clasificación contiene evidencia textil: ['textile', 'textiles'] | material contiene fibras o soporte textil: ['cotton'] | título contiene términos textiles: ['woven'] | título contiene términos débiles asociados a fragmentos o paneles: ['panel'] | evidencia cultural/geográfica andina: ['peru', 'chancay']",candidato_corpus_principal,pieza textil con superficie o composición potencialmente útil,,,,revisar_para_corpus_principal
307943,Fragment,Chancay,,Textiles-Woven,Fragment,"Camelid hair, cotton",https://www.metmuseum.org/art/collection/search/307943,https://images.metmuseum.org/CRDImages/ao/original/DP101351.jpg,"clasificación contiene evidencia textil: ['textile', 'textiles'] | material contiene fibras o soporte textil: ['cotton', 'camelid'] | título contiene términos débiles asociados a fragmentos o paneles: ['fragment'] | evidencia cultural/geográfica andina: ['peru', 'chancay']",candidato_corpus_principal,fragmento textil potencialmente útil; requiere revisión visual,,,,revisar_para_corpus_principal
307940,Fragment,Chancay,,Textiles-Woven,Textile fragment,"Camelid hair, cotton",https://www.metmuseum.org/art/collection/search/307940,https://images.metmuseum.org/CRDImages/ao/original/72153.jpg,"clasificación contiene evidencia textil: ['textile', 'textiles'] | nombre de objeto contiene términos textiles: ['textile'] | material contiene fibras o soporte textil: ['cotton', 'camelid'] | título contiene términos débiles asociados a fragmentos o paneles: ['fragment'] | evidencia cultural/geográfica andina: ['peru', 'chancay']",candidato_corpus_principal,fragmento textil potencialmente útil; requiere revisión visual,,,,revisar_para_corpus_principal
308290,Fragment,Chancay,,Textiles-Woven,Panel,"Cotton, camelid hair",https://www.metmuseum.org/art/collection/search/308290,https://images.metmuseum.org/CRDImages/ao/original/175775.jpg,"clasificación contiene evidencia textil: ['textile', 'textiles'] | material contiene fibras o soporte textil: ['cotton', 'camelid'] | título contiene términos débiles asociados a fragmentos o paneles: ['fragment'] | evidencia cultural/geográfica andina: ['peru', 'chancay']",candidato_corpus_principal,pieza textil con superficie o composición potencialmente útil,,,,revisar_para_corpus_principal
307806,Tapestry Border Fragment with Tab Fringes,Chancay,,Textiles-Woven,Border fragment,"Camelid hair, cotton",https://www.metmuseum.org/art/collection/search/307806,https://images.metmuseum.org/CRDImages/ao/original/vs09_50_1085.jpg,"clasificación contiene evidencia textil: ['textile', 'textiles'] | material contiene fibras o soporte textil: ['cotton', 'camelid'] | título contiene términos textiles: ['tapestry'] | título contiene términos débiles asociados a fragmentos o paneles: ['fragment', 'border'] | evidencia cultural/geográfica andina: ['peru', 'chancay']",candidato_corpus_principal,fragmento textil potencialmente útil; requiere revisión visual,,,,revisar_para_corpus_principal
313121,Panel,Chancay,,Textiles-Woven,Panel,"Cotton, camelid hair",https://www.metmuseum.org/art/collection/search/313121,https://images.metmuseum.org/CRDImages/ao/original/222448.jpg,"clasificación contiene evidencia textil: ['textile', 'textiles'] | material contiene fibras o soporte textil: ['cotton', 'camelid'] | título contiene términos débiles asociados a fragmentos o paneles: ['panel'] | evidencia cultural/geográfica andina: ['peru', 'chancay']",candidato_corpus_principal,pieza textil con superficie o composición potencialmente útil,,,,revisar_para_corpus_principal
